集,条文数,年龄,吉凶断词
子集,1001,47,一树残花，有枝复茂。
子集,1002,,寄人廊庙，何如自立门户。
子集,1003,,家业消耗，独守为难。
子集,1004,21，22,苦雨连宵，行人为难。
子集,1005,11，12,日照纱窗紫艳明，柳阴枝上报新春。
子集,1006,63，64,家室亨通，心安意稳。
子集,1007,35，36,有意外之虞，含哺而笑。
子集,1008,29，30,得人轻借力，便是运通时。
子集,1009,,卜君之寿，未满六旬。
子集,1010,41，42,时亨运又通，镇日笑春风。
子集,1011,37,元贞无咎，固之所宜。
子集,1012,17，18,荣受职任，定在此年。
子集,1013,51，52,半夜西风，晚开霁色。
子集,1014,19，20,斯年头带白，难免孝孤忧。
子集,1015,,为人不实，指东话西。
子集,1016,,正妻无子，副妻有儿。
子集,1017,17，18,名登痒序，弓马入泮。
子集,1018,19,亲近贵人，不有饶益。
子集,1019,20,荣任职务，此年大幸。
子集,1020,27，28,运未至时，未可施为。
子集,1021,30,乾元用九，动而有成。
子集,1022,,能刚断而往事，决不类流俗。
子集,1023,35，36,无端生非，破财难免。
子集,1024,,偏房不结子，正室产麟儿。
子集,1025,27，28,暖到春回日，百花正及时。
子集,1026,52,中流行舟，仔细掌舵。
子集,1027,43，44,平康正直，问利有余。
子集,1028,21,名登痒序，身赴儒林。
子集,1029,25，26,日到中天，何期云雾掩其光。
子集,1030,15，16,小运既通，所为稍利顺。
子集,1031,40,年当大有，富丽时光。
子集,1032,19,生平功名遂，辟雍得荣身。
子集,1033,65，66,路旁之处见山坡，前有长须挈杖扶。
子集,1034,40,不得失却前程在，财散免灾病中苦。
子集,1035,55,拖泥带水，征途崎岖。
子集,1036,54,母赴瑶池，三年泣血。
子集,1037,,命薄不由人，一世奔波苦劳心。
子集,1038,52，53,人和安乐，价值千金。
子集,1039,59，60,平安年吉，人乐尧天。
子集,1040,33，34,镜中之花，只可对玩。
子集,1041,53，54,人事从容，所为顺利。
子集,1042,17，18,功名成就，国学名香。
子集,1043,,托祖宗之德，初授百总之职。
子集,1044,48,不辛数尽。
子集,1045,55，56,一曰元亨，再曰利贞。
子集,1046,,命带大凶，妄想无本全利难。
子集,1047,35，36,官拜运司而致任。
子集,1048,,妻生一子，妾亦如之。
子集,1049,39,夫妻应偕老，数注半路各分离。
子集,1050,22,持弓欲射虎，无奈虎负隅。
子集,1051,45，46,移花接木，艰难培植。
子集,1052,21，22,蛟龙困于渊，未可再施为。
子集,1053,,数有一子送老。
子集,1054,51，52,流年运不通，冷落晚风来。
子集,1055,67，68,月到云边，其光掩蔽。
子集,1056,23，24,水流花落，事总难施。
子集,1057,27，28,黄金埋土，未得使用。
子集,1058,56,深山有伏蛇，行人须仔细。
子集,1059,,操江之任，立送屈原。
子集,1060,15，16,人有支离，不如守拙。
子集,1061,43，44,一字君记卜之曰守。
子集,1062,59,李陵误入太后国，高筑云台丰溪忧。
子集,1063,51,生子之年。
子集,1064,29，30,束身修德，自无蹇难之虞。
子集,1065,41，42,拂度菱花垢，静而光自现。
子集,1066,35，36,和气景象，人有乐意。
子集,1067,,绛帐橘泉名列客，不是儒林即杏林。
子集,1068,23，24,鸟囿于樊笼，神旺而不喜。
子集,1069,45，46,钦命典试。
子集,1070,33，34,高山流水，幸有佳音。
子集,1071,31，32,良骥无差，未受如人之利。
子集,1072,39，40,流年至此，事顺安吉。
子集,1073,21，22,犬生两口，请君详之。
子集,1074,60,言公接踵迟，囹圄之叹惜。
子集,1075,35,风云际会功名遂，姓字沾恩雨露深。
子集,1076,,生吝才愚，一毛不拔。
子集,1077,33，34,花柳如絮，春乐宜人。
子集,1078,37，38,行乐度流年，万事得安然。
子集,1079,,湘江游遍，衣食仅足。
子集,1080,61，62,荒江叶乱露初冷，独掉孤舟夜上流。
子集,1081,13，14,婚姻早临，天喜当头。
子集,1082,21，22,先培根本，枝叶畅茂。
子集,1083,,其人品自宏，深衿怀安乐。
子集,1084,,风钦通神人共仰，伏遇提携与成家。
子集,1085,52，53,清间薄利与微名，做个都市卖卜人。
子集,1086,43，44,万恨千愁，一朝尽释。
子集,1087,33,一曰吉利，再曰亨通。
子集,1088,45，46,告君记四字：待兔守株。
子集,1089,19，20,草色逢春，始发萌芽。
子集,1090,47，48,流年顾利，何事可为。
子集,1091,43，44,时哉时哉，力图大用。
子集,1092,,耿介独立，名之曰辟。
子集,1093,75，76,平安二字，亨用之时。
子集,1094,64,泰山秃梁木，坏天丧斯文。
子集,1095,59，60,吉人偕同行，牵引无颠陷。
子集,1096,73，74,光天化日，可以勇为。
子集,1097,65，66,大道乐尧天，天佑吉利人。
子集,1098,77,恶曜攻身，须防危险。
子集,1099,,倜倘之才，终须小试。
子集,1100,59，60,人事如愿囊中有，余钱仓中有余粟。
子集,1101,,临渊羡鱼，不如退而结网。
子集,1102,,五彩绳牵月老话，画眉京兆许张郎。
子集,1103,20,奔走重山，生计他乡可兴发。
子集,1104,,架上有书堪教子，囊中无物不生财。
子集,1105,55，56,只令统指犹未得；相安无事。
子集,1106,35，36,春色侵入，韶光明媚。
子集,1107,37，38,险象横生，大难不死。
子集,1108,29，30,颠沛无常，见闻多闷。
子集,1109,67，68,六十有七，不觉文星殒矣。
子集,1110,87,数定按台宫，至临察御史。
子集,1111,23,如履虎尾，翼翼小心。
子集,1112,,金匮相扶，喜气频频而至。
子集,1113,41，42,大理为九寺之职，守三章约法之重。
子集,1114,53，54,斯年四个宇，自在安乐。
子集,1115,57，58,关山函谷鸡鸣早，冯缓西秦贺孟堂。
子集,1116,,妻生二子，妾亦如之。
子集,1117,23，24,见机而作，可以无患。
子集,1118,21，22,江边风雨滩头急，钓得鱼来失却钩。
子集,1119,61,绿暗红稀春色老，即随流水去不归。
子集,1120,,金章颁北阙，广棘寺深思。
子集,1121,17，18,斯年就有，孝服之忧。
子集,1122,,妻生二子，妾生二儿。
子集,1123,49，50,子陵钓于富春江，悠然自得。
子集,1124,57，58,六阴之象，事不安宁。
子集,1125,29，30,云连山径，树色模糊。
子集,1126,20,父死之年，人子不幸。
子集,1127,,数有偏祜，妻生翳目。
子集,1128,45，46,数定明刑宫，至大理寺卿副省级）。
子集,1129,49，50,鸟得其所，饮啄自如。
子集,1130,,中秋月色，分外光明。
子集,1131,55，56,知己论心解，我心傲重喜。
子集,1132,43，44,马遇康庄，可以驰驱。
子集,1133,,命带暗疾，一目不明。
子集,1134,13，14,鸦鹊同行，吉凶自分。
子集,1135,37，38,微雨洒暗天，正恼人时候。
子集,1136,63，64,谢安选胜东山，终日饮酒。
子集,1137,,妻生二子，妾生一儿。
子集,1138,69，70,玉洞桃花，锦绣炫目。
子集,1139,,无兄只一弟，庶母而生。
子集,1140,23，24,风散云收，月色千里。
子集,1141,49，50,逆旅穷途，得一知己喜洋洋。
子集,1142,21，22,门中交争，分明破财。
子集,1143,56,未能长驱，车脱其轮。
子集,1144,33，34,日落西沉，人在暗中行。
子集,1145,39，40,走过他乡，茫然无处归宿。
子集,1146,,为人多性良，一生无大患。
子集,1147,,圣武恢张四海安，皇恩远庇九州庆。
子集,1148,17，18,青春柳眼眉，春光美十分。
子集,1149,57,幸得室家欢聚，阴阳有鬼主刑妻。
子集,1150,63，64,夕阳西下，一片彩霞。
子集,1151,,生涯惟有几行书，常伴青毡度岁时。
子集,1152,25，26,好运正当兴，玉出荆山色自明。
子集,1153,57，58,财源恩星，从此而曜。
子集,1154,41，42,事积如麻，且招其祸。
子集,1155,51，52,丰年穰穰，衣食饶裕。
子集,1156,,不山不水问渔樵，踪迹无常谓子虚。
子集,1157,35，36,阳春布暖，天气晴明。
子集,1158,81，82,日昃之离，鼓缶而歌。
子集,1159,33，34,美玉无瑕玷，晴天细雨飞。
子集,1160,23，24,南楼花影度栏杆，寂寞柴门夜色寒。
子集,1161,,托祖宗庇护，甘心守法律。
子集,1162,27，28,蔽日烟尘，行道塞滞。
子集,1163,19，20,盘根错节之时，坚持利器。
子集,1164,55，56,东西南北，处处有逢迎。
子集,1165,51，52,小小经营成家富，微微立业创成基。
子集,1166,,有正已格物之风，笃人臣事君之义。
子集,1167,35，36,花发上林，锦乡夺目。
子集,1168,41，42,披剪荆棘，为力之难。
子集,1169,45，46,谋定无忧，贵人点头。
子集,1170,58,耳顺欠二年，椿庭入黄泉。
子集,1171,52,蓝关雪拥，马不能前。
子集,1172,57，58,寒窗飞暗雨，万事系人怀。
子集,1173,37，38,鸟栖于树，绿阴正长。
子集,1174,3940,尘封宝镜，晦滞之中应有份。
子集,1175,26,杨花滚雪，北国风光。
子集,1176,31,江州司马多情，青衫泪湿沾衣。
子集,1177,53，54,无意之中得意，有意之中失意。
子集,1178,51，52,小往大来，诸吉悉至。
子集,1179,,眼目不明，前生所定。
子集,1180,53，54,波纹初定，微风水面劲吹来。
子集,1181,27，28,福兮祸所倚，祸兮福所伏。
子集,1182,59，60,灾星相侵，大小不宁。
子集,1183,57,进之未安，退之不可。
子集,1184,33，34,时有寒冷，坚冰未解。
子集,1185,33，34,一叶扁舟载明月，芦花两岸水盈盈。
子集,1186,41，42,内有明谋，幸得贵人解脱。
子集,1187,41，42,扫净风烟光会见，无名带励栋梁材。
子集,1188,63，64,鱼游春水，洋洋而纵。
子集,1189,17,母赴瑶池，三年泣血。
子集,1190,59，60,薏苡被谤，可以思瑕。
子集,1191,39，40,舍近求远，劳而无功。
子集,1192,11，12,人面春风，融融乐意。
子集,1193,69，70,太白饮窗下，快乐自足意。
子集,1194,,兄弟三人，同父不同母。
子集,1195,19，20,国学名成，光耀其身。
子集,1196,31,国学荣身，见于此年。
子集,1197,22,海棠初带雨，红泪点栏杆。
子集,1198,25,门前榆柳已成蹊，绿映王孙衬马蹄。
子集,1199,14,丧门相照，防有哭泣之哀。
子集,1200,,田宅竟相争，兄弟转成仇。
子集,1201,79，80,春水乐流，付之往事。
子集,1202,31,杏花深处里，折取一枝来。
子集,1203,48,此岁相亲遇贵人，北山猿笑易成人。
子集,1204,79,幸得贤郎成鼎志，晚来亨福乐余年。
子集,1205,25,柳絮初晴，珠帘点雪。
子集,1206,77，78,作事漫停，重云蔽日闷沉沉。
子集,1207,,双生之子，一死一生。
子集,1208,31，32,衣食最艰辛，生涯猛浪度青春。
子集,1209,,福履绥之，子孙昌吉。
子集,1210,23，24,和风日暖，俄然风起雷声。
子集,1211,29，30,鬼伏床头，飞灾相触。
子集,1212,,一生维绍福且隆，安然享福保其终。
子集,1213,18，19,路旁梅花，杨妃之美。
子集,1214,67，68,南山松柏，岁寒之赠。
子集,1215,27，28,太阳东升，阴气渐消。
子集,1216,49，50,病符相照，势如黄叶迎风。
子集,1217,50,赤兔黑鸟，室家有忌。
子集,1218,47，48,忠厚待人，人偏相侮。
子集,1219,,一生近贵，名利皆有。
子集,1220,20,数该生子。
子集,1221,13，14,壮志步青云，幼年为寒士。
子集,1222,21,行到此年，数已尽矣。
子集,1223,59，60,幽闲无事纳祯祥，几朵梅花扑鼻香。
子集,1224,,知君寿数高，一百还有余。
子集,1225,27，28,喜之未安，忧之又随。
子集,1226,19，20,福自天来事，为求而自合。
子集,1227,29,掘井九轫，而不及泉。
子集,1228,,立世刚而好古，一言逆而不容。
子集,1229,27，28,临风回首，揽辔三叹。
子集,1230,55，56,凶神夹党，居安思危。
子集,1231,47，48,行走有力，凿路可通。
子集,1232,,湘江雁阵，一只先投入网。
子集,1233,65，66,杨柳渐逢春色暖，松柏不怕雪霜寒。
子集,1234,,辛苦经商，途中遇雨贵人扶。
子集,1235,31，32,六害三刑命相触，头男长女须防哭。
子集,1236,15，16,少年吉利，中途蹉跎。
子集,1237,51,莫游盘盂中，不正自苟合。
子集,1238,,兄在东，弟在西。
子集,1239,35，36,流年顺境，家室胥庆。
子集,1240,47，48,一周无过，流年顺遂。
子集,1241,33，34,月照楼台，怡时行乐。
子集,1242,,临事慷慨，喜气融和。
子集,1243,23，24,行迈靡靡，载驰载驱。
子集,1244,,三党情疏，六亲意绝。
子集,1245,85，86,黄花开遍，晚节有荣。
子集,1246,,走遍他乡，难逢知己。
子集,1247,13，14,春风入户，棠梨上苔。
子集,1248,51，52,丰年可乐业，穗足断无忧。
子集,1249,21,枕席之畔，不测哭来。
子集,1250,,湘江雁阵，二只先伤。
子集,1251,49，50,四子送老，皆庶所出。
子集,1252,37,贵人指引在重山，重山之外得黄金。
子集,1253,,湘江雁阵，三只先伤。
子集,1254,,生涯半世一虚名，奔走徒劳费精神。
子集,1255,47，48,别境鸟啼，益我岑寂。
子集,1256,51，52,腐草之余，复荣之茂。
子集,1257,,湘江雁阵，四只先伤。
子集,1258,69，70,抱子挈足，优游而多福。
子集,1259,31，32,其子再来相遇，直遭横祸。
子集,1260,53，54,授任之年。
子集,1261,57，58,催官星拱照，恩自九重来。
子集,1262,23，24,其年运自亨，雨润春花见清明。
子集,1263,69,老年生子，人之大幸。
子集,1264,59，60,拥炉围火，暖气熏人。
子集,1265,,此年灾祸，艰难又忧心。
子集,1266,,乾龙伟度，奎壁奇姿。
子集,1267,29，30,悲似喜，喜似悲。
子集,1268,85，86,寒暖无常，留心动静。
子集,1269,,勿以有女见嫌，数中原无子息。
子集,1270,,梦之未醒，尚在颠倒他乡。
子集,1271,26，27,一阳初动，梅花几点绽寒头。
子集,1272,29，30,人事称心，图谋得合。
子集,1273,57,乡科及第。
子集,1274,27，28,荣身之年。
子集,1275,,汉子于无声，君子展大成。
子集,1276,,湘江雁阵，五只先伤。
子集,1277,31，32,贯索相寻，是非有日。
子集,1278,65,谋事得合。
子集,1279,,反被小利相缠，终身不得扬眉。
子集,1280,53，54,点灯当中，以抓其烟。
子集,1281,,生不逢时，壮士几经挫折。
子集,1282,40,陆地行舟，枉费心机。
子集,1283,,一生几成几败，幸余筋骨。
子集,1284,56,大数已停，一樽美酒送行程。
子集,1285,,五更鸡鸣早，姓字达天聪。
子集,1286,55，56,涸泽鲋鱼，涵咏升斗之水。
子集,1287,31，32,室中伏火猪，噬鼠而能焰。
子集,1288,31，32,千里之才，终朝一遇。
子集,1289,45，46,淡然守固，不以得失动心。
子集,1290,,和悦处众，内外皆称。
子集,1291,61,流年不宁，父死泪沾襟。
子集,1292,37,高山虎威，君子得志之时。
子集,1293,45，46,斯年灾星难免，幸得阴功可保。
子集,1294,33，34,白玉投于泥沙，未得圭璋之选。
子集,1295,69，70,浮云到此，其光渐掩。
子集,1296,49，50,仕途恐有变，举止当谨慎。
子集,1297,,能酒能诗兴最谊，将来事业付儿曹。
子集,1298,,狼狈一生，名利无成。
子集,1299,67,事业重关锁，进退两无可。
子集,1300,,虽得祖业，中途消耗。
子集,1301,71,数该生子，天赐老人。
子集,1302,,奴仆成行，前生所生。
子集,1303,41，42,其年该破财，官非口舌逼人来。
子集,1304,,非儒又非吏，浪迹为活计。
子集,1305,17，18,恁高之外有惊恐，得个贵人来指导。
子集,1306,23，24,山风转过，尚有岐途。
子集,1307,23，24,踪迹莫蹉跎，攸往可如非。
子集,1308,,奴婢成行，其人有缘。
子集,1309,,贵人提挈，必成大器。
子集,1310,23,孝服之忧，阖门哭也。
子集,1311,,身入宫门，可以谋食。
子集,1312,39，40,朝东暮西，年来辛苦强支持。
子集,1313,,老于鸡夜下，白手费吟哦。
子集,1314,49,仕途变幻，流年不宁。
子集,1315,79，80,数有五子，送老一枝。
子集,1316,,学多成少，心杂不一。
子集,1317,36，37,大运转生，福来无地。
子集,1318,,傍贵成家，触贵祸侵。
子集,1319,43，44,病符相照，切忌淫灾。
子集,1320,27，28,阳和美景，春色逼人。
子集,1321,35，36,到处交情容易报，春风车马易追求。
子集,1322,,不为梁上君子，定做牖下小人
子集,1323,47，48,智术能巧，弄巧反成拙。
子集,1324,49，50,羞涩一文钱，巴巴结结度流年。
子集,1325,37，38,文运亨通，其人锦程。
子集,1326,,人情好合，偏于疏处得相亲。
子集,1327,47，48,踪迹若浮萍，动止总无定。
子集,1328,,财星到命，数注成家皆兴隆。
子集,1329,55，56,一片江帆，千里暮云。
子集,1330,4，5,四岁有灾，饮食慎重。
子集,1331,,终身飘荡恨无家，牛背羊头日转斜。
子集,1332,35，36,花开不结子，风雨又相催。
子集,1333,31，32,生不逢时何所为，进退艰难多徘徊。
子集,1334,,动辄有诽谤，不合于斯世。
子集,1335,25，26,天生聪明，过目不忘。
子集,1336,50，51,文章观上国，应知帝座彻金莲。
子集,1337,,从政孚民，万姓讴歌。
子集,1338,27，28,一妻一妾又一妻，三度见佳期。
子集,1339,,根基无定，早年风卷杨花。
子集,1340,47，48,慎之慎之，是非难免。
子集,1341,20,禹门雷风动，波浪起龙吟。
子集,1342,63，64,一点灯花报喜来，游人骑马到阳台。
子集,1343,51，52,紫微星照，特开敕命之荣。
子集,1344,,头面有亏，前生孽报。
子集,1345,90,血刃交回，脓疮之灾。
子集,1346,87，88,云破月生光，还被云遮掩。
子集,1347,55，56,凶神相见欺，吉神相扶持。
子集,1348,,贵显高门，祖宗遗阴。
子集,1349,29，30,花将开时雨，水炉纵荣而不茂。
子集,1350,55，56,名进黉门，半甘半苦度平生。
子集,1351,,名进黉门，半甘半苦于乡井。
子集,1352,,积多金于子孙，不如积德以延寿。
子集,1353,39，40,深谋远虑，多作敢为。
子集,1354,,早丧严慈可奈何，蓼莪三复泪滂沱。
子集,1355,49,天地罗网，切忌横飞之灾。
子集,1356,,历尽辛苦，六亲骨肉总无缘。
子集,1357,58,龙吟虎啸，大魁天下。
子集,1358,47，48,暮否朝泰，生计无恁。
子集,1359,17，18,庭前芳草正萋萋，一夜风霜花色萎。
子集,1360,,功名蹭蹬，见犬吐气。
子集,1361,39,半夜残灯，鬼怪现形。
子集,1362,1,一周二岁有关津，病晦相侵有一惊。
子集,1363,27，28,桃子争妍，春风峭寒。
子集,1364,62,风折椿枝，三年泣血。
子集,1365,33，34,秦楚不和，兵连祸结。
子集,1366,41,乡科及第。
子集,1367,52,周道如砥可，无争挫之虞。
子集,1368,68,深山大泽有伏蛇，吩咐行人心仔细。
子集,1369,,终身奔驰，财源耗去。
子集,1370,35，36,鸡鸣山谷，接踵高飞。
子集,1371,,不作生涯不耕田，还从笔里度流年。
子集,1372,31,花际阳春争秀色，人逢美景益精神。
子集,1373,55，56,际遇蹉跎莫问天，还从笔里度流年。
子集,1374,37，38,薏茨被谤，不可不退。
子集,1375,24,三春柳絮，风惨西堂。
子集,1376,59，60,一步一回头，恐有差错事。
子集,1377,,命有三子，得以送终。
子集,1378,57，58,家室未有安，两眉正交操。
子集,1379,27，28,祸患不可测，不但人嗔且有鬼。
子集,1380,,妻早子早，人生最妙。
子集,1381,75，76,客阻关山，寂莫风雨。
子集,1382,,水年招妻，前生注定。
子集,1383,102,世上难逢百岁人，如今在岁有二春。
子集,1384,,雁阵同飞，突然失去五只。
子集,1385,65，66,囊中有物宜收拾，暗有群邪合伴谋。
子集,1386,18,人事缓相求，黄河水逆流。
子集,1387,57，58,月转西边五更天，子规啼处不堪闻。
子集,1388,,巩上下两江锁钥，奠东南半壁金汤。
子集,1389,41，42,人事纷纷，鹊噪鸦呜。
子集,1390,17，18,晓烟遮柳，远近瞑朦。
子集,1391,,真假六子，四子送老。
子集,1392,,疾风暴雨，倾墙及室。
子集,1393,,真假五子，三子送老。
子集,1394,63，64,劳劳碌碌流年，已得安闲日又偏。
子集,1395,43，44,山坡曲径处，到处有人家。
子集,1396,35，36,南山风雨过，烦热消除爽气来。
子集,1397,31，32,眉头交蹙，心事不足。
子集,1398,,以贡授职，荣禄高迁。
子集,1399,,数定三分贵，恩奉九重来。
子集,1400,,长途踯躅，朝入燕来暮入秦。
子集,1401,47，48,一村又一村，前村未有可停骖。
子集,1402,35，36,灾星相侵，门庭闹乱。
子集,1403,25，26,筑之东墙，倾之西壁。
子集,1404,,数有偏枯，妻目不明。
子集,1405,33，34,思患预防，乃克有济。
子集,1406,53，54,买臣贡薪而行歌，其才干未可试着。
子集,1407,23，24,水穷之处，坐看云生。
子集,1408,47，48,太仓之粟，鼠雀耗之。
子集,1409,21，22,不入泮林，定列辟雍。
子集,1410,27，28,科名显达，定列文扬。
子集,1411,39，40,官非相侵，闭户难禁。
子集,1412,55，56,五湖水顺流，水顺好行舟。
子集,1413,47，48,财帛陡发，勃不可遏。
子集,1414,65，66,一门和气霭阳春，祥光拱户几色云。
子集,1415,42,数该生子。
子集,1416,,妇性仁慈，助夫益子。
子集,1417,87，88,粪土之墙强涂朱，外面光华内里腐。
子集,1418,63，64,少乐多忧，长处不足。
子集,1419,41，42,祸患逼人，幸人解神。
子集,1420,85，86,桑榆晚景，常享安舒。
子集,1421,28,一举冠群英，名著当今殊。
子集,1422,40,聚散无常，浮云飘荡。
子集,1423,77，78,栏翠金钗十二行，金田良土福无疆。
子集,1424,,徒弟二人，一人送老。
子集,1425,63，64,沟渠淤港，冲起流通。
子集,1426,27，28,梅花几片苦为情，梦断孤山起土魂。
子集,1427,53，54,入于幽谷，进而倍暗。
子集,1428,28,牡丹正当好时节，鹿鸣宴上又簪花。
子集,1429,,傲物气高，顺下逆上。
子集,1430,52,数该生子。
子集,1431,89，90,黄菊东篱正色芳，俄然二朵层秋霜。
子集,1432,,晨昏相伴休中道，乐得清闲一位禅。
子集,1433,39，40,枯雨得雨，勃然而兴。
子集,1434,70,古稀荣任，天发善人。
子集,1435,49，50,七里滩头一钓翁，几经苦雨几经风。
子集,1436,11，12,荷叶荡荡圆，圆后碎复圆
子集,1437,,妻子皆早，人生大幸。
子集,1438,57，58,功允不退，被之戮辱。
子集,1439,49，50,舟在中流，帆桅顺风转悠悠。
子集,1440,35，36,好梦初醒，报喜报晴。
子集,1441,,其人之亡，定在三月。
子集,1442,47，48,子规啼血楼，头鼓打三更。
子集,1443,37，38,谋事乖离，东转西驰。
子集,1444,,兄弟十人，数有五贵。
子集,1445,65，66,一轮红日下西山，远出主人尚未还。
子集,1446,49，50,马首载辔，驰骤千里。
子集,1447,27，28,杨花成阵阵，点点着人衣。
子集,1448,29,明月转东楼，朱衣暗点头。
子集,1449,75，76,崎岖已应历，今已见亨通。
子集,1450,55，56,千里暮云路，迢迢莫问津。
子集,1451,50,好花枝落，结子篱边。
子集,1452,5,命当短促，徒增父母之悲。
子集,1453,,荫祖父基业，不止而守成。
子集,1454,,麟儿生下，无刑克之伤。
子集,1455,51，52,三径黄花落，渊明解印时。
子集,1456,23，24,黄鸟出谷，已迁乔木。
子集,1457,43，44,懿哉荫泽之博施。
子集,1458,,少年壮而老，总无安闲心。
子集,1459,,心性虽急而无毒。
子集,1460,65，66,东风入画堂，和气生满室。
子集,1461,,品优性温，事难决断。
子集,1462,56,花色更新，春色几时。
子集,1463,41,几番雨打柳花球，一阵风吹上舞楼。
子集,1464,81,月照楼台，及时行乐。
子集,1465,25，26,愁愁闷闷，多少离人恨。
子集,1466,,性急而雄躁，扶弱而抑强。
子集,1467,,兄弟三人，先损其二。
子集,1468,61,日照桑榆，犹足三千里。
子集,1469,45，46,晦气侵入，朦胧度日。
子集,1470,63，64,步步回头，坎坷已过。
子集,1471,17，18,犹之复喜，得意失意。
子集,1472,,少壮而老，发愤无穷。
子集,1473,,大数已到，发福无穷。
子集,1474,41，42,蓉菊初开，晚霞始落。
子集,1475,,兄弟三人，数有一贵。
子集,1476,50,家室康宁，流年之庆。
子集,1477,,莫嫌花色淡，黄花晚节香。
子集,1478,21，22,柳岸花飞春欲尽，愁人寂寞倚栏杆。
子集,1479,,数至太史官，至修撰东迁。
子集,1480,23，24,始舍圉圉，因而未纵。
子集,1481,17，18,既乘其时，可以有为。
子集,1482,,经营湖海，仅值千金。
子集,1483,,兄弟四人，三死非命。
子集,1484,11,欲是高楼未有梯，不能举步上扳跻。
子集,1485,55，56,路当坦途，可以安步。
子集,1486,59,花开尽矣。
子集,1487,,杀重身轻，须延其寿。
子集,1488,,妾生三子，妻生一儿。
子集,1489,19,沙边鸥鸟，相依忘仇。
子集,1490,,鸾坡视草官，至侍读荣身。
子集,1491,21，22,利见大人，无往不利。
子集,1492,,手中持拮据，争奈不求人。
子集,1493,35，36,且将心事付诸虚，纵有强梁不用忧。
子集,1494,41，42,其年有刑，丧骨肉叹凄凉。
子集,1495,61，62,老年丧子，人生不幸。
子集,1496,67，68,东篱黄菊正芬芳，相看白衣送酒归。
子集,1497,14,根浅风狂，树将吹倒。
子集,1498,45，46,班师皆相庆，人民诵西平。
子集,1499,,兄弟三人，数奏几般音。
子集,1500,,枯木逢春，岁月峥嵘。
子集,1501,47，48,钦命典试。
子集,1502,,兄弟七人，数有三贵。
子集,1503,45，46,道路崎岖，行人不辨东西。
子集,1504,,早运沉淹志未伸，纵然才大也难成。
子集,1505,,春花开时锦绣丛，风月晴和人意浓。
子集,1506,47,其年孝孤，蹙在眉头。
子集,1507,45,鬼伏前途，朝暮仔细。
子集,1508,30,梦兆飞鸿，官禄高擢。
子集,1509,73，74,一道恩光下九理，封侯庙堂立奇功。
子集,1510,68,扶杖过危桥，心机又恐慌。
子集,1511,,秋庆春常卿，月照庙堂彩。
子集,1512,31，32,麟经第一，凤翥无只。
子集,1513,63，64,身冒知石，险阴无虞。
子集,1514,21，22,享皇家之乐，济黎庶之忧。
子集,1515,,祖宗之业不守，子孙之基有余。
子集,1516,63,杨花扑面，三年泣血守亲帏。
子集,1517,,秩秉三来。
子集,1518,27，28,兄弟三人，乐奏几般音。
子集,1519,,天授衡士，归子司命。
子集,1520,24,老虎无牙，得解得脱。
子集,1521,,妻生一子.妾生一儿。
子集,1522,47,恩难图易，事巧有济。
子集,1523,,权重天关，山高日寺。
子集,1524,53,万里晴空，天开眼目。
子集,1525,,落花能结子，无弗又嫌迟。
子集,1526,55,龙吟苍海，云起飞腾。
子集,1527,,文星守命，官至主侍读荣身。
子集,1528,51,渡江风正好，欢聚趁潮来。
子集,1529,21，22,流年驳杂是非多，三番四覆。
子集,1530,"99,100",到老有精神，黄花晚节新。
子集,1531,54,事乖似花枝，零落东风里。
子集,1532,27，28,名利两悠悠，春去又复秋。
子集,1533,,营谋笔墨到公门，熟读萧曹有异名。
子集,1534,,课雨占晴茅，檐仅可逍遥。
子集,1535,63，64,可恨灾星不可逃.阴阳愆度祸相遭。
子集,1536,29，30,不见舟人未有来，大江风雨船难开。
子集,1537,29，30,幄幄从容，韶光明媚。
子集,1538,63，64,田园丰阜，家室安宁。
子集,1539,55，56,头生两角，事多差错。
子集,1540,49,官至布政，恩照万民。
子集,1541,23，24,武曲照命，弓马入泮。
子集,1542,78,凉风吹落叶，飘飘在墙角。
子集,1543,39,少年登科第，皇都得意回。
子集,1544,50，51,中馈人亡，未免寂寞。
子集,1545,,兄弟二人，秦楚干戈。
子集,1546,43，44,谨慎才富，束兵爱民。
子集,1547,25，26,屈子于长沙，时之未遇机。
子集,1548,11,雨中荷叶，风到珠落。
子集,1549,43，44,槽中有马宜收拾，一走长征去路遥。
子集,1550,20,葭萌飞灰，功名取之如反掌。
子集,1551,,勋齐宗伯皇，风杨孔乐辉。
子集,1552,,兄弟三人，数当尽贵。
子集,1553,29，30,点灯相照，往来大道。
子集,1554,45，46,仁声四达，昭于群生。
子集,1555,67,椿庭已折，泣血三年。
子集,1556,,举人授任，爵禄荣迁。
子集,1557,37，38,财利有余，事事得意。
子集,1558,,开辟抑提衡之任，一人资秉笔之司。
子集,1559,,兄弟四人，乐奏几般音。
子集,1560,,数有五子，三子送终。
子集,1561,,荆棘黄华，勾庐在位。
子集,1562,47，48,西园春老，桃李无颜。
子集,1563,45，46,上下得和同，家门喜气多。
子集,1564,23，24,巴巴急急，争个度日。
子集,1565,23，24,明月照前堤，征夫露湿衣。
子集,1566,,数定天符星，尚主寺卿职。
子集,1567,62,大限已定，卢衣乐之。
子集,1568,25，26,一轮明月出扶桑，瑞气盈盈出画堂。
子集,1569,67，68,老景安康，身强力健。
子集,1570,41，42,勾索相逢，交争扰害。
子集,1571,,姊妹一人，先损一丁。
子集,1572,63,将军之箭最难当，此岁身亡。
子集,1573,23，24,富有千钟，更添好景。
子集,1574,25，26,东转西行是山蹊，得遇樵人指路迷。
子集,1575,,婚姻早配，琴琴未离弦。
子集,1576,41，42,披麻无情，姑命当顾。
子集,1577,21，22,无荣无辱，斯为多福。
子集,1578,25，26,凉风已近，一解烦焦爽气来。
子集,1579,49，50,数应行使，官至行人之职。
子集,1580,30,披胜相侵，晦气无情。
子集,1581,,桐叶初落，秋色已动。
子集,1582,25，26,退思有得，进则有失。
子集,1583,,博古通今，官至有司之职。
子集,1584,,失尾却晚，群鬼见之而走。
子集,1585,,异路而选照，磨数由前定。
子集,1586,45，46,薏苡被谤，仕途有阴抑之非。
子集,1587,80,几点寒星，明明复灭。
子集,1588,39,五行无驳杂，一举冠群英。
子集,1589,,久居簪缨之班，益峻梅羹之望。
子集,1590,,富有千钟，安亨无穷。
子集,1591,53，54,觅得金鳞替钓丝，江头月落醉眠时。
子集,1592,69,杨花扑面，泣血三年。
子集,1593,,一病相侵，半身晦气。
子集,1594,69,方懋服德，天与荣身。
子集,1595,,老来无子，以族子为儿。
子集,1596,29,六害无情，骨肉有刑。
子集,1597,31，32,名进黉宫，弓马入泮。
子集,1598,,数定赞画官至五，府察院内庆荣迁。
子集,1599,21,父殆于水，欲见无由。
子集,1600,,得外来之财，因而起家。
子集,1601,17，18,柳絮摇新绿夹岸，晓烟收挂主平安。
子集,1602,55，56,柳花带雪，满园开放。
子集,1603,19，20,双挂珠绿，洞房花烛。
子集,1604,,数定赞画官至都，府察院内照荣升。
子集,1605,,其人之亡，定在正月。
子集,1606,67，68,登高远望，无边景色。
子集,1607,27，28,披发相侵，口舌交争。
子集,1608,18,生子之年。
子集,1609,98,寿数将满百，竟作天仙客。
子集,1610,49，50,凿井得泉，亦能解渴。
子集,1611,69，70,松柏有常青，耐寒岁月稠。
子集,1612,,尊至九重之上，万岁称呼。
子集,1613,49，50,阴蛴不分，晚有景色。
子集,1614,15，16,桃花五千树，锦色若绵绵。
子集,1615,,文运天开，科名高第。
子集,1616,,周年应有灾，雾色片云迷。
子集,1617,,数有二子，得以送老。
子集,1618,31，32,演武及第。
子集,1619,,兄弟五人，秦楚不盟。
子集,1620,49，50,绿荫婆婆丝，行人喘息未安舒。
子集,1621,27,鬼怪出世，破财多失。
子集,1622,,数有六子，送老得二。
子集,1623,33，34,高山之调，未遇子期。
子集,1624,,数至赞画官至都，府察院内讨荣衔。
子集,1625,23，24,朝霞布锦，画堂形色。
子集,1626,,三代遗民，不复多见。
子集,1627,,命带刑伤，克夫无子。
子集,1628,52，53,门前柳色报芳菲，裘马翩翩踏紫微。
子集,1629,23，24,缘木求鱼，难得其利。
子集,1630,52，53,数该生子。
子集,1631,,耳须之年晚景奇，皇都得意在春闱。
子集,1632,60,官居都堂，爵高禄厚。
子集,1633,,虽一女子，女中丈夫。
子集,1634,73,大限如何，逍遥门外之欢乐。
子集,1635,,兄弟六人，数有五贵。
子集,1636,33，34,春风大户来，和气畅人家。
子集,1637,39，40,烟锁池塘柳，阴暗迷人走。
子集,1638,45,曲道推车，进退两难。
子集,1639,47，48,宿雨初收，春山润色。
子集,1640,23，24,东风解冰，依旧春色。
子集,1641,43，44,周公流言底，谨慎而退避。
子集,1642,41,鱼化为龙，庆云相从。
子集,1643,,瞽一目跛一足，前生孽报。
子集,1644,,枝头惫鸟，可以退避。
子集,1645,79，80,恶曜攻身，当有恶报。
子集,1646,454，6,晚来风紧，花枝披离。
子集,1647,57，58,春酒今朝熟，欣然醒北邻。
子集,1648,51，52,庙堂知重器，宝鼎玉居先。
子集,1649,55，56,芙蓉金菊正秋容，雅淡春生乐意浓。
子集,1650,,兄弟六人，中断离群。
子集,1651,,疏复反复，命有羊刃。
子集,1652,,溺爱不明，兄弟明争。
子集,1653,39，40,祸侵无常，只闻多闷。
子集,1654,27，28,一年三迁，春风得意。
子集,1655,,此刻生人，金水之年必遇险。
子集,1656,,天官首卿，班列太宰。
子集,1657,19，20,病符星照命，数定获缠绵。
子集,1658,47，48,克宽克明，布仁彰信于兆民。
子集,1659,,柔而无断酿，家门之阴祸。
子集,1660,,文昌为八座，名位列中台。
子集,1661,,青灯自守命犯孤。
子集,1662,42,生子之年。
子集,1663,,妻生一子，妾生二儿，
子集,1664,30,一日不利，再曰蹇滞。
子集,1665,,简在宸衷，抉命铨部。
子集,1666,27，28,明月钓嫦娥，清风洒泪多。
子集,1667,59，60,不必问行藏，老运不安康。
子集,1668,33,农业兴隆，运至时通。
子集,1669,42,寿比颜回多一旬。
子集,1670,33，34,病符逼人，恍惚忧惊。
子集,1671,,数难回头，实定一铨。
子集,1672,45，46,丧门照命，哭泣之哀。
子集,1673,45，46,宝镜未磨，滞中有明。
子集,1674,57，58,勿以轻舟渡海易，旁人先戒飓风号。
子集,1675,,一卷青囊，普照万家风雨。
子集,1676,23,黄甲传宣，春闱奏捷。
子集,1677,23，24,或泣或歌，室中伏祸。
子集,1678,,心忙身劳，只见儿女情长。
子集,1679,50，51,姻缘奇配，夫步青云。
子集,1680,,寒毡冷落几黄昏，风雨潇潇早闭门。
子集,1681,11，12,分有嫡母，我生是庶。
子集,1682,37，38,马到嵬坡，前有所阻。
子集,1683,,君子不锁，握有铨曹。
子集,1684,53，54,凉风初楚王台，烦热消除爽气来。
子集,1685,59，60,己知其足，自然无辱。
子集,1686,57，58,眉端不挂烦恼，安舒自如。
子集,1687,,分有嫡母，我生继母。
子集,1688,67，68,闭塞其户，四壁有光。
子集,1689,33，34,命照武曲，弓马入泮。
子集,1690,,崇天朝宥密之府，阶元老伛偻之任。
子集,1691,,冠裳还是旧冠裳，龙虎相逢姓字香。
子集,1692,64，65,人生不幸，老年丧夫。
子集,1693,35，36,求炎必得，得之必失。
子集,1694,33，34,道洽正治，泽润万民。
子集,1695,,近贵不如近帝好，操心那及道心高。
子集,1696,33，34,若问功名，国学名翔。
子集,1697,19，20,如何塞北独无春，二月中旬草不生。
子集,1698,51，52,阴极一阳，天道还转。
子集,1699,61，62,解印荣归，平安之福。
子集,1700,,官拜巡抚，荣归画堂。
子集,1701,56,苇杭客可渡，光涌有奔泉。
子集,1702,,不因人依谤，赖有骨肉情。
子集,1703,47，48,锋然守于吝，中无为之时。
子集,1704,29，30,枯木逢春芽特达。
子集,1705,,命主刑夫，应作妾室。
子集,1706,56,相如病千金，马际曾佳期。
子集,1707,,吉凶并主。
子集,1708,,兄弟二人，秦楚不同盟。
子集,1709,41，42,昔提弹夹食无鱼，今年弹夹出有车。
子集,1710,53，54,外物不可必，听之斯有得。
子集,1711,60,大开轩窗，高下八方。
子集,1712,79，80,叠断其路，往来不通。
子集,1713,19，20,反复又反复，或时笑或时哭。
子集,1714,65，66,吞陷与亡神，并力相侵扰。
子集,1715,38,海棠沾露，泪洒红襟。
子集,1716,37，38,先生不是等闲人，龙跃于渊屈可伸。
子集,1717,59，60,胆大如天，破家之祸。
子集,1718,47，48,鸟在檐前啼，谋为事事宜。
子集,1719,68,高堂椿树正扶苏，不料狂风吹折枝。
子集,1720,25，26,既乘其时，当人其用。
子集,1721,43,屡进屡退，事多反覆。
子集,1722,59,可恨姻缘不到头，此年应有所担忧。
子集,1723,31,玉洞梅花，含笑春风。
子集,1724,58,云深峰顶黑，山杂岭头高。
子集,1725,57，58,仕途还有梦，举止当慎重。
子集,1726,61,南柯梦入华胥回，忆昔英雄笑语中。
子集,1727,43,时运不通，谋事掣肘。
子集,1728,27，28,五轮光满至，十月有清寒。
子集,1729,,老蚌生珠，修德报不爽。
子集,1730,,天禄有情，纵然官讼害。
子集,1731,72,人事有恍惚，朝夕有忧疑。
子集,1732,63，64,身在公门心在道，多逢吉庆少逢凶。
子集,1733,,劳神劳形，仅能糊口。
子集,1734,,扁舟设钓儿，顷刻有招非。
子集,1735,,和悦近人，到处恰心。
子集,1736,41，42,运未来时，只好悠悠坚守。
子集,1737,,性急不容多好胜。
子集,1738,51，52,风动辟雍，万姓安康。
子集,1739,,补掖行人之职。
子集,1740,81,逸而有始终，延年而获寿。
子集,1741,37,灾生不急，晦气缠绵。
子集,1742,,牡丹花开，春园姿容。
子集,1743,39，40,用人不疑，疑人不用。
子集,1744,,温温恭人，维德之基。
子集,1745,58,舟在波浪，操楫着力。
子集,1746,27，28,片帆无恙，长江一夕遇春风。
子集,1747,14,惟山崔嵬，马劳偃病。
子集,1748,58,花径深秋有苍苔，竹杖相扶仔细来。
子集,1749,24,晚烟迷漫，满江风雨。
子集,1750,65，66,秋色蘼芜转晚凉，只余黄菊满庭芳。
子集,1751,32,燕子含泥春正长，经营费尽枉无功。
子集,1752,,经恩济人，反招其怨。
子集,1753,57，58,夕阳古道行，人生正徘徊。
子集,1754,49，50,江流水势涌，且把钓鱼竿。
子集,1755,33，34,马足奔波，车不可行。
子集,1756,,风火烈性，决无成心。
子集,1757,44，45,椿庭一病成回首，笑语依稀梦中逢
子集,1758,35，36,乘其机会，进取有功。
子集,1759,,牧牛丰草地，可以守之余
子集,1760,61，62,马至中途，逢坎失足。
子集,1761,,早运淹沉中运通，成家立业自兴隆。
子集,1762,75,行人指迷津，回头杳无音。
子集,1763,61，62,南轩新霁色，人帘钓鱼机。
子集,1764,45，46,千里蟾光彻夜明，碧空湛湛净无尘
子集,1765,35，36,泪流满面，愁积腔怀。
子集,1766,21,阴山积雪丈，穹空无阳气。
子集,1767,19,银灯照复残，掩映照愁怀
子集,1768,90,寿元足矣。
子集,1769,49，50,官至黄堂，不能高握。
子集,1770,43,醉乡深处，鞭乐莫为。
子集,1771,21，22,有酒盈樽，春风一面
子集,1772,,暖风春回，芳草生机。
子集,1773,37，38,操切太急，祸在萧墙。
子集,1774,53，54,劳苦成家，晚享佳福。
子集,1775,,独行踽踽，御侮无人。
子集,1776,33，34,守其硗田，庶几无失。
子集,1777,53，54,万花谷中，日接不暇。
子集,1778,44,南楼杜鹃，更尽无声。
子集,1779,,真假四子，二子送老。
子集,1780,39,几多无了事，只恨一无常。
子集,1781,,傍个贵人得成家，次第分明有好处。
子集,1782,39，40,谋事成而又败，不如守拙为高。
子集,1783,63，64,路中有伏蛇，虽惊而无害。
子集,1784,,送终一子，身带残疾。
子集,1785,,兄弟六人，数有三贵。
子集,1786,49，50,武陵溪畔有渔塘，指引云衢达仙乡。
子集,1787,53，54,薏苡被谤，难免流言。
子集,1788,79，80,度秦岭关，葛藤缚足。
子集,1789,63，64,朝囊夕飧，克享成福。
子集,1790,,问名无成，问利不益。
子集,1791,81,灾晦缠身，有犯太岁。
子集,1792,53，54,命中多舛，家业消耗。
子集,1793,57，58,夜色风色繁，寒气正愁人。
子集,1794,45，46,顺风江上好扬帆，不料江头有石滩。
子集,1795,,气顺和悦，宜其家室。
子集,1796,,赋性仁慈，持躬淑慎。
子集,1797,57，58,太阳正东升，江山气象新。
子集,1798,,神祖扶庇，登甲钦点一翰林。
子集,1799,29，30,小顺大逆，苟全性命。
子集,1800,,切莫问功名，费心总无成。
子集,1801,,性禀优柔，难以决断。
子集,1802,79，80,据般若姿，仡然未动。
子集,1803,43，44,时运未至，欲前却后。
子集,1804,,钦选黄堂太守。
子集,1805,17,道途正崎岖，行止费踌躇。
子集,1806,,性质高谊何，其命宿孤寒。
子集,1807,,心多好胜，恃而凌人。
子集,1808,55,行舟浅水，却费推移。
子集,1809,35,丹桂一枝开，秋风得意回。
子集,1810,38，39,草木逢春，千村雨顺。
子集,1811,37，38,时逢恩星，富贵之期。
子集,1812,13，14,荡澜轻舟，顺风顺水。
子集,1813,31，32,流年驳杂，烦恼难舒。
子集,1814,41，42,车辙满泥沙，转动多费力。
子集,1815,45，46,夜行舟道，坦然无阻。
子集,1816,55，56,菱荷香处，亭畔披襟。
子集,1817,,不从文武科中出，命有总督一将官。
子集,1818,72,烟波渺渺，舟人厌倦。
子集,1819,63，64,灶法荣归，家声大振。
子集,1820,75，76,一阵轻风，南轩爽快。
子集,1821,11，12,平平稳稳，无喜无忧。
子集,1822,55，56,倚楼邀明月，掩映至南轩。
子集,1823,59，60,斗转星移，日出扶桑照曜明。
子集,1824,55,家业千金，未可量陶朱堪比。
子集,1825,,不从文武科中出，命在营伍大丈夫。
子集,1826,41，42,所谋不合，命途多险。
子集,1827,,兄弟十一人，乐奏几般音。
子集,1828,,官居臬司，不能高抬。
子集,1829,57，58,祥光宜见，古曜相扶。
子集,1830,,喜偏房之多娶。
子集,1831,49，50,大数已尽，痛切泪涟。
子集,1832,53，54,萧墙之内，暗伏凶神。
子集,1833,,持家之妇，姻缘前定。
子集,1834,51，52,解组林下，心逸身闲。
子集,1835,51,鸟展其翅，乘风南徙。
子集,1836,67,有人相欺，囊中有天。
子集,1837,56，57,父死之年。
子集,1838,39，40,富贵之期，世上仰之。
子集,1839,,布政风威，为人师表。
子集,1840,21，22,上山多费力，有树可扳枝。
子集,1841,71,老年丧父，世上难逢。
子集,1842,70,虽然妻已死，犹恐晚年孤。
子集,1843,53，54,万里晴空，明月一轮。
子集,1844,17，18,水出芙蓉更新鲜，鸠鸣唤雨色如烟。
子集,1845,48,日之夕矣，山阴道上未曾归。
子集,1846,20,洞房之喜，定在此年。
子集,1847,,数有不幸，母适他家。
子集,1848,25，26,明月上初弦，其光渐渐圆。
子集,1849,33，34,时逢恩星，当贡之期。
子集,1850,31，32,杏蕊未全红，浮云飞去月朦胧。
子集,1851,21，22,恩星照命，一贡成名。
子集,1852,49，50,半吉半凶，一喜一忧。
子集,1853,,行在急流处，其舟有破漏。
子集,1854,39，40,一朵名花果出奇，嫉风骤雨又相催。
子集,1855,31，32,梦在颠倒，得人唤醒。
子集,1856,35，36,当贡之期。
子集,1857,31，32,禹门雷风动，波浪起龙吟。
子集,1858,,骨月凋残可奈何，半生穷途半生孤。
子集,1859,35，36,舟行浅滩，午潮正落。
子集,1860,43，44,道路有坎坷，行人便仔细。
子集,1861,57，58,勿谓轻舟易行，谁知车折其福。
子集,1862,51，52,月转初旬，缺而渐回。
子集,1863,,龙起飞腾会，飞腾上九天。
子集,1864,27，28,呼之转应，天从人愿。
子集,1865,,文星照命，功名显达。
子集,1866,61，62,暮夜须防疏生人。
子集,1867,67，68,黄花开晚节，翠竹茂松林。
子集,1868,40,乡科及第。
子集,1869,,将星照命，威镇三军。
子集,1870,,兄弟四人，中断离群。
子集,1871,,数有五子，三子送老。
子集,1872,57,奔走尘埃前，高低任意行。
子集,1873,57,高堂之树正扶苏，不料狂风吹折枝。
子集,1874,77，78,谋之无不利，是畅怀所来。
子集,1875,21，22,入幽谷中，进而倍暗。
子集,1876,29,恩星相照，当贡之期。
子集,1877,79，80,风平浪静，恰好行舟。
子集,1878,31，32,意气待人，忌之牛口之下。
子集,1879,35，36,福来佑人，逢凶大吉。
子集,1880,37，38,飞霜落瓦，形影凄然。
子集,1881,90,霁色似初晴，东方仿佛明。
子集,1882,33，34,武场捷报。
子集,1883,35，36,大鹏有健翅，东风便飞升。
子集,1884,29，30,无意栽花卉，山上林锦绣。
子集,1885,67,老夫老妻，难免其悲。
子集,1886,24,碧水桃花下，红雨点罗襟。
子集,1887,59,烟尘蔽日，人物糊涂。
子集,1888,55,薰风东来，和气满怀。
子集,1889,,兄弟成群，非一母所生。
子集,1890,32,得意马蹄，踏遍长安春色。
子集,1891,,操守有方，举止不苟。
子集,1892,53，54,百花如锦绣，春色正芳菲。
子集,1893,51,梦入南柯境，不必问遐龄。
子集,1894,,有笼罩古今之才，无科甲两榜之荣。
子集,1895,,此刻乃得贵妇人。
子集,1896,55，56,此年运小，吉凶常寻。
子集,1897,,功名卜有分，还须自厚培。
子集,1898,2,两岁而亡，如花不久。
子集,1899,33，34,花径阴移，恍惚生恐。
子集,1900,19，20,东边日出西边雨，一朝几度怨无端。
子集,1901,19，20,凄凉苦雨，寂莫愁人。
子集,1902,53，54,乍暗乍明云里月，半开半落雨中花。
子集,1903,52,高山嵯峨，无门卜筮。
子集,1904,49,天怨人怨阴阳愆，事不遂谋鬼又缠。
子集,1905,30,泪痕未干，镜破残妆。
子集,1906,61,爵位方伯之尊，亦是外台极品。
子集,1907,35，36,东西料峭，白云生寒。
子集,1908,3，4,风暖鸟儿碎，日高花影移。
子集,1909,,一夫又一夫，命里犯刑孤。
子集,1910,65,严父数已尽，难留在画堂。
子集,1911,,图名逡图利，易可却名而问利。
子集,1912,,一群女行人，一双先伤失。
子集,1913,63，64,山高水深，虽有舟车不易行。
子集,1914,,诗书未缘，白首是穷年。
子集,1915,30，31,数该生子。
子集,1916,27,财源滚滚来，家室安康在。
子集,1917,,此刻生入，流年有咎。
子集,1918,19,鹞入林中，鸟雀有恐。
子集,1919,58,秋风先有信，丹桂一枝开。
子集,1920,,兄弟十人之外方合。
子集,1921,,父母拮据而起家，子孙能守其成功。
子集,1922,59，60,身心不快，知已难老。
子集,1923,47，48,房考之年。
子集,1924,66，67,老来有刑伤，父母泪两行。
子集,1925,,兄弟十二人，数有二贵。
子集,1926,95，96,烟光渐起，江山依旧。
子集,1927,,徒弟二人，得以送老。
子集,1928,25，26,皇都恩波，赐我一贡。
子集,1929,,数有几妾，死于非命。
子集,1930,57，58,吉凶并行。
子集,1931,76,恶曜攻身，有犯太岁。
子集,1932,70,古稀之年父死矣。
子集,1933,,兄弟六人，数有四贵。
子集,1934,51，52,星夜平分，更饶物色。
子集,1935,17，18,少年登贡，祖宗庇荫。
子集,1936,39，40,圆月如环用不穷，祸自消除福自隆。
子集,1937,66,春光布暖，万物滋荣。
子集,1938,43，44,渠花生水，却脱泥淤。
子集,1939,,作事刻薄，骨肉目侧。
子集,1940,5，6,暖风迟日正熙春。
子集,1941,51，52,陇头报消息，春色一枝梅。
子集,1942,,命中一子，如龙如虎。
子集,1943,64,呼童携行李，不必问东君。
子集,1944,59，60,可知扑鼻梅花香，直待严寒争春来。
子集,1945,,天育其秀，迥出异常。
子集,1946,,有妻生活，离缘不相宜。
子集,1947,19，20,国学名香。
子集,1948,61,疾风又怒电，浊浪卷波平。
子集,1949,13，14,新篁始解，节老便成竿。
子集,1950,37，38,绸缪不少，快意无多。
子集,1951,23,皇都得意，一贡成名。
子集,1952,79，80,男女总无缘，到老艰辛不可言。
子集,1953,,偏不如意，多招怨悔。
子集,1954,,芦花明月两悠悠，一点渔灯古渡头。
子集,1955,69，70,若问寿元何日止，六旬加九是归期。
子集,1956,53，54,秋天月色，上下清光。
子集,1957,5,风光行处好，云物望中生。
子集,1958,,此刻生人，父亡于木年方合。
子集,1959,51，52,画虎于墙，见者惊而无害。
子集,1960,52,兄弟十人，秦楚不同盟。
子集,1961,70,寿元七旬，大数已尽。
子集,1962,31，32,暗中行路，无人点火相助。
子集,1963,21，22,小舟水上行，转换一帆风。
子集,1964,45，46,岂是聪明果让人，谋略左右恨无穷。
子集,1965,,兄弟六人，乐奏几般音。
子集,1966,,托祖宗之业，可以守成。
子集,1967,49，50,前路崎岖未可行，不如守拙且消停。
子集,1968,75,寿元何日止，七旬加五是归期。
子集,1969,7，8,竹风摇履鸟，花露腻衣裳。
子集,1970,43，44,无端风雨到南楼，惟有红妆落在秋。
子集,1971,,补授评事，清安之职。
子集,1972,49,华堂日暖，花锦丛多。
子集,1973,3,三岁逢条神，提携须防忌。
子集,1974,65,若问岁元何日止，六旬加五是归期。
子集,1975,,哀哉母亲，何以长逝。
子集,1976,,当有三母之称。
子集,1977,,经营千里走，马囊遍黄金。
子集,1978,13,双目朦胧，前生注定。
子集,1979,,梨花风阵阵，片片白云飞。
子集,1980,,两耳虽有竟不听，随人说短与谈长。
子集,1981,,其人之亡，定在三月。
子集,1982,65，66,寿元何日止，六旬加六是归期。
子集,1983,,淑人君子，其德不回。
子集,1984,23，24,满招损，谦受益。
子集,1985,,命途多蹇，家业少聚多散。
子集,1986,23，24,君子豹变，文明之家。
子集,1987,29，30,板桥滑湿，行人有成。
子集,1988,27，28,小宋应熊罴，二子可得之。
子集,1989,,本是天家云路客，暂守青毡度岁时。
子集,1990,61，62,日照桑榆，马足犹堪三千里。
子集,1991,51，52,苦雨连霄，凄凉之象。
子集,1992,,临事能任，其性急躁。
子集,1993,,托祖宗之德，授百总之职
子集,1994,19，20,少年登贡，人生大幸。
子集,1995,29，30,红鸾相照，洞房花烛。
子集,1996,20,母病入膏肓，扁鹊医不长。
子集,1997,31，32,山高尽处，转之路通。
子集,1998,21，22,当贡之期。
子集,1999,49,知命短少年，大限入黄泉。
子集,2000,73,大数已尽矣。
丑集,2001,,斯年有小利，未可大营谋。
丑集,2002,53，54,好物不牢坚困难，用久邵子曰尽数。
丑集,2003,,有余不足，守旧为高。
丑集,2004,,人总一名，各出一姓。
丑集,2005,45，46,若能守中正，仅可免灾忧。
丑集,2006,27，28,口舌哓哓，不听为高。
丑集,2007,53，54,戒之有德，安分守命。
丑集,2008,37，38,衣食不关心，克亨其家人。
丑集,2009,25，26,人事有不足，日月有盈亏。
丑集,2010,55，56,好事逢人行，吉利又相从。
丑集,2011,,母腹结双子，我生并蒂莲。
丑集,2012,,先日贺麟祥，谁知一旦亡。
丑集,2013,58,子入翰林县处正职），恩承诰命。
丑集,2014,14,其年萱花落，难免泣血悲。
丑集,2015,18,文章得意，名列榜首。
丑集,2016,,添新纵喜，生甲可悲。
丑集,2017,17,泮水之游，芹香可美。
丑集,2018,17,先娶未有子，再娶降麟儿。
丑集,2019,54,堂萱草萎，孝所何辞。
丑集,2020,,一得一失，未可得意。
丑集,2021,51，52,如临深渊，如履薄冰。
丑集,2022,,数中不当招祖业，纵然富贵也消磨。
丑集,2023,45，46,春色东风，料峭生寒。
丑集,2024,43，44,雨阻前途未可行，晓开霁色放光明。
丑集,2025,21，22,石上有苔，君宜谨慎。
丑集,2026,29，30,莫求难滞，运未通时。
丑集,2027,41，42,锦色瑞气，洋溢管弦。
丑集,2028,,子息虽有益，少损多数犯天刑。
丑集,2029,,田园君置虽然有，干盅如君有九人。
丑集,2030,20,身赴琼林，名登黄甲。
丑集,2031,,后母之相依，稍释泣血悲。
丑集,2032,55，56,啾啾而唧唧，四壁寒恐飞。
丑集,2033,,家中四壁不知贫，各自分飞宿荆林。
丑集,2034,23，24,鹊噪南楼，频频报喜。
丑集,2035,21，22,逆水行舟，前后徘徊。
丑集,2036,29，30,驱饥雁而猎兔，有彼无我。
丑集,2037,,月老传书，妻配三旬。
丑集,2038,33，34,人心如此如此，天理未然未然。
丑集,2039,,五子合土之纳音，六子合金水之年。
丑集,2040,57，58,红色肃落，春色日丽。
丑集,2041,21，22,守旧吉，妄动凶。
丑集,2042,23,思鲋得鲂，未知所愿。
丑集,2043,26,进士及第。
丑集,2044,51,春江水涨舟，虽重而顺流。
丑集,2045,,妻配二旬，余配未迟。
丑集,2046,,父作子述，家声大振。
丑集,2047,20,金榜成名。
丑集,2048,60,天地有不足，人亦如之。
丑集,2049,77，78,十暴十寒，月光渐少。
丑集,2050,17，18,少年无灾晦，平安之福寿。
丑集,2051,52,今时还是旧时人，人事如今又一新。
丑集,2052,,父母生于水年，终于土年方合。
丑集,2053,37，38,行止非人所能，造物还须有主。
丑集,2054,59，60,连年不如意，老来享平安。
丑集,2055,43，44,喜鹊营巢久，鸠居却有迁。
丑集,2056,17,平安二字，不必问行藏。
丑集,2057,33，34,享平安之福，克享其成。
丑集,2058,,夫臂之痛，唯有伤疾。
丑集,2059,45,常忆故园惟自叹，将何鱼雁寄流离。
丑集,2060,64,福自适人，平安之吉。
丑集,2061,33，34,烟霞晓未收，江头未可试鱼钩。
丑集,2062,,兄弟三人，俱当荣贵。
丑集,2063,29，30,恍恍惚惚，不但人嗔且有鬼。
丑集,2064,45，46,云行雨施，品物流行。
丑集,2065,37，38,先甲三日幸乃吉，后甲三日幸乃昌。
丑集,2066,25，26,曰畅曰焕，庶草蕃鞠。
丑集,2067,49，50,田翁乃积丰稔岁，不枉春犁带雨耕。
丑集,2068,,父母生于水年，终于水年方合。
丑集,2069,,兄弟四人，俱当荣耀。
丑集,2070,39，40,小宋应熊，二子当先。
丑集,2071,29，30,饥其体腹，劳其筋骨。
丑集,2072,,叠叠重重刑尔室，旬迟配得和谐。
丑集,2073,,流年涂朱雀，谨防是非来。
丑集,2074,,愿言孔孟师，青云有运期。
丑集,2075,65,纳采得成名，马足追风得意呜。
丑集,2076,,乡科及第。
丑集,2077,,妻命属水生，木年娶妻方合。
丑集,2078,45，46,皇都之市，金紫如棉。
丑集,2079,,久居芝兰室，而不知其香。
丑集,2080,65，66,蜃气楼台，空中望阁自光浑。
丑集,2081,,海阔天空，往来自如。
丑集,2082,31,生子之年。
丑集,2083,57，58,听流泉石壁，下水流如怒。
丑集,2084,,官至知县，不为斗米而折腰。
丑集,2085,,命照文昌，大魁天下。
丑集,2086,37，38,守口如瓶嘴，无意之中舌自生。
丑集,2087,43，44,蛟然大旱，沛然雨下。
丑集,2088,30，31,运至时行，吞君获庆。
丑集,2089,,生有善缘，胎内食素。
丑集,2090,33，34,长河有意，一息千里。
丑集,2091,73，74,雨问晴天，意时行乐。
丑集,2092,,母先故于土年方合此刻。
丑集,2093,,公正有余为，一方之表率。
丑集,2094,,好成人之事，偏惹事生非。
丑集,2095,37，38,人夜秋志声，愁人离绪恨。
丑集,2096,50,命带羊刃，数注五旬配妻。
丑集,2097,,半步颠连未有成，南园种柳北园开。
丑集,2098,57，58,房考之年。
丑集,2099,,父母生于木年终于金年。
丑集,2100,,飞雁一只，历过南楼。
丑集,2101,51,啾唧哭碌碌，疾病挠相促。
丑集,2102,25，26,龙德星高，灾星并磨。
丑集,2103,48,朝三暮四急，忙忙度流年。
丑集,2104,32,寒窗相对，正是万难时。
丑集,2105,,银汉相隔，闰房少乐。
丑集,2106,28,闭门自守可无虞。
丑集,2107,54,不幸良人先叶世，空余银烛伴黄昏。
丑集,2108,,数注郎官天上客，风吹金带麝阑香。
丑集,2109,,其人数尽，定在八月。
丑集,2110,22,寒犬明月，自费精神。
丑集,2111,65，66,白虎当头有一惊，回头及早把门关。
丑集,2112,63，64,无灾无害，老景安闲。
丑集,2113,49，50,心中有事，难言逢人强为欢。
丑集,2114,61,行到水湾处，摇橹舟子呼。
丑集,2115,33，34,闻不闻见不见，暗中须防人放箭。
丑集,2116,,其人之亡，定在八月。
丑集,2117,61，62,凤失其凰，难于呈祥。
丑集,2118,,父金命先死于火年，母木命后死于金年。
丑集,2119,,诗书纵习步青云，命无科甲两榜荣。
丑集,2120,19，20,纵有栋渠，未得工师之选。
丑集,2121,,父母同日生，生也姻缘死也缘。
丑集,2122,27,名登榜首。
丑集,2123,,数注辟雍成名早，椿萱并茂享荣花。
丑集,2124,17，18,反笑伏吟，骨肉相刑。
丑集,2125,62,丧门相照，哭泣之哀。
丑集,2126,,母先故于水年，父生于金年方合。
丑集,2127,52,母故之年，自叹何恃。
丑集,2128,,内助不相和，狮吼是非多。
丑集,2129,61,取此东风候，扁舟渡万山。
丑集,2130,63，64,大生两口，任君详之。
丑集,2131,33，34,人不遂黄金，黄金转遂人。
丑集,2132,31,相照有丧门，衣裳白一番。
丑集,2133,1,并蒂双莲出，奇哉两朵开。
丑集,2134,,玉衣锦裳，千仓万箱。
丑集,2135,,三场未幸登科甲，一贡承恩可牧民。
丑集,2136,22,图得东来缺了西，还是君家运未济。
丑集,2137,,注定步青云，金年中举人。
丑集,2138,42,终日乾乾，若厉无咎。
丑集,2139,,双亲俱去世，母先辞别父难留。
丑集,2140,,再任黄堂，数皆前定。
丑集,2141,,补授照磨，数由前定。
丑集,2142,45，46,穷通得失皆前定，何必怨天又尤人。
丑集,2143,,木年母先终，方合此刻。
丑集,2144,,此时生人，父母不睦。
丑集,2145,,官至钦命，知县前定。
丑集,2146,,窥见室家之好，牢拴穴隙之情。
丑集,2147,42,小车无辙，其何以行。
丑集,2148,,子产三丁，乐奏几般音。
丑集,2149,61,禄马荣花，得阶八座之荣。
丑集,2150,45，46,欣欣向荣，春光明媚。
丑集,2151,,己酉之年，武魁及第。
丑集,2152,53，54,人事无求，安然自优。
丑集,2153,,恩难图易，四方有济。
丑集,2154,,其人之亡，定在五月。
丑集,2155,11，12,太岁当头，灾星不减病相缠。
丑集,2156,31，32,思病不可测，不但人嗔亦有鬼。
丑集,2157,,兄弟四人，数有三贵。
丑集,2158,,木年火年，生子无损。
丑集,2159,44,陟岵兴嗟，趋庭之训。
丑集,2160,53，54,福德相扶，官职高位。
丑集,2161,,江山新雨遍，人在锦丝中。
丑集,2162,29，30,人春犹是无多日，寒气侵入未及回。
丑集,2163,,母故于木年，父尚春将茂。
丑集,2164,40,滂沱风紧莫行舟，跃马檀溪到豫州。
丑集,2165,,禀生结局。
丑集,2166,,兄弟七人，秦楚不同盟。
丑集,2167,25,破巢之祸。
丑集,2168,47，48,奔走东西未有定，劳劳碌碌不安康。
丑集,2169,53,乡科及第。
丑集,2170,33,鸿飞冥冥，忙了弋人。
丑集,2171,11,不利不利，时运未至。
丑集,2172,,金年母先终方合此刻。
丑集,2173,,贤淑大度，庭训所然。
丑集,2174,,初任百总之职。
丑集,2175,53，54,经之营之，忙度岁月。
丑集,2176,,丙戌之年，乡科及第。
丑集,2177,,不正而正，桃花开过艳阳明。
丑集,2178,,此数生来格局奇，明经出仕耀门庭。
丑集,2179,,耆硕衙望，龙锡宾筵。
丑集,2180,,虎落平源，壮志难舒。
丑集,2181,21，22,积得黄金多少，太阳一照渐消磨。
丑集,2182,15,嫩蕊霜欺，倏然变色。
丑集,2183,,兄弟七人，乐奏几般音。
丑集,2184,34,惟盼东君归有期，落花流水两相催。
丑集,2185,34,掘井渠泉，不解其渴。
丑集,2186,49，50,多晦多忧，常蹙眉头。
丑集,2187,,中运恢复，正当自立。
丑集,2188,57，58,厌见江南未曾收，朦胧一渡过年速。
丑集,2189,23，24,春深桃节，到处成荫。
丑集,2190,,兄弟九人，数有一贵。
丑集,2191,,猛如烈火，偏不让强。
丑集,2192,53，54,细雨薰风，唯解烦气。
丑集,2193,,一点丹青仿得真，能垂不配付名人。
丑集,2194,,有士子之职，无甲第之荣。
丑集,2195,,补授博士之职。
丑集,2196,32，33,千里马未逢伯乐，双龙剑难遇张华。
丑集,2197,55，56,热晦天气，微雨度阴云。
丑集,2198,57，58,旭日升林，同见太阳之象。
丑集,2199,57,钦命典试。
丑集,2200,13，14,宝玉发祥光，良马伯乐逢。
丑集,2201,,凿井耕田，先民乐趣。
丑集,2202,51,愁之复忧，牧羊山坡。
丑集,2203,7，8,帝里风光，三月新春。
丑集,2204,49,脱却机关，又当蹉跎。
丑集,2205,,齿德俱尊，宾筵藉重。
丑集,2206,,躁急招悔，不思省悟。
丑集,2207,60,谢却病来愁水缠，几回不敢向人言。
丑集,2208,33，34,南山爽气欲投衿，怪鬼持戈正逐人。
丑集,2209,,先男后女，命中注定。
丑集,2210,11,孤鸿带月影披离，南北东西未有依。
丑集,2211,57，58,活计无恁，山高水深。
丑集,2212,20,骨月凋残人事难，泪痕洒竹染成斑。
丑集,2213,1，2,童年一二岁，春光满眼浓。
丑集,2214,34,春光满面，一腔啾唧自家知。
丑集,2215,31,奎星初照，一举拨前茅。
丑集,2216,60,惆怅多逆风，操辑费着力。
丑集,2217,,星宫见孛，损多益少结一枝。
丑集,2218,41,燕子双飞绕画堂，春色几度断肝肠。
丑集,2219,36,马陷沙中，跃之不起。
丑集,2220,11，12,次第春风上苑红。
丑集,2221,39，40,行人不知，马失其足。
丑集,2222,51,秋分交错，水充花落。
丑集,2223,37，38,吟就月中诗，风卷见碧空。
丑集,2224,63，64,天时人事喜相逢，不成之得也成功。
丑集,2225,,其人寿绝，定在七月。
丑集,2226,42,一年又一年，颠倒不如前。
丑集,2227,,分有嫡母，生母继母。
丑集,2228,35，36,挣得家业无恙，身遭心多磨障。
丑集,2229,,有妻若无妻，其实靠首妻。
丑集,2230,12,池塘拳寸湿，春水漾金麟。
丑集,2231,39，40,求之十九，成之十一。
丑集,2232,37，38,浮云卷尺碧天空，春风融和瑞气祥。
丑集,2233,42,颠颠沛沛，怀儿撞碎。
丑集,2234,27，28,好花将开，风雨又来。
丑集,2235,22,东西少有忧，云照屋檐头。
丑集,2236,,室家相宜，夫妻乐趣。
丑集,2237,,命犯呻吟杀，当有身不遂。
丑集,2238,24,烦恼无忧，谋来可忧。
丑集,2239,14,恍恍惚惚，不但人嗔且有鬼。
丑集,2240,,身姿妩娜，临风之柳。
丑集,2241,48,前后有阻，并无安土。
丑集,2242,67，68,牛羊恐破财，未免是非多。
丑集,2243,69，70,爵与齿俱高，有德为达尊。
丑集,2244,,生姿气禀钟灵出，他日龙门必占先。
丑集,2245,,是个朝阳补衲僧，高山流水出红尘。
丑集,2246,37,舟车往来，关津有阻。
丑集,2247,,金年水年，父母早去方合此刻。
丑集,2248,,血盆星临，产死其妻。
丑集,2249,55,夫妻本是同林鸟，不幸雄者意先飞。
丑集,2250,20,壮年劳劳碌碌，成家无安度闲日。
丑集,2251,25,人事纠缠，费尽工夫也破钱。
丑集,2252,,兄弟三人，数有二贵。
丑集,2253,23，24,月上乱云收，青光照彩楼。
丑集,2254,73，74,福禄频加，享受荣华。
丑集,2255,49,七七之年当断弦。
丑集,2256,23，24,满面春风人道好，多少不足自家知。
丑集,2257,44,凶神遇解神，灾祸不相侵。
丑集,2258,51,道路从征飞暗尘，隔江风雨起秋新。
丑集,2259,,圣门弟子，个个飞腾。
丑集,2260,41,重山之处问黄金，逐逐泥途有一惊。
丑集,2261,40,逐野兽以前，驱失足以陷。
丑集,2262,16,快乐秋鸟，高飞见忧。
丑集,2263,16,黄昏天气暗，月色渐光明。
丑集,2264,55，56,天赐祯祥纳庆多，花前月下听高歌。
丑集,2265,57,岸花红滴露，秋树绿含烟。
丑集,2266,26,暗路逢人，南北莫辨。
丑集,2267,59，60,房考之年。
丑集,2268,36,事不称心，枉费精神。
丑集,2269,48,花开车枝满园红，不料根皮一树浓。
丑集,2270,,命不招祖，自创家园。
丑集,2271,45，46,暗道流萤.一点余光。
丑集,2272,23，24,鹿呜照耀，天以善人。
丑集,2273,,劝君相助本阴人，迷恋阴人必丧身。
丑集,2274,,数有四子，三子送老。
丑集,2275,,数内往来格局高，官扬福显姓名香。
丑集,2276,68,有酒且高歌，人生有几何。
丑集,2277,16，17,荷花出水，亭亭玉立。
丑集,2278,44,一点浮云掩中天，太阳一现渐渐明。
丑集,2279,55，56,晦气不可争，争必有人侵。
丑集,2280,23,半夜浮云掩月，五更云散复明。
丑集,2281,54,蝉在柳梢叫，若笑而厌倦。
丑集,2282,33，34,人闲心不闲，有事来相关。
丑集,2283,,春风送暖，除旧迎新。
丑集,2284,,衣食有余，少当带疾。
丑集,2285,39，40,绿荫之下有婆娑，羊触藩篱奈若何。
丑集,2286,33,谋望不何，镜花空开。
丑集,2287,,滚滚财源如水，洋洋家计如春。
丑集,2288,,安享之福，无日不足。
丑集,2289,19，20,灾晦相侵，流年凶星。
丑集,2290,35，36,月宫板丹桂，何乐如仙阁。
丑集,2291,82,苍松翠柏耐岁寒。
丑集,2292,,多福多寿，前世所修。
丑集,2293,,徒弟三人，一人送老。
丑集,2294,45，46,掘泥砌石，寒暑难堪。
丑集,2295,55，56,板桥滑湿戒人行，前提免被水没身。
丑集,2296,53，54,室中安乐，天意从人。
丑集,2297,,数中十子，得以送老。
丑集,2298,47，48,南山虎啸长风，得取休祥之庆。
丑集,2299,35，36,马足迟迟，幸被颠晦。
丑集,2300,,生母当属虎。
丑集,2301,73，74,身闲无事，安休之庆。
丑集,2302,51,人有刑伤，愁锁眉头泪几行。
丑集,2303,102,年逢百外有二春，忧然无事往西行。
丑集,2304,,亲把兵权，威镇三军。
丑集,2305,19，20,山风遇虎豹，朝暮当谨慎。
丑集,2306,,十几年庚滞，小试终不利。
丑集,2307,41,一天星斗甚光明，东西云生夜不分。
丑集,2308,55,紫微聚三台，三场捷报来。
丑集,2309,,兄弟七人，数有二贵。
丑集,2310,,数有十人，送老八人。
丑集,2311,81,汲水烹茶，清闲之福。
丑集,2312,,奇木游天下，未遇知己人。
丑集,2313,43，44,万斛之舟起便风，飘然飞渡过江东。
丑集,2314,33,数该生子。
丑集,2315,51,斗柄已移数己改，喜气频频送过来。
丑集,2316,59，60,寻个优优致，咏笑傲乾坤。
丑集,2317,49，50,行断江头渺茫茫，行人欲渡意彷徨。
丑集,2318,31,征帆顺水，瞬息千里。
丑集,2319,91,长歌春酒，乐以忘忧。
丑集,2320,,兄弟十一人，中断惜离群。
丑集,2321,,萱花椿树萎何时，他日父先母后逝。
丑集,2322,53，54,祸患不可测，不但人嗔且有鬼
丑集,2323,,终身飘泊未有依，明月飞来未有栖。
丑集,2324,57，58,大作怪主，人当有灾。
丑集,2325,,黄金久掩在泥沙，有日开藏世共夸
丑集,2326,75,数该生子，谁道蚌珠老。
丑集,2327,39，40,明月中末，文人之盛。
丑集,2328,27,据于蒺藜，且招耻辱。
丑集,2329,79，80,四壁有灾，寒虫飞出。
丑集,2330,,人无姊妹，苦不堪言。
丑集,2331,15，16,陇头消息报春来，点缀梅花次第开。
丑集,2332,,持家有法，必专大权。
丑集,2333,,得意之中还得意，财源之上发财源。
丑集,2334,,兄弟十一人，同父不同母。
丑集,2335,54,半夜飞霜彻夜寒，园中百草必有殃。
丑集,2336,66,衣锦藏珠，家门欢趣。
丑集,2337,,名登黄甲。
丑集,2338,69,渐沥秋声，悲衰何堪。
丑集,2339,,姊妹六人，数有不爽。
丑集,2340,,前程亨通安泰，朝阳正上三竿。
丑集,2341,,兄弟二人，数有一贵。
丑集,2342,52,流年坎坷，多少蹉跎。
丑集,2343,45，46,洞庭月色近中秋，好暗佳人可邀游。
丑集,2344,37，38,几番风雨好，依旧花鲜明。
丑集,2345,,夏天风嘉鼓吹，或时笑或时哭。
丑集,2346,54,囹圄之中有忧疑，金马徒劳有所思。
丑集,2347,,代婿经营，贤能莫及。
丑集,2348,,真假六人，逆老三枝。
丑集,2349,50,时有指南车，攸往无不利。
丑集,2350,80,壮年劳劳碌碌，老年成家无安闲。
丑集,2351,33，34,斯年无小利，不若且消停。
丑集,2352,33，34,骏马交驰，不能安逸。
丑集,2353,31，32,一江风雨暗，平地起波涛。
丑集,2354,,奇谋奇策千般遂，于橐万贯金。
丑集,2355,,观池得水时，则龙鱼变化。
丑集,2356,,贵人指引，前程利就名成。
丑集,2357,43，44,炎气薰人，凉风自至。
丑集,2358,45，46,优闲皆无事，不必羡神仙。
丑集,2359,87，88,桂兰香里自含胎。
丑集,2360,23，24,花边宝马跃金鞍，剪剪轻风阵阵寒。
丑集,2361,38,流星殒落，应乎其凶。
丑集,2362,26,宝鼎起青烟，线线行行薰翠袖。
丑集,2363,,妻生木火之子，妾生水火之儿。
丑集,2364,,命多印绶，两外翁姑。
丑集,2365,53，54,蹑足高楼，更上一层。
丑集,2366,37，38,谋事无成，马头烟雨。
丑集,2367,57,井中水涸，汲者兴嗟。
丑集,2368,36,灾晦陡至不自知，幽魂早已入黄泉。
丑集,2369,63,梧落金井运，秋风起日愁。
丑集,2370,,姊妹四人，二人早亡。
丑集,2371,,兄弟三人，数有二贵。
丑集,2372,54,圆月到五更生魄，其光渐减成昏昏。
丑集,2373,57,萱草有刑，孝服相侵。
丑集,2374,60,山高石倾，行人有惊。
丑集,2375,45，46,名销利关最缚人，长亭云暗掩风尘。
丑集,2376,36,车马并集，门庭热闹。
丑集,2377,,其手拘挛，前生果报。
丑集,2378,76,驾鹤乘云去，飘然竟不归。
丑集,2379,7,此刻读诗书，土年应入学。
丑集,2380,69，70,中夜起舞，乐也何如。
丑集,2381,55，56,劫杀凶人，家室有害。
丑集,2382,16,寒窗苦读书，终生为世用。
丑集,2383,,白玉藏废土，琢玉放光豪。
丑集,2384,,花落鸟啼，指深惆怅。
丑集,2385,55，56,初配不终老，半道而别离。
丑集,2386,,病余痨疾症，因花露沾衣。
丑集,2387,,无忧季子运不前，欢针遂意后十年。
丑集,2388,38，39,作事不成功，奇谋反成拙。
丑集,2389,,将星天定，三军司令。
丑集,2390,,苍天赐我一青无，寂寞寒窗又十年。
丑集,2391,40,玉笛之声，反成落梅之曲。
丑集,2392,,妻配鸡命，可免其刑。
丑集,2393,15，16,休嗟行路难，虎笑入渡关。
丑集,2394,35，36,安常处顺，猿啼余闷。
丑集,2395,,夫命属水，配夫年属木。
丑集,2396,,一领青衿，得却防失。
丑集,2397,69,一霄风雨，梧桐凋谢。
丑集,2398,17，18,作是反成非，奇谋反成拙。
丑集,2399,60,天罗地网，昏昏暗中有灾厄。
丑集,2400,23，24,人事变错，虎头蛇尾。
丑集,2401,51,迷离烟雨生滩头，今日晴明同上钩。
丑集,2402,17，18,病符相照，灾意外来。
丑集,2403,,收成一子属木，凡遇金水终当去。
丑集,2404,31，32,马乘其辔，车行千里。
丑集,2405,53，54,万顷波涛驾巨舟，吞天沐日过江头。
丑集,2406,45,疏灯夜雨，一隙之光。
丑集,2407,38,执鞭之士，我独为之。
丑集,2408,1,吹落黄花弄笛声，愁人听后思难禁。
丑集,2409,37,暖日薰人，门前色新。
丑集,2410,21,自知力少，勿谓任重。
丑集,2411,63,故有相与日，慷慨自无究。
丑集,2412,74,寒虫苦唧唧，助人之叹息。
丑集,2413,,洋洋喜庆如春至，滚滚财源似水流。
丑集,2414,,兄弟八人，乐奏几般音。
丑集,2415,53，54,衡门之下可栖迟，今日徒劳狂费思。
丑集,2416,21,猛虎怒威，人见有忌。
丑集,2417,,祖业守成兴复发，财源有分去还来。
丑集,2418,,始生木命，方合此刻。
丑集,2419,15，16,景物阳和，胜赏甚多。
丑集,2420,50，51,此年名利双收。
丑集,2421,52，53,得近帝王之身。
丑集,2422,66，67,名登黄甲。
丑集,2423,,花逢春景千般艳，月到中秋分外明。
丑集,2424,19，20,离乡别井，创立成家。
丑集,2425,,根基似浮萍，水面随风转。
丑集,2426,27，28,前妻金水之子，后妻土木之儿。
丑集,2427,,演武及第。
丑集,2428,69，70,一轮明月高，阴气渐消磨。
丑集,2429,65，66,无忧运未通，转行遇顺风。
丑集,2430,25,和气乖离，因小致大。
丑集,2431,,问名未成，问利有益。
丑集,2432,27，28,此刻注定读书人，得时便可上青云。
丑集,2433,,际遇得周全，牛背横吹过得村
丑集,2434,,酉戌二科，武举联捷。
丑集,2435,29，30,暗里飞箭来，须防有个伤。
丑集,2436,64,五方鬼现，兔走鸟飞。
丑集,2437,25，26,风飘万点正愁人，又见春来春色新。
丑集,2438,47，48,入山樵童喜，得地又得时。
丑集,2439,61,晚景安康，可乐余年。
丑集,2440,17，18,月有圆缺，人有离别。
丑集,2441,39,反复蹉跎，即是宰仙可柰何。
丑集,2442,65，66,家室吉庆，大小咸宜。
丑集,2443,73，74,前为社稷之臣，今为林下之客。
丑集,2444,57，58,一线如丝，结乱如麻。
丑集,2445,,欲上高楼未有梯，不能举走莫能扶
丑集,2446,,此刻注定贵人基，木年水年夫得贵。
丑集,2447,64,其年有刑伤，骨肉伤凄凉。
丑集,2448,55，56,灾之未已，伤之有失。
丑集,2449,47,就之出自无穷，寻之见而可喜。
丑集,2450,26,山前山后皆明月，江北江南总是春。
丑集,2451,47,扁舟江风挂帆来，千里程途顷刻回。
丑集,2452,12,入泮之喜，少年得意。
丑集,2453,,此刻定明经，金年初步木年成。
丑集,2454,11，12,禄马往来，常多庆吉。
丑集,2455,66,凭高远望，东指西顾。
丑集,2456,85，86,一颗明珠夜有光，主人会袭夜行藏。
丑集,2457,,兄弟三人，数有三贵。
丑集,2458,,归来之外，非亲非戚。
丑集,2459,21，22,鸟困于樊笼，神喜而不旺。
丑集,2460,41,天台迷路，渔郎问津。
丑集,2461,,一天风雨任黄昏。
丑集,2462,20,枕边之人曾见忧，半年床足半年头。
丑集,2463,,幼年失母，继母相依。
丑集,2464,65，66,应尽崎岖道路遥，登山涉水恨无桥。
丑集,2465,39,乡科及第。
丑集,2466,47，48,好个春光，偏恨妒风嫉雨。
丑集,2467,27，28,事欲速反，坚守乃得。
丑集,2468,43，44,晴天忽有暗云生，蓦地雷鸣恐一惊。
丑集,2469,51,冤仇相报，贵人解救。
丑集,2470,39，40,可恨灾星不可逃，阴阳愆度祸相招。
丑集,2471,,数有五子，一子送终。
丑集,2472,,其人之亡，定在八月。
丑集,2473,,两妻已死讵料，三妻上午而亡。
丑集,2474,42，43,杏花生艳，雨露初晴。
丑集,2475,,堪嗟姊妹缘分浅，数中纵有也分离。
丑集,2476,76,万事成空。
丑集,2477,37，38,丈夫得志日，方逐男志时。
丑集,2478,47，48,中流多风雨，操辑费着力。
丑集,2479,23，24,再养浩然之气，且加克已之功。
丑集,2480,,招风惹柳，曾作出墙红杏。
丑集,2481,,线财人手难为得，破耗忧愁不可言。
丑集,2482,,数有十二男，送老二子。
丑集,2483,55，56,夫妻本是同林鸟，不幸雄者竟先飞。
丑集,2484,53，54,山下过时逢猛虎，不伤人身也惊人。
丑集,2485,27，28,花枝凋零怕东风，秋雨吹残满地中。
丑集,2486,,生木火年，终于金水年方合。
丑集,2487,40,中年生子，莫嫌迟。
丑集,2488,63，64,东蒿黄菊，桂绽秋香。
丑集,2489,67，68,有酒盈樽，及时行乐。
丑集,2490,43，44,暗中行路迷，途有流萤引。
丑集,2491,,父母同年生同年死。
丑集,2492,,兄弟三人，数注前定。
丑集,2493,42,灾晦缠身，眉头愁蹙未开颜。
丑集,2494,59，60,草木零落月秋，一阳初动水痕收。
丑集,2495,,老来得子，双喜临门。
丑集,2496,67，68,深山迷路，樵童指引东西。
丑集,2497,39，40,好运催人，吉利相从。
丑集,2498,45，46,几点疏星落，南楼见太阳。
丑集,2499,,再升巡府。
丑集,2500,46,朝三暮四，苦心度日。
丑集,2501,38,数该生子。
丑集,2502,61，62,行人得中，邑人之咎。
丑集,2503,,为人丰姿俊雅气，轩昂行藏谨慎事。
丑集,2504,,胸藏绵绣腹蕴珠，文进黄贾学周程。
丑集,2505,37，38,坐于暗定，幸有流萤之光。
丑集,2506,42,江上早潮，因风相送。
丑集,2507,,此刻受二妻，土命金年娶。
丑集,2508,65,高飞促征雁，千里带霜回。
丑集,2509,30,迟日桃源春正浓，莺啼燕语媚流香。
丑集,2510,20,闺中调雅乐，彻幽人之致。
丑集,2511,23，24,春风若到，春色依旧满皇州。
丑集,2512,48,读尽诗书命不宜，宛然拙守托相知。
丑集,2513,,前妻生木水之子，后妻生金火之儿。
丑集,2514,41,相安无事日，屋漏鬼欺人。
丑集,2515,,良霄有酒无人赏，空余红烛伴黄昏。
丑集,2516,35，36,凛冽虎帐似春风，一片浮云在碧空。
丑集,2517,,有商贾之望，无功名之分。
丑集,2518,29，30,一庭红紫斗芳菲，昨夜西风吹折枝。
丑集,2519,,有梯有板，高楼直上不难。
丑集,2520,23，24,靖固四方，无疆场之患。
丑集,2521,30,进退有所制，若惊又若恐。
丑集,2522,,三番四覆自家知，根长东来叶落西。
丑集,2523,32,将星照命，武举可必。
丑集,2524,,一胎二子，数中不爽。
丑集,2525,,居安思危，思则有备。
丑集,2526,27,苍蝇有翅翼，风起飞腾不远来。
丑集,2527,79，80,岁聿已云暮，惟愿一阳生。
丑集,2528,89，90,数中生七子，二子送老。
丑集,2529,,心之劳竭，做事不成。
丑集,2530,,正妻木年已克，次妻火年娶方合。
丑集,2531,16，17,劳劳为苦读，学而时习之。
丑集,2532,38,太岁当头，不测自来。
丑集,2533,68,寂寞相如病茂陵，卢医再出便回生。
丑集,2534,24,跨著蹇驴，踯躅道途。
丑集,2535,45，46,栖移三转，一枝可栖。
丑集,2536,39，40,落日微风动，帘开引燕来。
丑集,2537,,横槊赋诗，虽武而娴雅儒术
丑集,2538,54,双双燕侣两分飞，不想夫君命不归。
丑集,2539,59，60,星斗乱鸦啼，处处见朦胧。
丑集,2540,,鱼跃于渊。
丑集,2541,49,柳外莺嘀闹落花，兰房寂寞日西斜
丑集,2542,,天性豁达良知敏，气质清纯礼义通
丑集,2543,,和风雨日时时乐，进喜添财事事通。
丑集,2544,15，16,武曲当头，弓马入泮。
丑集,2545,51,厨下火起，灾及室人。
丑集,2546,31，32,一掷千金浑身胆，家徒四壁不知贫。
丑集,2547,66,云开雨霁，万里光华。
丑集,2548,53，54,进甚难退甚易，乾乾而夕惕。
丑集,2549,,生得多雅丽，益子荣夫发家起。
丑集,2550,65，66,罢却人爵修天爵，治国不如齐家高
丑集,2551,25，26,无边红紫，大地阳春
丑集,2552,22,荆棘塞道路，遑遑莫问津
丑集,2553,45，46,三年换东风，律转换荣华。
丑集,2554,25，26,风雨暴至，长途泥滑。
丑集,2555,,冰清玉洁实堪夸，益子荣夫发大家。
丑集,2556,,德重乡党允，称学门大耆。
丑集,2557,,阡陌田园百亩桑，三公不换此风光。
丑集,2558,43，44,门前喜鹊噪，喜事逐门来。
丑集,2559,19，20,名列庠序，弓马入泮。
丑集,2560,,兄弟九人，秦楚不同盟。
丑集,2561,57，58,凶相欺吉，神皆拥护。
丑集,2562,27，28,与人无求，快然自乐。
丑集,2563,43，44,克勤克俭，利有攸往。
丑集,2564,,若迫若缓，徘徊不前。
丑集,2565,31，32,渔舟一叶半江中，饮酒相看乐意浓。
丑集,2566,13，14,名进宫墙，弓马入泮。
丑集,2567,43，44,鬼神无情，灾毒不息。
丑集,2568,43，44,复西又复东，踪迹若飘蓬。
丑集,2569,33,名高先歌唱，秋风赴宴鸣。
丑集,2570,45，46,日照样光簇锦纹，高歌白雪与阳春。
丑集,2571,,牡丹花开早，双双产白眉。
丑集,2572,,剪发延宾能内助，断机教子早登科。
丑集,2573,52,咬牙切齿虚，在人生之忧。
丑集,2574,29，30,一片丹心，报孝社稷。
丑集,2575,69，70,一愿惟知匡社稷，无如年来古稀时。
丑集,2576,,一树梅花破玉开，风吹几点是妆点。
丑集,2577,,婚姻多议禄，不合招极迟。
丑集,2578,67,挣挫度桥来，前境已半陷。
丑集,2579,29，30,醉而不醒，昏昏沉沉度日过。
丑集,2580,69,霏霏细雨逐轻尘，阳台关上送行人。
丑集,2581,63，64,叔夜无心撮，被孙登之诮。
丑集,2582,,有妻似无妻，娶妻靠有妻。
丑集,2583,43，44,风吹浮萍，随波上下。
丑集,2584,,负倜傥之才，终须小试。
丑集,2585,13，14,春光度莨草，庭前遍绿荫。
丑集,2586,,日夜迎宾宴客回，犬吠主人心有悔。
丑集,2587,,雁行无伴，挺卓自持。
丑集,2588,43，44,尘埋镜露光，不与用时同。
丑集,2589,,命有偏才，偏房必要。
丑集,2590,,真假三子，二子送老。
丑集,2591,61,奔驰千里路，登高而伫足。
丑集,2592,77，78,消闲无事，安享其福。
丑集,2593,43，44,细雨并无逾，征夫怪夜驱。
丑集,2594,53，54,阳和明景，事业更新。
丑集,2595,57，58,行过山兮水又兮，相看前陌有长堤。
丑集,2596,59,崎岖交变，处置诚难。
丑集,2597,13，14,未行而先止，脚收其益知。
丑集,2598,14,牡丹初发，其根已萎。
丑集,2599,,发财可喜。
丑集,2600,,好树枝疏覆绿阴，行人至此漫消停。
丑集,2601,53，54,三春花茆，半在风雨中。
丑集,2602,70,风吹白玉梅花飞，骚人相约叩柴扉。
丑集,2603,48,和气洋溢，事皆相宜。
丑集,2604,,兄弟八人，乐奏几般音。
丑集,2605,,虽曰三时休苦，其实耕稼为先。
丑集,2606,,身居烟火地，愁暑不愁人。
丑集,2607,52,画堂终夜烛生花，药彩光摇透绛纱。
丑集,2608,30,名登黄甲。
丑集,2609,42,长江虽有浪，一苇渡行人。
丑集,2610,,收养一子实属金，总然土木难成人。
丑集,2611,15，16,命带文昌，正当入泮。
丑集,2612,,四人位导二，耕读君为先。
丑集,2613,34,远近青山，回环千里。
丑集,2614,,可惜是个女流辈，也有良人不似他。
丑集,2615,47,鹊噪新睛，帘前佳音。
丑集,2616,,隔江风起秋阴早，晚征夫子仔细行。
丑集,2617,25,午夜以报，食而以空。
丑集,2618,,挨排度日，未见笑颜。
丑集,2619,,兄弟四人，数注皆贵。
丑集,2620,,马无缰辔，未可以行。
丑集,2621,17，18,名利两成，身游泮水。
丑集,2622,23，24,独坐黄错谁是伴，紫蔬花对紫薇郎。
丑集,2623,,招得一子金，二子木。
丑集,2624,,书窗春缓，桂籍生香。
丑集,2625,30,乡榜题名。
丑集,2626,31,年来时又高，饮酒乐富豪。
丑集,2627,,副魁而司教，铎食禄天朝。
丑集,2628,,三子生年属金，四子生年属木。
丑集,2629,,此刻生人，妻宫带疾。
丑集,2630,39，40,登月宫扳丹桂，饮鹿鸣会嫦娥。
丑集,2631,,不从文武科中出，命有小人吏员行。
丑集,2632,51，52,兄弟十一人，数有六贵。
丑集,2633,,招得水火之子，妻巧金土方合。
丑集,2634,14,得进黉门，少年可喜。
丑集,2635,,红炉不断燧皇火，羽扇频摇少女风。
丑集,2636,77，78,巷衢鼓舞乐尧天。
丑集,2637,7，8,小桥泮藜，书香门第。
丑集,2638,29，30,名登黄甲。
丑集,2639,,生金水之子，妻配土木方合。
丑集,2640,51，52,兄弟十二人，数有六贵。
丑集,2641,,晚潮失早潮兴，夹岸苍海水平。
丑集,2642,25，26,丰年粮足，家室宁康。
丑集,2643,,多艺多能，衣食足用。
丑集,2644,,傲物气高，多所不合。
丑集,2645,,以监而选知县，数由前定。
丑集,2646,55，56,屈指计前程，程程查不成。
丑集,2647,56,蔓荆当道，步步纠缠。
丑集,2648,45，46,灾晦相侵，流年不宁。
丑集,2649,,初授知县，必有变迁。
丑集,2650,69，70,吉神切莫对凶神，对敌祸深而福浅。
丑集,2651,23，24,命带文昌，正当入泮。
丑集,2652,,兄弟五人，数有二贵。
丑集,2653,39，40,索绚成盛，亟时早图。
丑集,2654,,罗网内张，外来无良。
丑集,2655,,无男无女，在家出家。
丑集,2656,37，38,鸿飞冥冥笑，薮泽之戈人。
丑集,2657,59，60,波浪虽高，弧舟系得住。
丑集,2658,,数有十二子，一子送老。
丑集,2659,49,风平浪息，正好行舟。
丑集,2660,,言慎行微，未可傲物。
丑集,2661,51,太岁无情，凶多吉少。
丑集,2662,53，54,事不劳心，谋略凑合。
丑集,2663,,乐得足优闲，多为情义士。
丑集,2664,,兄弟六人，数有二贵。
丑集,2665,,问艺岂能成大业，笙歌空误少年行。
丑集,2666,65，66,当忧不忧，吉神解救。
丑集,2667,46，47,倚窗吟寂正愁人，风动帘笼暗有惊。
丑集,2668,53，54,清宵鹤唳，凄凉为怪物。
丑集,2669,71,一泓清水碧琉璃，鱼跃波纹惊若疑。
丑集,2670,11，12,风雨明晦，昼夜不分。
丑集,2671,,医星高照，悬壶得名。
丑集,2672,,四字切忌：锲而不舍。
丑集,2673,,木火之年当得贵，此刻生人定不差。
丑集,2674,41,度过藤桥路径通，人声掩映绿阴中。
丑集,2675,29,朝夕奔驰，愁怀莫释。
丑集,2676,39，40,劫神操权，威镇三军。
丑集,2677,44,天祜吉人闲，中福寿康宁。
丑集,2678,50,白豕负涂，灾入室中。
丑集,2679,,此刻生人，死于土方年方合。
丑集,2680,61,腰间虽有黄金甲，犬头鼠脚也惊人。
丑集,2681,21,行径盘恒，进退未安。
丑集,2682,,锦堂开寿域，儿孙称贺福绵绵。
丑集,2683,25，26,主张和有人，进取尚有益。
丑集,2684,,兄弟十人，数有一贵。
丑集,2685,55，56,到处有逢迎，马足几千里。
丑集,2686,,钥琐相连不须疑，丹桂须扳第一枝。
丑集,2687,,富贵荣华称寿考，尺壁寸金木为宜。
丑集,2688,49，50,暖衣饱食，可以永日。
丑集,2689,,比武举而选千总，数由前定。
丑集,2690,53，54,人事蹉跎惆怅多，怎能消遣可如何。
丑集,2691,64,雷振东南，不及掩耳。
丑集,2692,,天地宠耀，位至三公。
丑集,2693,55,鬼神赫怒，天降之祸。
丑集,2694,,连建不世奇功，合当世爵。
丑集,2695,26,东风有信，长安十里杏花香。
丑集,2696,,背灯一部书，未可言得意。
丑集,2697,,相亲不相见，相见不相知。
丑集,2698,87，88,醉起舞婆娑，安然乐意多。
丑集,2699,12，13,小桥扶藜，曲转绿杨溪。
丑集,2700,17,鸥鸟自相亲，橹声摇曳不为惊。
丑集,2701,27，28,五福咸臻，儿孙绕室。
丑集,2702,,驱牛烦热最难当，放下阴处可纳凉。
丑集,2703,,先花后果，早子逢凶。
丑集,2704,17，18,春色恼人闷，眉头锁不开。
丑集,2705,,骨肉伤情，多病人心。
丑集,2706,25，26,晦气消除人事通，谋为皆善合相逢。
丑集,2707,,命中偏才，偏房可立。
丑集,2708,56,丧门相照，忧及严亲。
丑集,2709,,妻配犬命生，不至中途分。
丑集,2710,23，24,恩命天来，敕受封赠。
丑集,2711,,潭溪一转，流水溶溶。
丑集,2712,25，26,多仓多箱，福禄无疆。
丑集,2713,45,笔走龙蛇高万丈，一举扬名应富豪。
丑集,2714,25，26,暑气薰人，待时可解。
丑集,2715,67，68,不以年迈自而诿，惟知赤心报国家。
丑集,2716,,兄弟七人，数有六贵。
丑集,2717,55，56,雨雪霏霏，长途泥滑。
丑集,2718,28,乡科及第。
丑集,2719,75,万事得周全，夕阳东下水流西。
丑集,2720,45,禄耀职照，官升职显。
丑集,2721,,自约出家，前缘所报。
丑集,2722,47,可限灾星不可逃，阴阳愆度更相遭。
丑集,2723,21，22,奎星高照，一举冠群英。
丑集,2724,65，66,余寒犹未减，何必问东风。
丑集,2725,,数有五子，一子送老。
丑集,2726,52,逾垣而进，守以中正。
丑集,2727,37,牛羊相触，祸伏萧墙。
丑集,2728,40,盈盈花落，泪及红妆。
丑集,2729,25，26,江头昨夜报潮生，来往奔驰势未能。
丑集,2730,41，42,况而复滞，百般巧计。
丑集,2731,29，30,此年多灾星，宝镜被尘埋。
丑集,2732,,一生享用多丰足，万事无求福自来。
丑集,2733,,晋升知县。
丑集,2734,23，24,早花方秀丽，风雨又相催。
丑集,2735,45，46,即鹿无虎，徒枉取难。
丑集,2736,77,稀更稀今朝，长别待何时。
丑集,2737,57，58,不得其志，渊明东归。
丑集,2738,27,谋事无成破损多，凡为无遂怎如何。
丑集,2739,17,效该生子。
丑集,2740,22,隆隆三伏暑，金风一夜爽人怀。
丑集,2741,42,时运颠倒，行人暂停。
丑集,2742,58，59,通都大邑，万物咸备。
丑集,2743,30,前程有厄，退之为得。
丑集,2744,31,南园风烈烈，昨夜桂花风吹折。
丑集,2745,45，46,虽得东风便，一夜渡扁舟。
丑集,2746,,真假二子，得以送老。
丑集,2747,55，56,阴阳调和，沾濡雨露。
丑集,2748,35，36,利用咸宜，东西南北也相宜。
丑集,2749,32,出谷黄莺，最好佳音。
丑集,2750,21,求之不得生，浊浪卷浮云
丑集,2751,,命犯天囚决配，徒流出外州
丑集,2752,,早失双亲根柢孤，生涯又薄少良图。
丑集,2753,,四方之利，白手兴家。
丑集,2754,31,科甲及第。
丑集,2755,,皓月十分圆，光明千里遍山川
丑集,2756,35，36,已知其足，自然无欲
丑集,2757,,秋水照龙门，春风吹桃李。
丑集,2758,,木火之年俱生子，无奈金水尽克去。
丑集,2759,,此刻注定有贵子，土木之年得功名。
丑集,2760,33，34,东风拂寒来，其年事多端。
丑集,2761,19,春酒已熟，无日不足。
丑集,2762,67，68,常怀共忧虑，日后享安舒。
丑集,2763,59，60,中奎辕上碧琉璃，万里光明路不迷。
丑集,2764,,此刻注定贵妇人，土木之年夫大发。
丑集,2765,15，16,淡云色青青，春梦正悠悠。
丑集,2766,55,夕阳西下，牧人忘牛。
丑集,2767,,豕惊踯躅，灾晦相侵。
丑集,2768,49，50,年来颇相得，日里耕夜织
丑集,2769,,祸福无常，内外交错。
丑集,2770,,蛩声唧唧，妇叹于室。
丑集,2771,90,东君犬吠，吃着一惊。
丑集,2772,,破却家财出外州，贵人相助不须忧。
丑集,2773,59，60,人事问兴，然乐意浓。
丑集,2774,22,披襟凉亭上，渐渐爽气来。
丑集,2775,,命薄红颜一树花，春风已抱曲琵琶。
丑集,2776,39，40,运至时行，家道渐兴。
丑集,2777,,兔狡脱间，雉取罹罗。
丑集,2778,35,夫别阳间去，干愁泪两行。
丑集,2779,,经营早晚苦劳心，脱却劳心幸有成。
丑集,2780,39，40,马蹄逐尘，驰驱千里。
丑集,2781,55,细雨霏霏，前途泥滑。
丑集,2782,,五子土六子水。
丑集,2783,82,从容乐意，自适余年。
丑集,2784,69,此年事不宁，灾晦又相侵。
丑集,2785,41,同舟共乐，前有风波。
丑集,2786,,律法精明人品异，案头文卷逐条彰。
丑集,2787,25，26,过了崎岖路，尽是舟渡行。
丑集,2788,54,科甲及第。
丑集,2789,,屠行并非美业，放下屠刀成佛。
丑集,2790,65，66,得失无关，安然进步。
丑集,2791,50,中年得子莫嫌迟，惟喜迟儿庆有余。
丑集,2792,55，56,劳心又劳力，挑担未有人。
丑集,2793,35，36,乱落桃花舞风时，春来去少三五枝。
丑集,2794,,数有四子，三子送老。
丑集,2795,,时授府左，堂郎官列。
丑集,2796,23，24,桃李带雪满园开，红红白白报春来。
丑集,2797,53，54,乔木来仪，文明之象。
丑集,2798,21,扬子江头一小舟，轻风相送顺流行。
丑集,2799,14,春色十分浓，水流花落鸟威风。
丑集,2800,48,前去有风波，行人仔细过。
丑集,2801,50,安闲岁月，无事不悦。
丑集,2802,46,风吹禅灯，半明半暗。
丑集,2803,45,庭前草色，红绿交加。
丑集,2804,17，18,如醉初醒，人事开展。
丑集,2805,,秋风萧然，满地黄花。
丑集,2806,51,日照楼台，浮云渐开。
丑集,2807,,辛苦拮据，白手成家。
丑集,2808,52,灵符相照，绵绵浮灾意外来。
丑集,2809,58,赏花有年，风吹孝服三年忧。
丑集,2810,17，18,事业不专，进三退四。
丑集,2811,61,房孝之年。
丑集,2812,27，28,梦之未醒，或颠或倒。
丑集,2813,70,大数已停，好花开尽。
丑集,2814,,妻命火年生方合。
丑集,2815,57,朱衣点头马，所威北山陬。
丑集,2816,31,忧之复喜，先难后易。
丑集,2817,55，56,晓望山前霁色开，俄然风起雨又来。
丑集,2818,83，84,前后拥护，履之不意。
丑集,2819,,焚香晨诵法，点烛夜谈经。
丑集,2820,69，70,德惠流芳，兰蕙生香。
丑集,2821,,雪摊兰关，独疑不前。
丑集,2822,,非僧非道，优游逸民。
丑集,2823,,夫妻应偕老，琴瑟得和鸣。
丑集,2824,53，54,人事今朝得畅怀，春风丽日好花开。
丑集,2825,25，26,云收雨散，可问行藏。
丑集,2826,23，24,走到半途路若迷，其中一着点先机。
丑集,2827,40,名登黄甲。
丑集,2828,25,空中伏火烟，笼中紫燕飞。
丑集,2829,32,无意多运穷，人做小勾连。
丑集,2830,39，40,花落又花开，春风次第来。
丑集,2831,51,其年不利，官事勾连。
丑集,2832,30,山川火发，殃及千人。
丑集,2833,,徒弟十人，送老五人。
丑集,2834,31，32,谋事方齐，春风又送子规啼。
丑集,2835,45，46,晦气及人，减却精神。
丑集,2836,59,交错声笛，梅花开落。
丑集,2837,50,到此数难留，整顿别离愁。
丑集,2838,,兄弟五人，数当尽贵。
丑集,2839,53，54,流年驳杂事，纷纷紫竹敲。
丑集,2840,35，36,谋事未通行，船遇打头风。
丑集,2841,71，72,有食有余，乐于晚年。
丑集,2842,19，20,春光虽好，风雨堪悲。
丑集,2843,63，64,山头饥虎蹲，行人须仔细。
丑集,2844,,双亲俱有寿，母先赴瑶池。
丑集,2845,,身在公门寻活计，运来自有贵人扶。
丑集,2846,12，13,晦气相侵，狂风骤雨。
丑集,2847,25,声名显宇宙，皇都得意回。
丑集,2848,19，20,进退咸无位，不如守其中。
丑集,2849,18,兰膏已尽，一室昏暗。
丑集,2850,,初任主事之职。
丑集,2851,,五行最有刑，出胎便丧母。
丑集,2852,45，46,开门似水，信哉磨磷。
丑集,2853,27，28,外错不知，忧之如何。
丑集,2854,42,否之既进，忧之复来。
丑集,2855,49，50,风外康节，祯祥之福。
丑集,2856,,可得螟伶之子。
丑集,2857,,兄弟十人，数有三贵。
丑集,2858,,生涯不若破家业，破耗一似绵张风。
丑集,2859,19，20,洛阳为报十分春，杨柳依依绿荫。
丑集,2860,63，64,虎怒成风，山木皆惊。
丑集,2861,,罗列高堂，汪然渺茫。
丑集,2862,,湘江烟火荛波涛，二雁高飞任去来。
丑集,2863,43,童运未坚，早入黄泉。
丑集,2864,33,行事无阻，行舟顺风。
丑集,2865,38,生计已尽，梦入华胥。
丑集,2866,42,知已将来不用求，龙泉磨利射斗牛。
丑集,2867,,一胎生三子，世上罕有事
丑集,2868,33,科甲及第。
丑集,2869,71,恶曜攻身，须防危险。
丑集,2870,25，26,生涯寂寞，凄凉无诊。
丑集,2871,,有日似刀锋，原来性不凶
丑集,2872,58,相见有悲啼，一夜凄凉泪别情。
丑集,2873,51,画虎于墙，有惊无灾。
丑集,2874,12,六阴极处水凝冰，造物分明未有形。
丑集,2875,49，50,"事事多趄語,静听自得宜"
丑集,2876,49,一杯春酒一杯水，坚守为高事可宜。
丑集,2877,75,为着别故人，空作有年计。
丑集,2878,,兄弟十人，数有三贵。
丑集,2879,42,居上克昨，为下克忠。
丑集,2880,57，58,十年以前事纷纷，此后图谋事遂心。
丑集,2881,21,镜中之花，遇而不遇
丑集,2882,29,春水鱼儿游，一跃而变化。
丑集,2883,21,谋事费工夫，反覆几蹉跎
丑集,2884,24,一天星斗甚光明，十里长亭一夜行。
丑集,2885,,有心领青衿，已知一生届
丑集,2886,,招得金水土之子，方合此刻。
丑集,2887,43，44,出转回溪便连当，夹岸绿杨更已新。
丑集,2888,55，56,美运辐，财帛相臻。
丑集,2889,65,所为皆合，谋事有益。
丑集,2890,55，56,今朝来喜太平年，解放眉头开笑颜。
丑集,2891,25,围炉烘火，暖气薰人。
丑集,2892,53，54,一步崎岖，高低不平。
丑集,2893,,画饼充饥，谋悉成虚。
丑集,2894,25，26,霜霜霏霏，长途泥滑。
丑集,2895,41，42,德裕经邦，才优济世。
丑集,2896,27，28,昏迷朦胧，未分东西。
丑集,2897,13，14,春夏秋冬，寒暖相迁事不同。
丑集,2898,27，28,遍舟一叶渡，东南风正狂。
丑集,2899,65，66,风雨霏霏，长途崎岖。
丑集,2900,,浮云飞去，依旧晴明。
丑集,2901,,科甲及第。
丑集,2902,41，42,流年凶星，灾晦相侵。
丑集,2903,,土年母终。
丑集,2904,90,喜之未已，忧之又随。
丑集,2905,39，40,冷落离披，雨中桃李。
丑集,2906,26,炉烟消尽化成灰，一缕云生化气回。
丑集,2907,,璞出于石，无人识别。
丑集,2908,27，28,谋事难成，徒劳心力。
丑集,2909,35,进士及第。
丑集,2910,25，26,祖业不靠，白手成家。
丑集,2911,,妻生一子，亲生二子。
丑集,2912,41，42,通霄风雨，十分春色便珊珊。
丑集,2913,,习业儒读萧何略，身在公门乐意多。
丑集,2914,25，26,太岁相冲，纵喜也凶。
丑集,2915,39，40,有征无战，光王之师。
丑集,2916,49，50,前去路迢迢，何须问变化。
丑集,2917,53，54,事业问萧曹，功名亦可得。
丑集,2918,,乡科及第。
丑集,2919,5,却空篱落，探春回还。
丑集,2920,25，26,利不可求，动而见忧。
丑集,2921,,妻命属猪，中途而去。
丑集,2922,34,名登黄甲。
丑集,2923,31，32,青青草色，又得一番风雨滋。
丑集,2924,25，26,黄昏不辨，幸逢朗照。
丑集,2925,,兄弟八人，数有一贵。
丑集,2926,49，50,多少未了事，件件挂心怀。
丑集,2927,53，54,马在山南，人在山北。
丑集,2928,77,束装西归，鸿唱送离歌。
丑集,2929,27，28,耿耿不寐，搔首谁语。
丑集,2930,51，52,马头羊尾，跋涉多风雨。
丑集,2931,43，44,千里寄书来，疑吉又疑凶
丑集,2932,,塞外风物滥关情。
丑集,2933,57，58,蛇绕虹腾民，仰中天法曜。
丑集,2934,,改换门闾事更新，锦衣玉食福仍臻。
丑集,2935,57，58,腰横金作带，符剑玉为邻。
丑集,2936,77,阳数满难回，定作黄泉客。
丑集,2937,57，58,炎热已蒸人，爽气已侄秋信至
丑集,2938,39，40,忧情种种人无殊，获屈蛇蝎志未舒。
丑集,2939,,授九童之诰命，统百万之雄兵。
丑集,2940,29,蟮蜃吻虽黄，破处重重讼。
丑集,2941,59，60,大车无辙，小车无轨。
丑集,2942,49，50,破财耗散，事多变迁。
丑集,2943,15，16,洞房之喜，定在此年。
丑集,2944,29，30,小人相欺，夫端降害。
丑集,2945,39，40,黄薤淡饭可疗饥，竹筲茅舍乐有余，
丑集,2946,25，26,明月见星，说法谈经。
丑集,2947,16,苦雨入凄风，令人不堪闻。
丑集,2948,23,秋寒苦旱，沆然下雨足精神。
丑集,2949,53，54,红妆冷落，秋草焦枯。
丑集,2950,,数有六子，四子送老。
丑集,2951,,财帛丰盈，一世我忧。
丑集,2952,56,双飞紫燕两分飞，夫君不幸命先归。
丑集,2953,28,喜气宠袭，终难一遇。
丑集,2954,25，26,新竹破苍苔，成竿指日来。
丑集,2955,44,皓月正当空，清光自不同
丑集,2956,57,孝服三年，于此不免。
丑集,2957,,此刻孔门人，金年当入泮。
丑集,2958,67，68,富贵两全，人间之福。
丑集,2959,,复任知县。
丑集,2960,55，56,病符照命，灾意外来。
丑集,2961,,母终于金年方合。
丑集,2962,15，16,事业不专，半进半退。
丑集,2963,45，46,天高地迥，不可叹穷愁。
丑集,2964,77,夕阳初下，数已尽矣。
丑集,2965,31,钱财陡发，驷马驰来。
丑集,2966,,当有三母之称。
丑集,2967,29，30,瑞气融融，门庭喜庆。
丑集,2968,45，46,药飞片片，寒冬趣煎。
丑集,2969,43，44,一江春水送行舟，万里云山极目游。
丑集,2970,44,孝服相侵，流年肖咎。
丑集,2971,,六亲少靠，骨肉寡缘。
丑集,2972,,父母生来，独自一个。
丑集,2973,45，46,心之忧寂，最难度日。
丑集,2974,55，56,富裕且康，惟田惟桑。
丑集,2975,15，16,花蕊初红，暴风疾雨。
丑集,2976,23，24,连遭时不利，欲进不能行。
丑集,2977,,精修玄妙法，子里仰纯阳。
丑集,2978,,生辰八字造化，五行生克卜荣枯。
丑集,2979,43，44,优闲岁月，斯为多福。
丑集,2980,33，34,晓烟迷杨柳，长堤远溟蒙。
丑集,2981,17,前途应有渔郎渡，不必停骖去问津。
丑集,2982,55，56,兴至三杯酒，闲时一局棋。
丑集,2983,63，64,传得松筠，新逢桃节花。
丑集,2984,41，42,雪与梅花并，又见一番香。
丑集,2985,23，24,有针无线用，欲空无成衣。
丑集,2986,,升迁理刑郎，官列宿命宫。
丑集,2987,53，54,朝功暮课，种得清净福。
丑集,2988,67，68,园中花畔闻啼鸟，此时天命非久长。
丑集,2989,51，52,著新结排，列大规模。
丑集,2990,,弃偏途而就正道，来日尽光明。
丑集,2991,,观颜察色分贫富，验气凝气神识英雄。
丑集,2992,30,三星在户，喜事频来。
丑集,2993,52,鼓舞之福，安然终朝。
丑集,2994,,欲成来生佛，早晚须诵经。
丑集,2995,44,乐事从心，眉头喜生。
丑集,2996,,早涉风霜苦，运来发财自兴家。
丑集,2997,29，30,大厦要扶持，还须得一本。
丑集,2998,61，62,已得静中趣，安然与世殊。
丑集,2999,,为人素有刚柔性，处世机亲出从伦。
丑集,3000,,钗于奁内，玉在框中。
寅集,3001,67，68,韶光明媚，瑞气融融。
寅集,3002,21，22,行径盘恒，居止未利。
寅集,3003,,数有不幸，母死于非命。
寅集,3004,35，36,子登科甲。
寅集,3005,42，43,乍雨乍晴，春光不定。
寅集,3006,,官至史部，解级林下。
寅集,3007,61,千仓万箱，当寿且康。
寅集,3008,,自立自持，鸿雁孤飞。
寅集,3009,,官至总督，仕高爵厚。
寅集,3010,31,至此数完，何必复行。
寅集,3011,23，24,许子不禅，劳而不功。
寅集,3012,99,不求人自足，图个清闲福。
寅集,3013,,一字切记：曰五住不得。
寅集,3014,,力能拮据成家业，中运平平老景隆。
寅集,3015,,父命木年生方合。
寅集,3016,41，42,谈笑之言凑机会，一路升平得意回。
寅集,3017,55，56,顺受其正，厥德日新。
寅集,3018,71，72,老年康健，福禄荣高。
寅集,3019,,兄弟五人，数有二贵。
寅集,3020,39,满目照光观不尽，一旦无常作故人。
寅集,3021,,鹊巢鸠占，愁绪无边。
寅集,3022,,千里经商抵海涛，命逢驿马数中该。
寅集,3023,,太岁到鼠年，天下太平安。
寅集,3024,,前妻生二子，后妻生三儿。
寅集,3025,54,正欲挥戈向日，俄而天阙坠其星。
寅集,3026,72,得意时东下齐城。
寅集,3027,13，14,杨花飞絮来，丧服数中该。
寅集,3028,,叹明月举案，齐眉知何时。
寅集,3029,57，58,家无不足，虫鼠耗之。
寅集,3030,27，28,平安为福，不实生危。
寅集,3031,44,只可守株等兔，不可缘木求鱼。
寅集,3032,40,抛别妻儿万古愁，青山绿水空悠悠。
寅集,3033,2，3,祖阴隆厚，化险为夷。
寅集,3034,83，84,子占科名。
寅集,3035,,兄弟四人，乐奏几般音。
寅集,3036,43，44,剑遇张华贵，马逢伯乐高。
寅集,3037,39，40,正驾高帆游大海，忽然一阵打头风。
寅集,3038,,白虎入牛年，速解免困顿。
寅集,3039,23，23,一湾流水，源源不绝。
寅集,3040,,母命木年生方合此刻。
寅集,3041,57，58,五母鸡二母猪，享田园之乐。
寅集,3042,43,水尽山穷处，万事总成空。
寅集,3043,27，28,佩玉幸遇良工讷，免令终岁隐于山。
寅集,3044,30,春色侵人，吉利可恁。
寅集,3045,43，44,富贵从此到，福禄自天来。
寅集,3046,,兄弟六人，数有二贵。
寅集,3047,49，50,有灾复有灾，厄畔有忧来。
寅集,3048,,白虎在寅年，祈福免灾厄。
寅集,3049,69，70,日月得悠悠，寻常不用求。
寅集,3050,,一枕黄粱万事空。
寅集,3051,42,水尽山空命不坚，渺渺茫茫别春天。
寅集,3052,,赖有祖父栽培，根基永固。
寅集,3053,,风景独好，已近黄昏。
寅集,3054,46,孔子遭於匡，因貌似阳虎。
寅集,3055,,廉颇未老，威镇三关。
寅集,3056,19，20,难进易退，退步为高。
寅集,3057,33，34,披息浪平，行舟得利。
寅集,3058,,太岁犯兔年，解送免灾厄。
寅集,3059,69,天上玉书召，地下失英雄。
寅集,3060,,背水一战，夷从险生。
寅集,3061,43,寿穷数尽不堪悲。
寅集,3062,55,惟德动天，利贞吉亨。
寅集,3063,33,子当入泮。
寅集,3064,,积有钱财，发家致富。
寅集,3065,18,春风吹柳絮，新绿映人怀。
寅集,3066,61,生子之年。
寅集,3067,33，34,草木得红，根叶滋培。
寅集,3068,,太岁犯龙年，预解免灾缠。
寅集,3069,57，58,平地起风波，人在浮沉里。
寅集,3070,27，28,知进知退，可保忧虞。
寅集,3071,35，36,鸦鸣鹊噪，吉凶相伴。
寅集,3072,60,雪点红炉，祸患潜消迎百福。
寅集,3073,41,牧牛南亩，山下祸起。
寅集,3074,,官至尚书，荣归华堂。
寅集,3075,,姐妹四人，婚姻奇配。
寅集,3076,39，40,获芦佛子江能渡，莲华佩人海可航。
寅集,3077,,虎帐之尊，惟威惟赫。
寅集,3078,24,母日云亡，孝为相当。
寅集,3079,,太岁犯蛇年，急解免灾缠。
寅集,3080,,左右逢酒，随心所欲。
寅集,3081,57，58,子占科名。
寅集,3082,,太岁犯马年，宜避凶灾。
寅集,3083,,父母双荣荫庇长，子孙犹得食天仓。
寅集,3084,43，44,坦道扬鞭驰骏马，负好掉杆驾高帆。
寅集,3085,,兄弟六人，数有二贵。
寅集,3086,55，56,凶多吉少，流年不利。
寅集,3087,35，36,佩玉不相识，淘沙始见金。
寅集,3088,21，22,求谋事不成，身闲心不闲。
寅集,3089,61，62,脱却尘埃，悠然物外永无回。
寅集,3090,57，58,门庭喜气，金玉辉煌。
寅集,3091,75，76,人事逢佳景，肠断去年春。
寅集,3092,,美羡添丁高，原来一场虚。
寅集,3093,70,行乐度流年，百事从容福自然。
寅集,3094,,兄弟二人，数有二贵。
寅集,3095,,夫妻同庚，先天定数。
寅集,3096,23，24,山中卜筮占周易，悔吝灵困是亢龙。
寅集,3097,81,子占科名。
寅集,3098,,自成自立自撑持，骨肉亲门事事虚。
寅集,3099,,太岁犯羊年，祈保得安然。
寅集,3100,15，16,且喜从容事事长，一歌一曲乐无疆。
寅集,3101,,兄弟二人，数有一贵。
寅集,3102,53，54,至哉坤元，万物资生。
寅集,3103,33,杨柳迷离，所为欠顺。
寅集,3104,,喜气如春，财源似水。
寅集,3105,28,岁月云亡，无庭之训。
寅集,3106,,白虎入猴年，宜解免灾缠。
寅集,3107,18,科场得意，冲天大幸。
寅集,3108,41，42,子登科选。
寅集,3109,,一树之凤，生财有路。
寅集,3110,,生决由来不聚财，农田乐事称人怀。
寅集,3111,,志气丈夫日，功名人尽知。
寅集,3112,,滕王阁上，说尽千古英雄。
寅集,3113,43，44,一日晴明一日暗，明暗无定好忧心。
寅集,3114,21,乡科题名。
寅集,3115,57，58,穷达皆由命，文章果误人。
寅集,3116,41，42,月缺休将镜来补，花残莫把线来穿。
寅集,3117,57，58,行大道，乐尧天。
寅集,3118,,太岁犯鸡年，宜预避灾缠。
寅集,3119,,三春风雨顺，春色上栏杆，
寅集,3120,15，16,三春之晕，游子归梓。
寅集,3121,41，42,暑气逼相侵，藤萝十亩不利口。
寅集,3122,53，54,报田余二略，传家富六韬。
寅集,3123,,子占高魁。
寅集,3124,34,好事催人至，求谋事不如。
寅集,3125,28,父死于非命。
寅集,3126,39，40,风卷浮云月又圆，圆圆复碎又相连。
寅集,3127,18,得名于庙，得财于市。
寅集,3128,45，46,云散月明，风静波至。
寅集,3129,48,母日云亡，少义方训。
寅集,3130,32,水满春塘，鱼游踊跃。
寅集,3131,,太岁犯犬年，祈福免灾缠。
寅集,3132,,科名应有份，春元指掌中。
寅集,3133,51，52,子占高科。
寅集,3134,21,虽是桑榆景暮，还留一脉春光。
寅集,3135,39，40,独木桥心休跨马，千层浪里莫行舟。
寅集,3136,41，42,大道之途，天下为公。
寅集,3137,57，58,木雕老虎当门立，虽不伤人却有惊。
寅集,3138,49，50,子占高魁。
寅集,3139,57，58,前妻生三子，后妻生两儿。
寅集,3140,,子登科第。
寅集,3141,13，14,喜气隆隆，福寿自臻。
寅集,3142,,佳人咏关雎，内外多麟趾。
寅集,3143,47，48,守气不如守志好，无奈心急马行迟。
寅集,3144,49，50,眉头开展，喜气祥光。
寅集,3145,,前妻生二子，后妻生一儿。
寅集,3146,35，36,月明千里好，浪静片帆轻。
寅集,3147,,堤边杨柳依依绿，惟有年华色更新。
寅集,3148,41，42,皓皓光明月，朗朗吉星临。
寅集,3149,,知君妻子早，生才发达迟。
寅集,3150,,运至南方，功名成就。
寅集,3151,,太岁犯猪年，祈保得安然。
寅集,3152,,一周克母，劳弗可报。
寅集,3153,,有子庆贵，贵者非次。
寅集,3154,67，68,当依巩期，不负窗前之苦。
寅集,3155,35，36,时来得遇荆山玉，主人作美珍。
寅集,3156,,濯足沧浪，洗尽尘埃。
寅集,3157,,近贵不如近市好，求名莫似求财高。
寅集,3158,,土木之年父先去方合。
寅集,3159,85，86,花发园中万树红。
寅集,3160,,蹇马陷泥沙，步步回头看。
寅集,3161,,数有七子，五子送老。
寅集,3162,17，18,泮水生香。
寅集,3163,64,此夜色满，碧洗尘埃。
寅集,3164,17,名登金榜，少年发达。
寅集,3165,86,一字切记曰屠，交不得。
寅集,3166,,兄弟十人有五贵。
寅集,3167,39，40,际遇有乖远，日月有盈亏。
寅集,3168,55，56,子占科名。
寅集,3169,56,祥光得照，正畅所怀。
寅集,3170,,推车上道，举步盘桓。
寅集,3171,60,徒劳田上苦，仓库未能盈。
寅集,3172,,妻生三子，妾生二儿。
寅集,3173,31,得过且过，莫急其功。
寅集,3174,27，28,财帛喜称心，流年皆顺利。
寅集,3175,61,溪水向东流，涌涌未肯收。
寅集,3176,,兄弟三人，终断离群。
寅集,3177,45，46,子登科甲。
寅集,3178,71,欢笑且相亲，堂中物色新。
寅集,3179,21，22,马骋其辔，腾跨万里。
寅集,3180,21，22,久雨淋漓，交争有是非。
寅集,3181,63，64,鹊叫鸦鸣，吉凶不一。
寅集,3182,,妻生二子，妾亦如之。
寅集,3183,,离乡背井，随风近俗。
寅集,3184,37，38,风雪扬花卷作球，丧门相照服来忧。
寅集,3185,61，62,佳气融融入画堂，相照相庆富无疆。
寅集,3186,27，28,荷花出水，亭亭玉立。
寅集,3187,45，46,眼见功成事事宜，春风无限乐怡怡。
寅集,3188,3，4,童年三四岁，皎皎碧玉枝。
寅集,3189,61，62,行至顺境，保事可为。
寅集,3190,,万水千山，长途行难。
寅集,3191,24,青云扶足上，丹桂得意报。
寅集,3192,21,日月斗蚀，宇宙晦色。
寅集,3193,69,当依贡期。
寅集,3194,41,前途可趋，宛转山曲。
寅集,3195,59，60,芍叶雕栏喜静风，幽香无限锦从中。
寅集,3196,63，64,子占高魁。
寅集,3197,25，26,美运未来，反似颠倒。
寅集,3198,,头长连胎必要虚，四旬之外子入数。
寅集,3199,51，52,悬空待月，仿佛清芬。
寅集,3200,82,年不与旧岁不同，人物熙熙乐意浓。
寅集,3201,41,检点上林花正发，千红万紫实堪夸。
寅集,3202,59，60,壮志凌云汉，隆恩拜紫薇。
寅集,3203,60,欲访武陵人，渔郎好问津。
寅集,3204,43，44,瑞气隆隆，快活之象。
寅集,3205,20,理恨新愁，蹙在眉头。
寅集,3206,51，52,严穴之下，指顾艰难。
寅集,3207,27，28,一轮新皎月，巧被黑云遮。
寅集,3208,33，34,十分春色遍长安，阡陌行人着路看。
寅集,3209,,乡科题名。
寅集,3210,51，52,福禄日更新，相逢大吉人。
寅集,3211,,一子生年属木方合此刻。
寅集,3212,,此卦值重阳，三朝七日命不长。
寅集,3213,30,鲲鹏插翅，扶摇直上。
寅集,3214,17，18,无事开心，万物悠悠。
寅集,3215,71，72,当依贡期。
寅集,3216,33，34,愁容顿释，笑容开颜。
寅集,3217,88,光天化日，可以安舒。
寅集,3218,,兄弟八人，数有二贵。
寅集,3219,,时贫时贵皆由运，不是心肠输事人
寅集,3220,23,四野晴光，太阳长明。
寅集,3221,55，56,一就功成，拱手安居。
寅集,3222,45，46,日上中天，江山有象。
寅集,3223,,虽然不是黄门客，也是乡间一富翁。
寅集,3224,33，34,云散雨收，日月光明。
寅集,3225,,命当过房育成人。
寅集,3226,19,少年登科第，风云际会时。
寅集,3227,,挫折虽多，志不可屈。
寅集,3228,19，20,困于丛林，居心不安。
寅集,3229,21，22,高卧无忧，同时并进。
寅集,3230,64,朝霞簇簇，景画堂明。
寅集,3231,,头长连胎终是空，三十五外子入数。
寅集,3232,,兄弟六人，同父不同母。
寅集,3233,,父先亡母后逝，易数先知。
寅集,3234,19，20,祸患相攻，疾风暴雨少从容。
寅集,3235,71，72,事事求谋蹭蹬多，难成难就费吟哦。
寅集,3236,45，46,苦尽甘来，从此大庆。
寅集,3237,,姐妹六人，各自分飞。
寅集,3238,23,周虑回顾，克济其美。
寅集,3239,,一人得意，九族升天。
寅集,3240,71,老年母服，也是前数。
寅集,3241,,姐妹四人，姻缘各配。
寅集,3242,,一生立业在行市，交易公平至近人
寅集,3243,,兄弟四人，易数先详。
寅集,3244,43，44,尚复忧疑事不通，前山已与后山同。
寅集,3245,,东风报好，生机已见。
寅集,3246,,兄弟四人，中断离群。
寅集,3247,26,撑过小舟，忽遇风波。
寅集,3248,21,日月将优游，寻常不用求。
寅集,3249,75，76,南极吉星临，其年瑞气多。
寅集,3250,25，26,但恐有哭耗，中堂泪几行。
寅集,3251,,姊妹六人，婚姻奇配。
寅集,3252,,官拜胪卿而致仕。
寅集,3253,,兄弟十人，数有九贵。
寅集,3254,71,路当险处有彷徨。
寅集,3255,86,饮醇餐精，安然之乐。
寅集,3256,49，50,君国于民，皇道荡荡。
寅集,3257,25，26,门庭吉庆，事业兴隆。
寅集,3258,,虎笑文声，许采芹香。
寅集,3259,,灾星在内未得安。
寅集,3260,,此刻生人，双亲犹在。
寅集,3261,,妻命属木。
寅集,3262,,当有二母之命。
寅集,3263,73，74,当依贡期。
寅集,3264,35，36,花期消息发，根道好晴明。
寅集,3265,,祸从天降，桃源避秦。
寅集,3266,51，52,愁肠百结，何计方除。
寅集,3267,67，68,钦命典试。
寅集,3268,21，22,乡榜题名。
寅集,3269,55，56,政简刑清，月照公庭。
寅集,3270,59，60,喜气盈门，整顿笙歌。
寅集,3271,,母命属火。
寅集,3272,41，42,事事各和谐可在，南楼赏玩好妆台。
寅集,3273,,二亲辞世是何时，他日母先父后期。
寅集,3274,2,童年一二岁，葵花向阳开。
寅集,3275,25，26,哀裒泣泣，刑伤之忧。
寅集,3276,,已带暗杀子，当死于非命。
寅集,3277,,今朝喜，相公到。
寅集,3278,25，26,踊跃自如，事事可为。
寅集,3279,27，28,十行九空，西行复东。
寅集,3280,,双亲归世是何日，注定父先母后归。
寅集,3281,75，76,当依贡期。
寅集,3282,29，30,耗神会破神，虚费不留人。
寅集,3283,,技艺不寻常，提携福白张。
寅集,3284,15,吐秀丹桂，正放之时。
寅集,3285,,数有六子，四子送老。
寅集,3286,37，38,公讼来勾连，不伤也破钱。
寅集,3287,,二子送老，俱是庶出。
寅集,3288,28,屈贾于长沙，时之未遇耳。
寅集,3289,,满胸热血不平事，异日终须一笑颜。
寅集,3290,,兄弟三人，数中注定。
寅集,3291,37，38,好事倍相从，财源到此通。
寅集,3292,,慎于财赋，束兵爱民。
寅集,3293,55，56,凶神不攻，吉神相救。
寅集,3294,71，72,兄弟五人，同父不同母。
寅集,3295,30,云开山色丽，风静竹枝安。
寅集,3296,27，28,隐居暗室，灾耗相亲有事非。
寅集,3297,25，26,日月相照，光明四海。
寅集,3298,,根基敦厚，可以守成。
寅集,3299,,文场之内一声鸡，领得青衿换布衣。
寅集,3300,,创高厦置田庄，门庭光彩客观光。
寅集,3301,29,前面有光明，移步转回头。
寅集,3302,72,八九数已尽。
寅集,3303,,姊妹九人，婚姻奇配。
寅集,3304,23，24,世事无关心意足，梦魂不拢兴偏长。
寅集,3305,17，18,一湾流水，游鱼踊跃。
寅集,3306,77，78,当依贡期。
寅集,3307,,数有八子，一子送老。
寅集,3308,33，34,暗中摸索处，一路有光明。
寅集,3309,47，48,求名不可求利遇。
寅集,3310,,姊妹七人，同父不同母。
寅集,3311,41,种田无利，不如生意。
寅集,3312,53，54,主家兴业，再整规模。
寅集,3313,,姊妹七人，姻缘奇配。
寅集,3314,,印绶逢财富，立嗣于伯父。
寅集,3315,19，20,整顿愁怀病又攻，却向东风泪两行。
寅集,3316,,猴年得子。
寅集,3317,64,猩猩度泥途，逢人便叫呼。
寅集,3318,72,年来时不同，水流鸟呼风。
寅集,3319,,有福之妇，先夫先决。
寅集,3320,22,曲道推车，难以驰驱。
寅集,3321,,再得金命之妻。
寅集,3322,55，56,姊妹八人，婚姻奇配。
寅集,3323,,犬生二口，请君详之。
寅集,3324,,父母故于猴年。
寅集,3325,65，66,泽民济物之怀，宛然甘霖之沛。
寅集,3326,33，34,运待时发，桑榆之枝。
寅集,3327,55，56,嫉风妒雨日不停，愁人寂寞自沉吟。
寅集,3328,79，80,当依贡期。
寅集,3329,47，48,登科名熊罴叫梦。
寅集,3330,21,题名乡榜。
寅集,3331,,大鹏将飞，尚留枯木。
寅集,3332,,前妻一子，后妻一儿。
寅集,3333,43，44,年限将喜，事自相饶。
寅集,3334,,得领青衿，已足谢愿。
寅集,3335,21，22,梅花带雪满园开，白点人衣有服来。
寅集,3336,21，22,子能拜圣，景之荣幸。
寅集,3337,69，70,春风吹遍洛阳城，到处花开锦绣明。
寅集,3338,65，66,子占高魁。
寅集,3339,13，14,升腾之景象，贵喜榜中人。
寅集,3340,74,绿柳扶疏茂荫多，行人休息慢经过。
寅集,3341,,项庄舞剑，意在沛公。
寅集,3342,,数有六子，送老难齐。
寅集,3343,45，46,无是无晨，安然乐意。
寅集,3344,,妻命属土方合此刻。
寅集,3345,45，46,福禄随人至，事事皆亨通。
寅集,3346,,兄弟二人，损了一个。
寅集,3347,33，34,师傅涅槃，寻衣临身。
寅集,3348,,妻生三子，妾生一儿。
寅集,3349,,注定犹子承宗祖，已生命子亦当无。
寅集,3350,,头长连胎终是虚，三旬之外子入数。
寅集,3351,62,数该生子。
寅集,3352,67，68,萤火依稀照暗室。
寅集,3353,,分有嫡母，继母生吾。
寅集,3354,27，28,岩头走马，谨慎无虞。
寅集,3355,,兄弟五人，损了一丁。
寅集,3356,90,寿足九旬，大限入黄泉。
寅集,3357,27,乡科得意。
寅集,3358,,官至兵备。
寅集,3359,55，56,官星相照，官高职显。
寅集,3360,57，58,大兴土木，家业兴隆。
寅集,3361,71,年过古稀，父丧天报。
寅集,3362,55，56,天与人合，财谋自至。
寅集,3363,,姊妹五人，姻缘奇配。
寅集,3364,33，34,阴雨绵绵，四野安然。
寅集,3365,,勤读诗书，动辄亲贤近贵。
寅集,3366,60,玉马高风布，革棠之善政。
寅集,3367,21，22,满门和气，祥云自集。
寅集,3368,14,当风之烛，光辉不定。
寅集,3369,56,寒雪尽消，衣暖日荣。
寅集,3370,23，24,运至时行，无往不利。
寅集,3371,71，72,子当高第。
寅集,3372,28,金榜题名。
寅集,3373,,一字记曰佛，修行宜善。
寅集,3374,23，24,新月上纱窗，依稀渐有光。
寅集,3375,51，52,所谋皆左，其间欠顺。
寅集,3376,31，32,花前月下唱高歌，乐极悲生奈若何。
寅集,3377,59,恍惚无恁，人皆莫测。
寅集,3378,7，8,虽然有憔悴，喜有吉人扶。
寅集,3379,,职司通政，衣锦还乡。
寅集,3380,27，28,东风送暖，榆柳好生。
寅集,3381,14,垂翼受伤，飞鸟彷徨。
寅集,3382,49，50,风浪未定，轻舟渡河。
寅集,3383,63，64,晚来福禄有余波。
寅集,3384,35，36,孝服临门，哭泣哀哉。
寅集,3385,,家业资财妻带，妻能助夫欠谐。
寅集,3386,55，56,扶桑日出锦绣成，倚借东风千百样。
寅集,3387,61，62,登高有路，扶级而上。
寅集,3388,46,东风劲吹草萋萋，绿遍园林草色深。
寅集,3389,69，70,钦命典试。
寅集,3390,53,财禄日隆，田园必增。
寅集,3391,,妻命纳音水，娶妾纳音金。
寅集,3392,,兄弟五人，数有四贵。
寅集,3393,77,朝夕无忧，恰似童年。
寅集,3394,55，56,催官星拱，恩赐九重。
寅集,3395,19，20,弓马入泮。
寅集,3396,,兄弟七人，中断离群。
寅集,3397,13，14,木屐无钉，泥滑难行。
寅集,3398,55,数该生子。
寅集,3399,29，30,东西奔驰，事事成虚。
寅集,3400,83，84,心机用尽须眉老，志气难舒强自伸。
寅集,3401,29,海棠有雨，泪湿红妆。
寅集,3402,,若问子孙贵与同，两枝先自斗芳芬。
寅集,3403,31，32,居安家人欢，乐乐有余庆。
寅集,3404,67，68,不犯上不见灾，尤广称人怀。
寅集,3405,61，62,暮境安然，清平之福。
寅集,3406,,兄弟九人，数有五贵。
寅集,3407,31，32,犹如机会失，自取彷徨。
寅集,3408,,前妻生二子，后妻亦然。
寅集,3409,83,终朝鼓舞，安享清福。
寅集,3410,,妻命属水命。
寅集,3411,27,迷路茫然，不知所遇。
寅集,3412,45,先天后得，自强不息。
寅集,3413,,父母故于马年方合。
寅集,3414,69,杨柳春色上林花，遍处荣华富可夸。
寅集,3415,37，38,子登科第。
寅集,3416,41，42,千里征途暗复阳，行前自有点红妆。
寅集,3417,21，22,弓马入泮。
寅集,3418,75,清明皎洁，光风雾月。
寅集,3419,,后扈一曲，醉泪千行。
寅集,3420,85，86,兴至三杯酒，闲来一局棋。
寅集,3421,,未死琵琶别抱琴。
寅集,3422,37，38,交争事多端，处事不稳重。
寅集,3423,92,板桥滑湿，赖杖相扶。
寅集,3424,52,千古高魁。
寅集,3425,55，56,一朝烟雨一朝晴，晴不多时雨又淋。
寅集,3426,80,宜尔难老，寿正八旬。
寅集,3427,71,无荣无辱，安分知足。
寅集,3428,,中年虚耗，晚景荣华。
寅集,3429,43，44,文学辉煌，圣主物色。
寅集,3430,,补授驿马。
寅集,3431,,生逢太白入天财，绫罗锦色惯剪裁。
寅集,3432,,出于清雨，玉浩冰清。
寅集,3433,31,名登科甲。
寅集,3434,77，78,荣华归晚岁，安乐值高秋。
寅集,3435,69,天数生成止于此，寿数何须必古稀。
寅集,3436,73，74,尚有松筠操，还留海鹤姿。
寅集,3437,9，10,童年如此，藉庇安康。
寅集,3438,41，42,乡试中选。
寅集,3439,,官至礼部。
寅集,3440,,妻命属火方合。
寅集,3441,84,天赐其庥，咸庇祯祥。
寅集,3442,73，74,满园芍药放，荣华自可乐。
寅集,3443,,一宇记曰忍。
寅集,3444,35，36,檐前鹊噪两三声，渐有清风月色明。
寅集,3445,,兄弟九人，数有三贵。
寅集,3446,50,水远山遥，眼力不彰。
寅集,3447,26,鱼得其水，一跃远游。
寅集,3448,76,一声玉笛半夜来，吹到梅花九曲春。
寅集,3449,61，62,子占高魁。
寅集,3450,15，16,阴鬼弄人，晦病缠身。
寅集,3451,,刚柔能将相，未遇且收藏。
寅集,3452,53，54,运入风波地，皆因数是遍。
寅集,3453,,英雄豪杰汉，展翅自高翔。
寅集,3454,20,便觉春风喜气生。
寅集,3455,65，66,暮景足福禄，无日不逍遥。
寅集,3456,73,驾鹤归西去，人间一寿星。
寅集,3457,,绿林豪客，草野英雄。
寅集,3458,,攀龙附凤，身居高处。
寅集,3459,,卧龙饱学经纶士，三顾驰驱自见动。
寅集,3460,68,老骥伏枥，一朝得志。
寅集,3461,75，76,危桥度过又高山，赖个拄杖得往还。
寅集,3462,,东床半子，递老数定。
寅集,3463,63，64,春到千家杨柳绿，秋来万顷稻禾香。
寅集,3464,63，64,水隔之处，曲转可通。
寅集,3465,57，58,灾晦缠身，眉头交蹙不可言。
寅集,3466,29，30,进取无功，不如退步。
寅集,3467,33，34,吉庆临门，乐间浓浓。
寅集,3468,,姐妹二人，婚姻奇配。
寅集,3469,47，48,官星照命。
寅集,3470,57，58,用意图谋百事难，轻风拂卷紫云关。
寅集,3471,,子亡女送终。
寅集,3472,,贤如孟光配梁鸿，不比寻常妇女看。
寅集,3473,,数有二子，得以送老。
寅集,3474,75，76,浮云自散，依然日影透玲珑。
寅集,3475,,姐妹三人，婚姻奇配。
寅集,3476,,正室无子，偏房生子。
寅集,3477,,兄弟八人，中断离群。
寅集,3478,,耕种虽然苦，仓库得丰盈。
寅集,3479,,待到分时，中原鹿肥。
寅集,3480,71,卜君享寿是何日，古稀加一入黄泉。
寅集,3481,49，50,春风在户，乐意浓浓。
寅集,3482,25，26,举网得鱼，大有所获。
寅集,3483,,徒步身轻，晚年安泰。
寅集,3484,43，44,时雨沾濡草，荣枯而畅茂。
寅集,3485,61，62,荡除尘埃，浑身爽健自分明。
寅集,3486,,耕田得利，贸易生意可致富。
寅集,3487,59,无是无非，一团和气。
寅集,3488,,兄弟六人方合。
寅集,3489,43，44,阳春渐到，冰冻得消。
寅集,3490,53，54,鼠穿墙屋，耗之无续。
寅集,3491,49，50,财帛骤发，及时加增。
寅集,3492,,兄弟十人，数有四贵。
寅集,3493,17，18,六根清静，四大皆空。
寅集,3494,59，60,可恨灾星不可逃，阴阳愆度祸自招。
寅集,3495,57，58,山穷水尽水桥通，四转绿阴杨树浓
寅集,3496,,父命属土。
寅集,3497,,虽失东北一隅，还得尚元一峙。
寅集,3498,,妻生一子，妾生一儿。
寅集,3499,79,事事可人怀，及时行乐莫消停。
寅集,3500,,母命属水。
寅集,3501,51，52,老幼笑颜，朝夕欢乐。
寅集,3502,,姐妹四人，数由前定。
寅集,3503,37，38,破局不知年，讲来大有缘
寅集,3504,24,天地一番新，阳和一景明。
寅集,3505,13，14,锦绣丛丛，花开满院。
寅集,3506,,姐妹九人，易数注定。
寅集,3507,45,子登科甲。
寅集,3508,21，22,春光融融日渐高。
寅集,3509,,好向玄门瞻礼法，子孙紫绶与金章。
寅集,3510,29，30,逆水行舟，且前且后。
寅集,3511,31，32,数该生子。
寅集,3512,,寒谷回春，欣欣之色。
寅集,3513,29，30,数该生子。
寅集,3514,24,奎星指南，揽辔登车。
寅集,3515,13，14,半作生涯半作农，中运拮据老运隆。
寅集,3516,57，58,亨福无求，百事悠悠。
寅集,3517,,兄弟七人，方合此刻。
寅集,3518,42,楼阁高月清，中夜好分明。
寅集,3519,77，78,山径黄菊偏晚香。
寅集,3520,57,春风依旧遍江山，绿柳桃花处处红。
寅集,3521,,四字须记，暗箭伤人。
寅集,3522,57，58,日进其财，福禄骈臻。
寅集,3523,,兄弟八人，中断离群。
寅集,3524,,兄弟五人，我居中。
寅集,3525,,兄弟九人，数有二贵。
寅集,3526,,管文教武，重大威权。
寅集,3527,35,乡榜题名。
寅集,3528,,官至黄堂。
寅集,3529,49，50,中途遇雨，无处借蓑笠。
寅集,3530,33，34,伏尸猖獗，不明之象。
寅集,3531,12,数当促寿，徒增父母悲。
寅集,3532,,生涯恁稔岁，谷麦自丰盈。
寅集,3533,27，28,官星拱照，恩自九重。
寅集,3534,,叔父视我，作为犹子。
寅集,3535,22,乡扬捷报。
寅集,3536,,病符相照命，骨肉有刑伤。
寅集,3537,77，78,行径淹留，难展眉头。
寅集,3538,45,欢娱度日，好花常开。
寅集,3539,69，70,道路平坦，可以驰驱。
寅集,3540,59,鼎心结构，引相规模。
寅集,3541,43,一湾曲水环江村，怀抱转回自有情。
寅集,3542,69,数定将满百，竞作归西客。
寅集,3543,73，74,灯花结蕊，喜事重来。
寅集,3544,17，18,芙蓉照水，隐隐红妆。
寅集,3545,,徒弟六人，二人送老。
寅集,3546,45，46,用心凿石方成玉，着意淘沙始见金。
寅集,3547,,官至守备，必有变迁。
寅集,3548,71,禄马扶持，常多吉庆。
寅集,3549,,兄弟八人，方合此刻。
寅集,3550,21,淋淋夜雨，淹淹晦带。
寅集,3551,26,进士及第。
寅集,3552,61,病符相照，浮灾外来。
寅集,3553,37，38,花迎夜雨叶离披，一阵风来片片飞。
寅集,3554,59,登山疲于足，力难同步迟。
寅集,3555,,双亲共乐享余年，他日父先母后期。
寅集,3556,23，24,阴阳不和，天灾反覆。
寅集,3557,37，38,为事犹淹留，当时费讲求。
寅集,3558,63，64,莫问荣枯，天数有定。
寅集,3559,24,祥光见神人，无日不依依。
寅集,3560,,燕尔新婚，落笑语声。
寅集,3561,,秋光发浩，天高云淡。
寅集,3562,70,秋光发浩气，万宝可收藏。
寅集,3563,63，64,喜珠挂于眉，端大获财宝。
寅集,3564,52,抱琴未遇好知音，流水高山有子朋。
寅集,3565,,弃旧废新，咸池见嗔。
寅集,3566,12,子规啼落楼头月，泪流血尽声哽咽。
寅集,3567,62,喜神相照，灾毒无侵。
寅集,3568,57，58,上苑奇花呈富贵，亭前瑞草报平安。
寅集,3569,99,舜年百十岁，君今欠一春。
寅集,3570,49,贵人指引，利有攸往。
寅集,3571,,根基如复田，修成有新名。
寅集,3572,72,一年好事一年春，常见君家道太平。
寅集,3573,,金土之年，中举方合。
寅集,3574,,有口难言，前生所致。
寅集,3575,,官至都司，必有变迁。
寅集,3576,87，88,大小安然，福禄绵绵。
寅集,3577,,能文知字，女中丈夫。
寅集,3578,,一母一母又一母，前有母后有母。
寅集,3579,,迁向西方，随遇而安。
寅集,3580,,朦胧如醉，作事乘时。
寅集,3581,27,春来万物生，天地造化融。
寅集,3582,,宇宙祥和，万民欢乐。
寅集,3583,,丙辰之年，进士及第。
寅集,3584,,数注其人，四方为家。
寅集,3585,7,木火之年，入学方合。
寅集,3586,65，66,雷震山川若有惊，云收雨散太阳升。
寅集,3587,79，80,台谏之臣，山林之乐。
寅集,3588,,兄弟八人，数有四贵。
寅集,3589,,母死水火年，父尚犹茂。
寅集,3590,,浪游失业，东西南北。
寅集,3591,67,其年恶曜侵，数定不寻常。
寅集,3592,46,求谋不如意，参酌费心机。
寅集,3593,,花开五朵，晚景福多。
寅集,3594,,真假二子，一子送老。
寅集,3595,58,洛阳春色正芳菲，万紫千红景色新。
寅集,3596,,及得透雨，大泽腾龙。
寅集,3597,,父母死于水土年。
寅集,3598,,赌无兴家，君必记之。
寅集,3599,25,乡科有名。
寅集,3600,45，46,家室未宁，非侵病攻。
寅集,3601,,破釜沉舟，可以反败为胜。
寅集,3602,,先男后女，先天定数。
寅集,3603,33，34,检点林花会，千红万紫华。
寅集,3604,35,春去秋来未有安，南枝送暖此风寒。
寅集,3605,33，34,雪压罗巾白，丧门是披星。
寅集,3606,,许多烦闷恨难言，一旦高飞恨未捐。
寅集,3607,,妻当带疾病，数由天注定。
寅集,3608,37,母先故于火年方合。
寅集,3609,25，26,内助贤良，勤俭妇女。
寅集,3610,,富中贫贱莫怨天，少年恋赌掷金钱。
寅集,3611,,纳价成名，先人著述。
寅集,3612,39，40,父先母后易数明知。
寅集,3613,,幼年过纪，方合此刻。
寅集,3614,78，79,数有七子，四子送老。
寅集,3615,,东妆别去往西行，水远山长迥不回。
寅集,3616,75，76,日蹉黄道，天定三阳。
寅集,3617,,孤身立曾，手足相扶。
寅集,3618,77，78,将晦之月已无明。
寅集,3619,25，26,祸患不可测，不但人嗔且有鬼。
寅集,3620,38,桥头甚朽，行人有咎。
寅集,3621,,马到山岭，风光无涯。
寅集,3622,,得田上水利，取湖中之财。
寅集,3623,75，76,白发萧萧，年老归来守林皋。
寅集,3624,63，64,火星相侵，流年有咎。
寅集,3625,,结发夫妻白头老。
寅集,3626,,兄弟三人，数当尽贵。
寅集,3627,63，64,朝晴夕落酒征人，泥滑黄昏次第行。
寅集,3628,37，38,闭门拙守，横灾外来。
寅集,3629,,只手为人，贵人勋业。
寅集,3630,,数有七子，二子送老。
寅集,3631,26，27,迷恋烟花，岂不知有妨名节。
寅集,3632,57，58,画水无声空有浪，乡花虽美不闻香。
寅集,3633,70,终须一梦到华胥，寿数几人有古稀。
寅集,3634,65，66,事业峥嵘，玉堂吉庆。
寅集,3635,25,崎岖山路，总有忧疑。
寅集,3636,31，32,丧门相照，忧及于师。
寅集,3637,,风尘劳苦上长安，博得州官列宦班。
寅集,3638,43，44,锦乡映人，春光可人。
寅集,3639,,悬丝自缢高楼上，飘魂落魄恨难言。
寅集,3640,23，24,禅院忽生非，破财难免灾。
寅集,3641,,此刻生人，足有不便。
寅集,3642,57，58,烦恼无端，言之难堪。
寅集,3643,55，56,大运将至，福来无地。
寅集,3644,,其年有灾星，病符来相照。
寅集,3645,2，3,周年无母，刑伤太重。
寅集,3646,,壮志凌云，九天揽月。
寅集,3647,17,少年登科。
寅集,3648,,兄弟十人方合此刻。
寅集,3649,,命带财星福禄厚，旺夫益子喜无穷。
寅集,3650,83，84,真假五子，一子送老。
寅集,3651,53，54,横进资财，凑合开来。
寅集,3652,63，64,黑云密布，恨天不雨。
寅集,3653,34,乡科中选。
寅集,3654,27,春花取次看，马蹄得意回。
寅集,3655,52,草森萌芽，春风转绿。
寅集,3656,,兄弟九人，方合此刻。
寅集,3657,,兄弟七人同父不同母。
寅集,3658,28,马化龙狗，功名显达。
寅集,3659,,知进知退，为人恭谨。
寅集,3660,47,恶曜相照，斯年有疾。
寅集,3661,,十年寒窗，终可扬眉。
寅集,3662,33，34,出水芙蓉，鲜色莫并。
寅集,3663,17,夜雨连霄，愁人寂莫。
寅集,3664,37,数该生子。
寅集,3665,21，22,天然之乐，安享清平。
寅集,3666,67，68,子登科甲。
寅集,3667,33，34,所谓无不遂，谋略之皆成。
寅集,3668,,以监而选县丞，数由前定。
寅集,3669,,杀犯雷霆，犯天之怒。
寅集,3670,43，44,承天之休，恪恭尽职。
寅集,3671,23,中途遇雨，步履不安。
寅集,3672,,打算为活计，经纪作生涯。
寅集,3673,,子息五旬外，得之方始。
寅集,3674,,占卜之时，未有洞房之喜。
寅集,3675,,水火相刑，死在舟中。
寅集,3676,30,子登科名。
寅集,3677,,此年游远道。
寅集,3678,71，72,数注当坏一足。
寅集,3679,,灾晦缠身，有犯太岁。
寅集,3680,,父母替日，数由前定。
寅集,3681,15，16,吩咐东君好护持，奇花遭雨坏离披。
寅集,3682,65，66,官至知县，以道终身之乐。
寅集,3683,35，36,白雪纷飞，高低路岐。
寅集,3684,19，20,好鸟鸣春，东风快人。
寅集,3685,55，56,十里青山火已流，沛然下雨晚凉收。
寅集,3686,,父子不和，家门伏祸。
寅集,3687,57,取用有余，快然无恨。
寅集,3688,28,一身闲似水，逍遥出世尘。
寅集,3689,65，66,红妆簇簇锦云路，十里池塘菱荷香。
寅集,3690,,官至理卿而致仕。
寅集,3691,67，68,云归故岫碧天空，光照逢门日色洪。
寅集,3692,76,日中斗观，灾毒渐生。
寅集,3693,,一日愁天百事多，心中烦恼乱如麻
寅集,3694,17，18,西方自有人携引，苦守三时滞乃通。
寅集,3695,66,得亲知己气相求，从此营谋不用忧。
寅集,3696,79，80,灾晦交侵，眉头交蹙。
寅集,3697,,谋为近成锦，绣映入耳目。
寅集,3698,,室至守府，不能高擢。
寅集,3699,15,树根基浅，为风所拔。
寅集,3700,,兄弟六人，数有二贵。
寅集,3701,56，57,掌朝廷大政，声名播四海。
寅集,3702,12，13,少年失母，方合此刻。
寅集,3703,,经德化民，是感不应。
寅集,3704,,一只扁舟直早潮，布帆初挂在江阜。
寅集,3705,12,夜雨初晴连日笑。
寅集,3706,13,细寸飞丝，滞而不明。
寅集,3707,,愁多没处排，春风次第来。
寅集,3708,,花开遭风雨，寒气伤心扉。
寅集,3709,47，48,叩门急是非，一见官归根
寅集,3710,68,狂风飘落叶，何处是归根。
寅集,3711,17，18,春色有脚还未去，鹤报东君喜信来。
寅集,3712,11，12,左右得人扶，险处可无妨。
寅集,3713,19，20,一瓶一钵，到处生涯。
寅集,3714,53，54,朦胧皎月，云去云来。
寅集,3715,,钦授知县，修政爱民。
寅集,3716,14,幼年生子，世上难逢。
寅集,3717,18,前生过逼，举止皆错。
寅集,3718,,数有四子，一子送老。
寅集,3719,67,东边日出西边雨，一朝几度尤怨言。
寅集,3720,19，20,随缘度日，猿鸟相亲。
寅集,3721,27，28,奔奔碌碌，忧之如何。
寅集,3722,23，24,是非相寻，无日得安。
寅集,3723,,万恶淫为首，当戒酒声气。
寅集,3724,19，20,喜事相遇，乐边鸦噪又逢凶。
寅集,3725,23，24,钓得鱼儿已上钩，俄然跃起水中游。
寅集,3726,23，24,一重欢喜一重惊，道是无情却有情。
寅集,3727,19，20,谈禅风拂座，听经石点头。
寅集,3728,65，66,太阳相照，好事临头。
寅集,3729,,项庄舞剑，意在沛公。
寅集,3730,37,火星入宅，不安之象。
寅集,3731,,正妻无子，妾生一儿。
寅集,3732,,切莫睹中行，虚子利有名。
寅集,3733,73，74,千古科名。
寅集,3734,,天嗣天经，子当正副。
寅集,3735,,姊妹九人，同父不同母。
寅集,3736,77，78,运逢转处，春花依旧向阳开。
寅集,3737,,吉里有灾耗，喜运未称心。
寅集,3738,47，48,守静为吉，动而见忧。
寅集,3739,31，32,运逢阳九，利见大人。
寅集,3740,36,草木久遗霜，太阳一照自春光。
寅集,3741,29，30,错于事理，投之皆乘。
寅集,3742,,其人之亡，定在十二月。
寅集,3743,,九子生年水，十子生年金方合。
寅集,3744,47，48,拂拭尘镜半又明，天长依旧又昏沉。
寅集,3745,,谢却人间礼法正，晨钟暮鼓福无双。
寅集,3746,41，42,妻生一子，妾生一儿。
寅集,3747,,前夫死于木火之年方合。
寅集,3748,,金水之年，克夫方合。
寅集,3749,,数有偏估，身带暗疾。
寅集,3750,18，19,科场选举。
寅集,3751,27，28,数该生子。
寅集,3752,22,乡榜题名。
寅集,3753,39，40,天罗地网正非常，使人消磨不可当。
寅集,3754,,妻宫多报，子有前后。
寅集,3755,,种田原正作，但苦谷不丰。
寅集,3756,49，50,金木相克，悬梁而死。
寅集,3757,,善夺夫权，治家能归。
寅集,3758,67，68,房考之年。
寅集,3759,61，62,桃李成蹊，万性沾福花之惠。
寅集,3760,27，28,颠倒流离，穷苦自如。
寅集,3761,,五子生年属土金。
寅集,3762,83，84,和气映画常，桂兰乐安康。
寅集,3763,60,苍松一生，现有青山。
寅集,3764,,妻生一子，妾生三儿
寅集,3765,,兄弟七人，数注五贵。
寅集,3766,51，52,万绪千端，宝镜当磨仔细看。
寅集,3767,89，90,优闲无事纳祯祥，几朵梅花扑鼻香。
寅集,3768,,初授令尹。
寅集,3769,40，41,中途险过，稳步宫墙。
寅集,3770,,陷于泥沙，难以举步。
寅集,3771,67，68,可恨灾星不可逃，阴阳愆度祸相遭。
寅集,3772,15，16,南山鸟鸣，北山张罗必有惊。
寅集,3773,,辛苦经商，四海家业足一生。
寅集,3774,13,不及二七数，惜乎亡矣。
寅集,3775,,半世虚名末有成，原来数定晚年兴。
寅集,3776,44,手扳弱柳，不可着力以致伤。
寅集,3777,,铮铮然中由性质，拘拘然中子规模。
寅集,3778,,兄弟六人，数有四贵。
寅集,3779,53,福禄无常，人子有变。
寅集,3780,18,狐欲渡河濡，实难济顺舟。
寅集,3781,,田土之乐利，一生常有贵人扶。
寅集,3782,,三子生年属金木方合。
寅集,3783,35，36,红日已出云又暗，长诳迢迢何时旦。
寅集,3784,,长子木年生，次子土年生方合。
寅集,3785,25，26,云观五色，喜事光临。
寅集,3786,11，12,新竹成竿，扶摇直上。
寅集,3787,13，14,花满池塘，香气异常。
寅集,3788,,水年母终方合此刻。
寅集,3789,11，12,佳节年华三月天，红红绿绿快人心。
寅集,3790,34,子登科名。
寅集,3791,51，52,坦然一往总无惊，驾驭驰驱有驷马。
寅集,3792,54,檐前鹊噪定，是来报喜事。
寅集,3793,,天刑人数眼中来，海中仙果结子迟。
寅集,3794,81，82,老景多啾唧，斯年少吉利。
寅集,3795,51，52,爵初高迁，恩自九重。
寅集,3796,74,数该生子。
寅集,3797,73,老年夫妇，不免凄凉之悲。
寅集,3798,,父故于水年，母尚茂木年。
寅集,3799,34,春色皇州次第花，开到中秋自然息。
寅集,3800,,钦命典试。
寅集,3801,,身荣八品职，略遂平生志。
寅集,3802,7，8,初年入泮。
寅集,3803,59，60,年至耳顺，政治劳民。
寅集,3804,25，26,言公而不寻，一见便生嗔。
寅集,3805,36,事多得合，可以施为。
寅集,3806,59,乡科题名。
寅集,3807,27，28,前途步步可扬眉，日日春光马足催
寅集,3808,54,踏遍江山草色浓，春花胜似去年红。
寅集,3809,,此刻生人，双亲俱全。
寅集,3810,19，20,烟霞玉洁，水日常明。
寅集,3811,21，22,松堂日永，正好参详。
寅集,3812,53，54,吉祥有庆，鹊噪檐前。
寅集,3813,,虽有麟儿，亦是虚花。
寅集,3814,25,名登科甲。
寅集,3815,37,艰难之路不堪行，风来细雨又黄昏
寅集,3816,59，60,臣心惟皎洁，天地满阳春。
寅集,3817,,子当登科。
寅集,3818,73，74,愁怀未解，不足于心。
寅集,3819,,数有八子，送老不齐。
寅集,3820,13，14,花开逢夜雨，未得发舒展。
寅集,3821,8,八岁母亡，幼被刑伤。
寅集,3822,,水淹没舒，天所定也。
寅集,3823,13，14,连连滞滞，不得通津。
寅集,3824,26,数该生子，我亦喜哉。
寅集,3825,59，60,须眉似白还未老。
寅集,3826,,八宫刑刀，岁恐刑妻。
寅集,3827,,子亡数定。
寅集,3828,66,老年父过，人子日长。
寅集,3829,,七子土年生，八子木年生。
寅集,3830,,无兄弟方合此刻。
寅集,3831,53，54,禄马盘旋手应心，平波之处总无惊。
寅集,3832,69，70,寿至从心，高升一品。
寅集,3833,27,动静有常，虽危无咎。
寅集,3834,,花结三朵，其数不偏。
寅集,3835,65，66,子占科第。
寅集,3836,87，88,优游安乐福相随，疏竹清风日日吹。
寅集,3837,,兄弟二人，中断离群。
寅集,3838,,官至六卿，荣显堪夸。
寅集,3839,19,春风正可人，花落水精神。
寅集,3840,21，22,一树菩提茂，忽然被风吹。
寅集,3841,27，28,柳媚花明，阳和天气。
寅集,3842,,叔侄进士，天发善门。
寅集,3843,72,一世英雄，千古留芳。
寅集,3844,53，54,子登科甲。
寅集,3845,47，48,日色阳和丽，新景照乾坤。
寅集,3846,37，38,前番费力枉徒然，自后相逢大有年。
寅集,3847,,姊妹六人，同父不同母。
寅集,3848,57，58,运无不利，祯祥叶吉。
寅集,3849,34,行人底事忙且迟，且缓正彷徨。
寅集,3850,44,眉头带蹙恨无端，最恨北风料峭寒。
寅集,3851,,兄弟四人，先亡一丁。
寅集,3852,,兄弟九人，数有二贵。
寅集,3853,37，38,介在难易间，祸患丛集中。
寅集,3854,19，20,笋芽初出没，指日便成竿。
寅集,3855,22,进士及第。
寅集,3856,2,命带三刑，二岁丧父。
寅集,3857,84,梦到高堂事已飞，蝉声叫断夕量微。
寅集,3858,55，56,南岭暗飞烟，杨柳摆风前。
寅集,3859,,无病而终，幽魂骑鹤归天府。
寅集,3860,,乡科中选。
寅集,3861,,祸从天上追君急，远避南方莫恨迟。
寅集,3862,,兄弟八人，数有五贵。
寅集,3863,11，12,帆挂秋天一夕风，鸿毛轻拂若朦胧。
寅集,3864,51，52,半夜鬼推门，灾星又相侵。
寅集,3865,,兄弟十三人，素有六富贵。
寅集,3866,,房考之年。
寅集,3867,49，50,屈指光阴有几何，愁肠郁郁奈若何。
寅集,3868,,利有余囊羞涩钱，青毡一片度流年。
寅集,3869,58,红紫如锦映楼台，满眼祥光喜气来。
寅集,3870,,此刻生人，无兄弟方合。
寅集,3871,,命犯流霞，产厄其母。
寅集,3872,38,老椿归西去，人子泣血时。
寅集,3873,,妻命纳音属木方合。
寅集,3874,53，54,斯年顺遂事和同，营谋无处不春风。
寅集,3875,53，54,外台极品，高官厚禄。
寅集,3876,58,数该生子。
寅集,3877,47，48,时运不济，命途多姊。
寅集,3878,,奇艺随身，胜似颠运俯仰人。
寅集,3879,,兄弟八人，数有五贵。
寅集,3880,,富足无求，受君之益。
寅集,3881,,天人以定，四时为顺。
寅集,3882,31，32,依稀日影弄睛天，到处花开着眼看
寅集,3883,43,数该生子。
寅集,3884,,相度从杂路，秦关百里有忧民。
寅集,3885,,宫至县丞，不能同捷。
寅集,3886,29,乡科及第。
寅集,3887,59,桃花带路，灼灼宜人。
寅集,3888,,父母如瑟琴，相和有定数。
寅集,3889,75，76,安亨不寻常，终身得安康
寅集,3890,,己卯拜师，方合此刻。
寅集,3891,,数有士一子，九子不送老。
寅集,3892,45，46,雷电阴云布，须臾日有光。
寅集,3893,77，78,大小俱合吉，凡事得安康。
寅集,3894,,子息五旬安家室。
寅集,3895,65，66,下民祗若，福寿咸臻。
寅集,3896,,以授补学，清平之职。
寅集,3897,,母先故于金，父后没于水。
寅集,3898,69，70,灾何不息，恼着老人。
寅集,3899,,其人之亡，定在二月。
寅集,3900,49,一腔愁情谁识得，独留明月自家知。
寅集,3901,,终身有功名方合此刻。
寅集,3902,,克勤克俭，性格谨慎。
寅集,3903,27,有子当贵，贵者是次。
寅集,3904,,剑遇张华文彩现，马逢伯乐姓名香。
寅集,3905,,大小鬼，不同姓。
寅集,3906,,孤鸾再有刑，一朝削发为僧人。
寅集,3907,13，14,天哭侵扰，破耗无害。
寅集,3908,,家室相足，拥其厚福。
寅集,3909,63，64,鼠入城墙不用猜，当时恩自九重来。
寅集,3910,,精通阴阳理数，专行造福于人。
寅集,3911,57,子能拜金，巷景之荣。
寅集,3912,41，42,整顿桅帆，顺风乘流直向前。
寅集,3913,53，54,大兴土木工，不顾贫穷累。
寅集,3914,,面有破相。
寅集,3915,25,科场得意。
寅集,3916,45，46,春去又复秋，财源似水流。
寅集,3917,,文星照命，大登桂籍作夫人。
寅集,3918,61，62,陈前决事不须疑，鸟马沙场功最奇。
寅集,3919,,公道贡间为白发，贵人头上不曾饶。
寅集,3920,41，42,诗礼传家一门书，孔孟之道济世人。
寅集,3921,,是年曾入险，谨慎事为宜。
寅集,3922,60,道途有高低，无心住马蹄。
寅集,3923,,有宜非得贵人扶。
寅集,3924,47，48,苦雨连霄今日晴，扬鞭直指马蹄轻。
寅集,3925,36,人和人和，原来值钱多。
寅集,3926,,妻宫杀伤，离合无恁。
寅集,3927,27，28,丧门照命，师为归西。
寅集,3928,78，79,子占科名。
寅集,3929,59,皎发苍苍，孤子之服。
寅集,3930,,其人活计，四海生涯。
寅集,3931,,阱头杨皙青，阁中人断魂。
寅集,3932,,是非交加，方知烦恼。
寅集,3933,,父命早去恨，无义方之训。
寅集,3934,3,不幸严君寿太悭，早年先已别阳关。
寅集,3935,47，48,黄鸟如棱织得愁，三春花柳温相求。
寅集,3936,37，38,画堂春色满，幽人安乐中。
寅集,3937,,满面春风，二度之喜。
寅集,3938,,一子土年生，二子金年生。
寅集,3939,,水年夫当入泮，方合此刻。
寅集,3940,,春来万物生，天地造化融。
寅集,3941,75，76,曾向沧浪一叶惊，谁知亦自有神明。
寅集,3942,,早年家业尽消磨，晚岁凄凉奈若何。
寅集,3943,39，40,子当登科。
寅集,3944,65,年逢太岁，不测灾来。
寅集,3945,,终日为人谋，何不自为计。
寅集,3946,,生来无义方之训。
寅集,3947,33,风夜度行程，明朝风又生。
寅集,3948,75，76,秋草藤芜，严霜所苦。
寅集,3949,33,恍恍惚惚，不但人嗔且有鬼。
寅集,3950,15，16,灯花结蕊，喜事重来。
寅集,3951,,一身活计在湖边，衣食无亏身不安。
寅集,3952,,身荣翰林，人生大幸。
寅集,3953,21，22,新荷出水，亭亭直上。
寅集,3954,23,际遇淹留，只多烦恼。
寅集,3955,,土木之年，荣任知县。
寅集,3956,27,好树滋培，会成梁材。
寅集,3957,,数有七子，一子送老。
寅集,3958,43，44,枯苗无雨色如焦，一旦滂沱勃然秀。
寅集,3959,32,阳和风动，万物发荣。
寅集,3960,59，60,子占高魁。
寅集,3961,41,克恭克俭，自然天祜吉人。
寅集,3962,21,名列宫墙，文明之象。
寅集,3963,,少上白发志不哀。
寅集,3964,39，40,错足前途三十里，回来度倦又重新。
寅集,3965,72,晚年为孤子，世上堪难得。
寅集,3966,31,母日云亡，守制孝堂。
寅集,3967,,疾病每相侵，流年处有疵。
寅集,3968,,金水之年点翰林。
寅集,3969,29，30,撑之东墙，倾之西墙。
寅集,3970,52,灾杀相侵，人子纠缠。
寅集,3971,52,子当登科。
寅集,3972,57，58,路上有艰难，平阳莫问津。
寅集,3973,46,子占科名。
寅集,3974,30,乡试中式。
寅集,3975,39,雨顺风调，大有之庆。
寅集,3976,59，60,黄烛独月色，光明正在天。
寅集,3977,,数定其妻，死于非命。
寅集,3978,,徒弟四人，三人送老。
寅集,3979,,作入幕宾，损德无益。
寅集,3980,50,隐居青云路，马头带剑回。
寅集,3981,,烛泪淋漓，哭夫早逝。
寅集,3982,34,数该生子。
寅集,3983,4,花蕊放红，怎堪风雨。
寅集,3984,49，50,连年晦滞今朝释，自今更换又重新。
寅集,3985,31,斯年春闹大捷。
寅集,3986,72,七二称衰年，人生一大奇。
寅集,3987,44,子中科名，善之所至。
寅集,3988,42,月朗梅争秀，风和柳吐青。
寅集,3989,63，64,吉星照耀，官职高升。
寅集,3990,79，80,安然老景胜中年。
寅集,3991,57，58,早运迟迟后运美，梅花只到雪时奇。
寅集,3992,50,数定生子，阴阳中来。
寅集,3993,79，80,子当登科。
寅集,3994,,兄弟七人，数有四贵。
寅集,3995,,数有三子，依次金木水。
寅集,3996,57，58,远近依依物有情，花好开向值清明。
寅集,3997,72,老树萌芽，人生长寿。
寅集,3998,71,斯时妻安，亦是安然。
寅集,3999,104,终于一百零四年，拍掌大笑变登仙。
寅集,4000,57，58,有哀悲之忧。
卯集,4001,33，34,斯时运已通，做事必成功。
卯集,4002,,自成自立自支持，可谓须眉大丈夫。
卯集,4003,65，66,公道世间为白发，贵人头上不曾饶。
卯集,4004,37,寒暖不寻常，小处终不免。
卯集,4005,,惟知务礼宜，家晏安然乐。
卯集,4006,29,盈盈秋水，淡淡青山。
卯集,4007,45，46,而今撑过羊肠道，周道倭迟事不难。
卯集,4008,67，68,束之高阁，莫为儿孙。
卯集,4009,6,学宗朱程术出场，曾为人祜富寿增。
卯集,4010,44,万象更新，韶光明媚。
卯集,4011,31，32,鸾凤和谐，中在一笑，
卯集,4012,43，44,由熙由广，利涉大川。
卯集,4013,31，32,君子嘉遁，古无不利。
卯集,4014,53，54,万卉正芳菲，韶光处处宜。
卯集,4015,35，36,拨山超海，缘木求鱼。
卯集,4016,21，22,君子谋道，小人谋食。
卯集,4017,,兄弟八人，数有三贵。
卯集,4018,43，44,独彼无处有清流，来喜应求来破愁。
卯集,4019,31，32,没有规范，不成方圆。
卯集,4020,,子命属水方合此刻。
卯集,4021,21，22,名登龙虎榜。
卯集,4022,,满腹文章贯斗牛，乡榜题名独占先。
卯集,4023,,项庄舞剑，意在沛公。
卯集,4024,32,运逢佳境，如花遇春。
卯集,4025,69，70,老来无恙是多福。
卯集,4026,45，46,龙德相扶，大吉大象。
卯集,4027,,仲伯之德，由德正直。
卯集,4028,16,名登金榜。
卯集,4029,,劫杀相逢，死于刀下。
卯集,4030,,兄弟五人，中断离群。
卯集,4031,23，24,名登虎榜。
卯集,4032,25，26,方当出仕又阻抑。
卯集,4033,37,人坐春风，其乐融融。
卯集,4034,15，16,乡榜题名。
卯集,4035,,为人依本分，言行两无亏。
卯集,4036,,胸中锦绣人难及，曾魁天下是君子。
卯集,4037,31，32,涵濡五露荣，花信有春色。
卯集,4038,37，38,宴饮鹿鸣。
卯集,4039,15，16,度过崎岖路，攸往是坦夷。
卯集,4040,59，60,坤人之运造化奇，一天星斗见光辉。
卯集,4041,54,不假推移，安然进步。
卯集,4042,,春时日日好，深闺淑气佳。
卯集,4043,29，30,刘郎莫恨蓬山远，驿使传书已到门。
卯集,4044,27，28,颜回之寿，少四年而归。
卯集,4045,69，70,暮年为政，从心所欲。
卯集,4046,13，14,月在水中，可玩不可捉。
卯集,4047,,父命木年生方合此刻。
卯集,4048,31，32,深院锁黄昏，阵阵芭蕉雨。
卯集,4049,1,烟暖初出冥，晚来景色新。
卯集,4050,47，48,龙逢浅水，虎落平壤。
卯集,4051,57,数该生子。
卯集,4052,47，48,解神切莫听凶神，破去钱财又费心。
卯集,4053,21，22,进取帑梁施，贵人得扶持。
卯集,4054,,此数推为性最华，身近候伯早堪夸。
卯集,4055,,天毓其才人，莫并金谐选。
卯集,4056,69，70,瑞气融融，景象非前。
卯集,4057,,佳人有正副，正副不和睦。
卯集,4058,,父子千总，人生在幸。
卯集,4059,55，56,南院枯枝，复发其荣。
卯集,4060,15,喜气盈门，物色更新。
卯集,4061,36,朱雀衔符至，勿引是非来。
卯集,4062,,分有前母，生我是庶。
卯集,4063,,百总升千总，祖庇有余德。
卯集,4064,37，38,见龙在田，普其润泽。
卯集,4065,61，62,年年事事通，枯枝槁木皆发荣。
卯集,4066,67，68,风行水面，旋起波涛。
卯集,4067,,公义以行为，一方之保障。
卯集,4068,,得人与他为活计，傍个贵人发大家。
卯集,4069,19，20,犬有两口，哭泣之哀。
卯集,4070,47，48,伐木丁丁莒求友，直谅多闻同气求。
卯集,4071,37，38,瑞气凝于庭，休微交应中。
卯集,4072,,武曲照命，把总升守备。
卯集,4073,43,事事从容，眉头喜色。
卯集,4074,,徒弟五人，三个送老。
卯集,4075,25，26,从事从容，谋略有功。
卯集,4076,,水年克妻，木年再娶。
卯集,4077,52,檐前喜鹊噪，报喜又报晴。
卯集,4078,,保固业精练，兵器以御甲。
卯集,4079,,父母水年生方合此刻。
卯集,4080,,四字切忌：暗箭难防。
卯集,4081,41，42,安居为福，幽人贞吉。
卯集,4082,,母命金年生方合此刻。
卯集,4083,,夫妻偕老，数由前生定。
卯集,4084,77，78,鸟呜嘤嘤，饮啄自得时。
卯集,4085,43,密云不雨，烦闷人心。
卯集,4086,33，34,花开未久春光尽，可惜枝头一旦倾。
卯集,4087,,一轮明月，光照九州。
卯集,4088,44,一轮明月映秋林，无边风景爽气生。
卯集,4089,59,不须卜甲子，五旬之外人。
卯集,4090,,雌雄相守岁，林稳得优游。
卯集,4091,43，44,笥有衣仓，粟生食足。
卯集,4092,,甲子之年，乡榜题名。
卯集,4093,,志在四方，锦衣归故里。
卯集,4094,53，54,磐石之安，言其未动。
卯集,4095,,艺术依人显，能得福自臻。
卯集,4096,,振基业于当时，播芳名于后世。
卯集,4097,,不许千金数，实许七百数。
卯集,4098,13，14,一贡成名，少年得意。
卯集,4099,,如金如锡，如圭如壁。
卯集,4100,11，12,风清日丽，山静禅闲。
卯集,4101,13，14,辟雍成名，祖宗荫德。
卯集,4102,,深秋黄菊，晚节馨香。
卯集,4103,13，14,夫当入泮。
卯集,4104,4,四岁无父，难免泣血。
卯集,4105,35，36,韩信受跨下之时。
卯集,4106,55，56,无登科甲，坤人之幸。
卯集,4107,15，16,驿使传消息，门庭喜色新。
卯集,4108,37，38,花开胜似去年红，满院丛中铺锦绣。
卯集,4109,15，16,时哉不可失，时乎不再来。
卯集,4110,23，24,明月清风，人情舒畅听钟声。
卯集,4111,41，42,少年辟雍，乐莫大焉。
卯集,4112,,山外青山名可求，前程进步在他州。
卯集,4113,,夫当入泮。
卯集,4114,77，78,舟人不备。
卯集,4115,36，37,父亡矣陡岐生悲。
卯集,4116,13，14,他年平地风波起，远避桃源免祸殃。
卯集,4117,15，16,夫登科甲。
卯集,4118,45，46,昨夜征夫路上来，梅花千里护楼台。
卯集,4119,,少年依贡世难逢。
卯集,4120,23，24,世事不明，谬迷于性。
卯集,4121,,数有三母之称。
卯集,4122,,姻缘有跷蹊，不合明媒娶。
卯集,4123,49,人寿年来有动摇，定名不足莫心高。
卯集,4124,,特立扬媚日，人将何取笑。
卯集,4125,51,数该生子。
卯集,4126,,升迁千总。
卯集,4127,47，48,根深蒂固，有为之时。
卯集,4128,,龙年生子。
卯集,4129,60,春光在日，无日不足。
卯集,4130,63，64,夫当登科。
卯集,4131,35,花棉衬雕鞍，日月春光定。
卯集,4132,64,月色放青光，遍体精神爽。
卯集,4133,,复补百总。
卯集,4134,33,飞檐为祸又为灾，啾唧无端水破财。
卯集,4135,39，40,四龄一跃成文士。
卯集,4136,17，18,夫当入泮。
卯集,4137,100,寿喜年高一百余。
卯集,4138,103,寿余百岁有三春，悠悠一梦。
卯集,4139,,月中仙子，可望不可及。
卯集,4140,31，32,迷于穷途，转之路通。
卯集,4141,,母命木年生方合此刻。
卯集,4142,17,夫登科甲。
卯集,4143,,金珠为质画为饰，写出丹青凤羽仪。
卯集,4144,,温温恭人，维德之基。
卯集,4145,,命中注定七女。
卯集,4146,,数年立志鸡窗下，一旦标名性字香。
卯集,4147,,父母生土年终于水年。
卯集,4148,,辉宗祖之基，扬子孙之名。
卯集,4149,,一生做事，粗晓有失。
卯集,4150,61，62,深秋黄菊，晚节馨香。
卯集,4151,19，20,夫当入泮。
卯集,4152,,不思游泮青云路，只图家业乐终身。
卯集,4153,19，20,秉性常清净，存心碣慈和。
卯集,4154,19，20,夫登科甲。
卯集,4155,50,勿得因人屡变迁，后悔无边。
卯集,4156,25,运际其亨，无往不利。
卯集,4157,90,寿域同登九十年，寿星昨夜现中天
卯集,4158,,金鳞不是池中物，一遇风云化作龙
卯集,4159,47，48,波平风静，正当行舟。
卯集,4160,,豕前牛后，弟先终命。
卯集,4161,,崎岖路漫，推车停留马足斜。
卯集,4162,22,享现成福，任意逍遥。
卯集,4163,21，22,夫当入泮。
卯集,4164,,运逢知命，何期镜钗分。
卯集,4165,35,终日蹙眉头，愁怀准解救。
卯集,4166,38,家室安宁，心字意稳。
卯集,4167,21，22,夫当登科。
卯集,4168,23，24,履丝织编，任意逍遥。
卯集,4169,23，24,辟雍成名。
卯集,4170,20，21,人在中途，飘飘雨中。
卯集,4171,23，24,当依贡期。
卯集,4172,25,美景良辰君莫负，及时行乐且安然。
卯集,4173,47，48,知己相遇，足慰离愁。
卯集,4174,49，50,是非未有停，财帛多破耗。
卯集,4175,73，74,饱食暖衣，无求之乐。
卯集,4176,23，24,名当登科。
卯集,4177,,濡濡仅固得自如，少年常似老来时。
卯集,4178,43，44,瑞气护兰芬，其年大吉庆。
卯集,4179,23，24,命照文星，夫当入泮。
卯集,4180,,心慈好善，福禄诸缘。
卯集,4181,27,辟雍成名。
卯集,4182,43，44,安常处顺，入纳桢祥。
卯集,4183,25，26,少年依贡。
卯集,4184,67,项王欲转江东去，谁想乌江不渡人。
卯集,4185,25，26,夫当入泮。
卯集,4186,,兄弟三人，奏楚不同盟。
卯集,4187,53,科名之星，独当步文场。
卯集,4188,,以监而经历，数由前定。
卯集,4189,,五子原是金水火.若生土命是虚花
卯集,4190,,存慈悲心，获修齐志。
卯集,4191,89，90,风前之烛，光摇不定。
卯集,4192,25，26,夫登科甲。
卯集,4193,,兄弟三人，同父不同母。
卯集,4194,3，4,万紫千红，更新有兴。
卯集,4195,,命中有七子送老。
卯集,4196,,朝耕夕织，勤俭持家。
卯集,4197,59，60,披麻无情，门庭开乱。
卯集,4198,40,春风得意，利禄盈盈。
卯集,4199,53,鼓盆之歌，再见于斯。
卯集,4200,27，28,国学题名。
卯集,4201,27，28,当页之期。
卯集,4202,,兄弟九人，数有三贵。
卯集,4203,,疯病之灾，宿年有咎。
卯集,4204,,三子属土与木金，若生水年亦不真
卯集,4205,17,祸去还有灾，阴雨渡阴天。
卯集,4206,25，26,当贡之期。
卯集,4207,,数有三妻。
卯集,4208,,身处叔季，俨然律吉。
卯集,4209,,数有六子，三子送老。
卯集,4210,21,月上栏杆，半明半暗。
卯集,4211,,生长名门，不愧曹族。
卯集,4212,43，44,一段愁怀入莫识，空留明月与人知。
卯集,4213,,命当繁华，一世安康。
卯集,4214,23，24,结子开花树有根，春风蔼蔼快人情。
卯集,4215,51,夫入泮宫。
卯集,4216,27，28,运至时行，诸事凑巧。
卯集,4217,31，32,风卷浮云，中天月色。
卯集,4218,3，4,四时佳处，如春如花。
卯集,4219,69,韶光新景，足畅我怀。
卯集,4220,65,蝉声断续送人矣，一去无踪莫计程。
卯集,4221,,兄弟五人，乐奏几般音。
卯集,4222,25,青年朱弦断，鸳鸯再会难。
卯集,4223,39，40,云横秦岭家何在，雪拥蓝关马不前。
卯集,4224,27，28,夫当登科。
卯集,4225,50,愁难作解苍茫人，病人不怜人次第。
卯集,4226,45，46,日尽歌呼在，高山流水足逍遥。
卯集,4227,11，12,新竹成竿，扶摇直上。
卯集,4228,21,趋吉避凶，须知吉里藏凶。
卯集,4229,22,纳宠须知，色重贪花。
卯集,4230,65,八卦加一，大数止矣。
卯集,4231,29，30,国学标名。
卯集,4232,29，30,言行不谨慎，有意外之危。
卯集,4233,,火年木年生三子，若生金年是虚花。
卯集,4234,57，58,洋洋自得，旁若无人。
卯集,4235,35，36,骑马渐且高，勿想上高楼。
卯集,4236,93，94,多福多禄，斯年寿足。
卯集,4237,,姐作商人，妹入侯门。
卯集,4238,39，40,一若求珠沧海上，纵不虚求也是难。
卯集,4239,29，30,当贡之期。
卯集,4240,,有子还无字，无遣讨债儿。
卯集,4241,29，30,泮池之年。
卯集,4242,55，56,避嫌思退，不堕猜疑。
卯集,4243,33，34,扁舟一叶在江中，顷刻溟溟烟霞红。
卯集,4244,67,花开正当赏，风雨又相催。
卯集,4245,49，50,知心相负，暗地有戈。
卯集,4246,106,一百零六，不食人间。
卯集,4247,,以受道书君馨香，长安城内姓名扬。
卯集,4248,41,许进勿退，退得其胜。
卯集,4249,59，60,吉庆重来，门庭纳福。
卯集,4250,21，22,虽有浮云，不掩明月。
卯集,4251,,姊妹三人，先损其一。
卯集,4252,,存心仁慈，立志修齐。
卯集,4253,27，28,缓步徐行福自随，室中空信几危灾。
卯集,4254,55,鲲鹏展翼，扶摇直上。
卯集,4255,29，30,夫登科第。
卯集,4256,65,高下无求，往来春秋。
卯集,4257,41，42,鸟集高枝，无烦啄食。
卯集,4258,54,通往直前，却无阻挡。
卯集,4259,,妻命属金。
卯集,4260,34,辟雍成名。
卯集,4261,,为人忠通，慷慨大方。
卯集,4262,,甲午之年，乡科及第。
卯集,4263,55，56,冤愁纷纷，抄扰不宁。
卯集,4264,,官至学院尊，尚未心满足。
卯集,4265,31，32,当依贡期。
卯集,4266,,以监而选州官，数由前定。
卯集,4267,64,正路入问福，忽做南柯梦。
卯集,4268,57，58,口舌交争，昼夜不宁。
卯集,4269,64,大椿八千岁，庄子游仙境。
卯集,4270,31，32,夫当入泮。
卯集,4271,48,风息云收，阳和日暖。
卯集,4272,,官星相照身，近内台天子。
卯集,4273,,仁慈好善，广种福田。
卯集,4274,38,行年人事齐，春色草姜萋。
卯集,4275,57，58,天哭催人事，有伤骨肉情。
卯集,4276,,姻缘前定，必然亲上加亲。
卯集,4277,60,春深莫恨无颜色，最喜葵榴映日红。
卯集,4278,,三岁丧父，义方之训恨无人。
卯集,4279,35,数该生子。
卯集,4280,17,晓日紫云上绿楼。
卯集,4281,63，64,几点疏星照，南楼见太阳。
卯集,4282,93，94,快乐又无边，风月春光满目前。
卯集,4283,43，44,寂寞有余，财产地僻。
卯集,4284,31，32,夫当登科。
卯集,4285,25，26,夫妻反目，乖戾不和。
卯集,4286,,以监而选知州，数注由前定。
卯集,4287,23,黄甲传宣，春间奏捷。
卯集,4288,14,莫道天常晴，霎时又生风。
卯集,4289,82,恩星相照，福自随人。
卯集,4290,,内外顺和，深得夫唱妇随义。
卯集,4291,,削发为僧，脱却当年景。
卯集,4292,33，34,辟雍成名。
卯集,4293,25，26,时亨运济，无往不利。
卯集,4294,33，34,当依贡期。
卯集,4295,,正途而近贵，自有前程路。
卯集,4296,,东风送和气，花柳媚春辉。
卯集,4297,,早岁沉淹运通，梅花只到雪奇中。
卯集,4298,53，54,中运经营，家室饱暖。
卯集,4299,,乙西拜师方合此刻。
卯集,4300,,落地喊三声，未喊父已逝。
卯集,4301,45，46,曲曲冈路通行人，行人急急赴春回
卯集,4302,57，58,危转为安，祸消为福。
卯集,4303,13,嫩柳不经三月雨，奇花曾耐社前霜。
卯集,4304,63，64,搔首问青天，人事得周全。
卯集,4305,33，34,夫当入泮。
卯集,4306,35，36,忧以消除，得来凑巧。
卯集,4307,13，14,一轮新皎月，数朵乌云遮。
卯集,4308,55，56,五马翩翩，人羡阳春。
卯集,4309,33，34,夫登科第。
卯集,4310,55，56,初任知府，转身部属。
卯集,4311,35，36,名列辟雍。
卯集,4312,41，42,出门图活计，活计水中生。
卯集,4313,29,一步高来一步低，高低之处有忧疑。
卯集,4314,21，22,六合多相得，春风到处清。
卯集,4315,,虽然未遂青云志，只图事业作富翁。
卯集,4316,35，36,数载科场，一朝得志。
卯集,4317,17，18,求则得之，颇遂其志。
卯集,4318,17，18,其安其顺，乐境相忘。
卯集,4319,43，44,门庭寂寞转兴隆，南北东西处处同。
卯集,4320,39，40,不利而利，无往不利。
卯集,4321,,亲戚无缘，朋友胜亲。
卯集,4322,47，48,欢娱度年，万事乃合。
卯集,4323,,父死玄武有变。
卯集,4324,71，72,谢却人间事，常纳祯祥福。
卯集,4325,61，62,所遇老境，忧中扰病。
卯集,4326,,举人终身，一生乐事。
卯集,4327,,父不父子不子，中间有个不完妻。
卯集,4328,51，52,祯祥叠见阳，无日不从容。
卯集,4329,,长安世上，姓名飘香。
卯集,4330,55，56,乡科独步。
卯集,4331,35，36,夫当入泮。
卯集,4332,41，42,财帛莫强求，宽然不用忧。
卯集,4333,,水年克妻，木年再娶。
卯集,4334,,假如三场客，今人作故人。
卯集,4335,,癸亥拜师方合此刻。
卯集,4336,27，28,洋江之水伏龙蛇，家室康宁财禄多。
卯集,4337,51，52,超升重任，参于政事。
卯集,4338,63，64,花间酌酒邀明月，石上题诗扫绿苔。
卯集,4339,35，36,夫登科第。
卯集,4340,33，34,事事强扶持，酩酊醉他乡。
卯集,4341,77，78,一点银灯照路来，循循而走问行藏。
卯集,4342,37，38,辟雍成名。
卯集,4343,41，42,鸟音助人乐好音。
卯集,4344,37，38,劳心劳力苦奔驰，究竟奔驰力已疲。
卯集,4345,37，38,当贡之期。
卯集,4346,53，54,鼠楼梁上，须忧其耗。
卯集,4347,37，38,夫入泮宫。
卯集,4348,11，12,机会得来事偶然，童年入泮占人先。
卯集,4349,41，42,进取无功，退守为高。
卯集,4350,37，38,夫当入泮。
卯集,4351,67，68,日沉西坠云又暗，长夜迢迢无处光。
卯集,4352,75，76,芳草遍郊原，喜气上眉端。
卯集,4353,,兄弟九人，数有七贵。
卯集,4354,,虫声四壁，凄凉之状。
卯集,4355,,逢兔年成名，宫墙稳步。
卯集,4356,55，56,丧门照命，哭泣之哀。
卯集,4357,,前妻生水之子，后妻生土木之儿。
卯集,4358,17,解神有情，灾害消除。
卯集,4359,,官至提督，全家食禄。
卯集,4360,22,蹉跎岁月，一过坦夷。
卯集,4361,29，30,不当进步且盘桓，事到之中次第开。
卯集,4362,21，22,一入院门空物色，悠悠美景乐无边。
卯集,4363,25，26,鸟集秋隅，得其所止。
卯集,4364,,乖违不济，步履错趾。
卯集,4365,44,满目韶光观不尽，一旦无常作故人。
卯集,4366,23，24,酣梦方醒，神清气爽。
卯集,4367,,妻命属金方合。
卯集,4368,61，62,暖风融融，朝笙夕簧。
卯集,4369,83,东风律律好年华，次第开时有好花。
卯集,4370,,兄弟决无双，安享荣华出身苦
卯集,4371,43,问舍求田，家业兴隆。
卯集,4372,,数有一子，得以送老。
卯集,4373,,一犬一犬又一犬，命里犯刑孤
卯集,4374,39，40,辟雍成名。
卯集,4375,22,劳心劳力，总成画饼。
卯集,4376,63，64,喜气洋洋，德义两全。
卯集,4377,,兄弟十人，数有五贵。
卯集,4378,,熙熙人物，不啻梁灏之壮怀。
卯集,4379,67，68,有子不相合，各自营生计。
卯集,4380,11，12,祥光掩映画堂明，锦绣铺张物色新。
卯集,4381,39,黄莺出谷，载迁乔木。
卯集,4382,,丙子之年，秋闱得意。
卯集,4383,26,谋之事事非，相助强扶持。
卯集,4384,39，40,当贡之期。
卯集,4385,12,人生春光，乐意融融。
卯集,4386,39，40,夫入泮宫。
卯集,4387,51，52,顺水行舟，顺风相送。
卯集,4388,,好德兼好善，修身又齐家。
卯集,4389,75，76,红烛照画堂，喜气甚非常。
卯集,4390,21，22,事业守其常，进退几无变。
卯集,4391,79,桃李笑春风，扶苏绿荫浓。
卯集,4392,39，40,夫登金榜，妇之幸也。
卯集,4393,35，36,位转有司，事宜斟酌。
卯集,4394,73，74,绣花开处棉将成，照耀华堂物色新。
卯集,4395,57，58,傲画栋雕梁春日迟，主人歌酒有相知。
卯集,4396,,傲物气高，不仁不求。
卯集,4397,24,数该生子。
卯集,4398,21,得时亲驾驭，左右相周旋。
卯集,4399,23,春风有佳信，长安十里杏花香。
卯集,4400,37,年限将喜，事自相挠。
卯集,4401,,辟雍成名，一命之贵。
卯集,4402,40,图利又图名，利就名亦成。
卯集,4403,,祖业消耗，另创家园。
卯集,4404,,恩星相照，八座之荣。
卯集,4405,45，46,恩星照命，当贡之期。
卯集,4406,41，42,再任盐道。
卯集,4407,31，32,色心难淡，竟立偏房。
卯集,4408,41，42,当贡之期。
卯集,4409,,真假七子，三子送老。
卯集,4410,41，42,夫当入泮。
卯集,4411,27，28,吉星相照，官职高升。
卯集,4412,41，42,夫当科甲。
卯集,4413,29，30,过却迷津又坦夷，村庄到处有招寻。
卯集,4414,,己酉之年，乡科及第。
卯集,4415,,又升知府。
卯集,4416,57，58,雪遍琼瑶，白玉楼台十丈高。
卯集,4417,67，68,轻余袅袅一炉香。
卯集,4418,,子命属土方合此刻。
卯集,4419,,金玉之君，社稷良臣。
卯集,4420,,公门谋依食，不亦乐乎。
卯集,4421,49，50,天涯无可休，春去又复秋。
卯集,4422,85，86,当贡之期。
卯集,4423,43，44,不入泮宫，定为辟雍。
卯集,4424,15，16,苍蝇点破无瑕玉，不费钱财也费心。
卯集,4425,43，44,当贡之期。
卯集,4426,26,奔走艰辛总是虚，从朝至夕却支持。
卯集,4427,43，44,夫当入泮。
卯集,4428,57，58,枯杨生花之象。
卯集,4429,,初授知县。
卯集,4430,31，32,安守有余，事事隆通。
卯集,4431,43，44,夫登科甲。
卯集,4432,65，66,夫入泮宫。
卯集,4433,21,春风鸟声，赏心乐事。
卯集,4434,,读诗书成名，少游国学列诸生。
卯集,4435,,金土之年入泮方合，
卯集,4436,,妻命属火方合。
卯集,4437,,此刻生人，父亡金年。
卯集,4438,61，62,子当入泮。
卯集,4439,,数有九子，送老难齐。
卯集,4440,,先男后女，先天定数。
卯集,4441,45，46,国学标名。
卯集,4442,83，84,一轮明月照，羽化便登仙。
卯集,4443,25,数该生子。
卯集,4444,23，24,舟行浅水，多费移力。
卯集,4445,45，46,当依贡期。
卯集,4446,65，66,夫当登科，老来之荣。
卯集,4447,75，76,破财不吉，老来之荣。
卯集,4448,25，26,梦香不理赠间事，一点禅心自秘藏。
卯集,4449,75,安乐度流年，暗里祯祥转。
卯集,4450,45，46,夫当入泮。
卯集,4451,45，46,花结果蕊，喜事频来。
卯集,4452,41，42,迷云渺渺归何处，贵留物业与阳人。
卯集,4453,,命带阎王关，解破得安然。
卯集,4454,33，34,一樽美酒送行人，竟往仙乡作故人。
卯集,4455,,官至守备，不能高耀。
卯集,4456,45，46,夫登科甲。
卯集,4457,53，54,有衣有食堪曳裾，无事无求乐安然。
卯集,4458,27,进有可为，及时猛进。
卯集,4459,27，28,运至时行，无往不利。
卯集,4460,49，50,道通路达，可喜可乐。
卯集,4461,43，44,世事犹如春，梦浮生倏忽以尽。
卯集,4462,85，86,无究春色，收拾笑颜。
卯集,4463,72,颠沛有灾，宫非又来。
卯集,4464,20,运未亨通，履之皆错。
卯集,4465,51，52,太平无事无征伐，臣民共乐大有年。
卯集,4466,35,人事安然，门庭吉庆。
卯集,4467,38,行门到水处，指日见波涛。
卯集,4468,,一生行善，必有旌荣。
卯集,4469,47，48,紫气洋洋，恩至超迁。
卯集,4470,23，24,运至高强，图谋顺利。
卯集,4471,47，48,辟雍成名。
卯集,4472,11，12,花蕊初红，不荣而荣。
卯集,4473,43,春风满目，歌酒倘佯。
卯集,4474,80,俯仰无虞，安然快乐。
卯集,4475,21，22,吉星解救，灾星未央。
卯集,4476,,送老二子，花开到树。
卯集,4477,,跛其一号，前生所定。
卯集,4478,39，40,浮云掩月光，风卷云收藏。
卯集,4479,,徒弟三人，得以送老。
卯集,4480,,婚姻奇缘，亲上加亲。
卯集,4481,72,安乐无忧常，享清平之福。
卯集,4482,,北堂萱草得长年，风折春枝定在先。
卯集,4483,33,一梦归西，飘然不返。
卯集,4484,47，48,恩星相照，当依贡期。
卯集,4485,25，26,玉兔催人投宿处，金鸡唤客束行装。
卯集,4486,32,曲径推车，进退两难。
卯集,4487,85，86,家室康宁，门庭吉庆。
卯集,4488,16,少年登科第，秋闱得意回。
卯集,4489,40,生子之年。
卯集,4490,,为人谋图，自立成家。
卯集,4491,,壬午之年，乡科及第。
卯集,4492,,真假二子，得以送老。
卯集,4493,17，18,人坐春风中，名花锦绣丛。
卯集,4494,,一字曰蛇，欣欣然然。
卯集,4495,11，12,严霜欺嫩草，幸喜有根存。
卯集,4496,53，54,莫笑冯唐无晚景，还期老运享荣华
卯集,4497,41，42,生计得优游，朝夕享安舒。
卯集,4498,36,名著当时，文章超达。
卯集,4499,73，74,静守空门业，闲栖丈室间。
卯集,4500,,文昌照命，擢升御史。
卯集,4501,47，48,犬当登科。
卯集,4502,,命带天吊关，解救自灾然。
卯集,4503,57，58,无灾无祸，其年大吉。
卯集,4504,,敏而好学，有质有文。
卯集,4505,,官至癸酒，解组林下。
卯集,4506,,以捐纳而选典史，数由前定。
卯集,4507,73，74,际遇相逢喜事业，无边晚景任徘徊。
卯集,4508,21，22,天意拂人心，问利总无恁。
卯集,4509,49，50,国学标名。
卯集,4510,67，68,一年又一年，无日不蝙跹。
卯集,4511,79,池边杨柳，春日舞风。
卯集,4512,,兄弟六人，数有五贵。
卯集,4513,22,庭前芳草，春日融融。
卯集,4514,36,半夜风息，扁舟稳渡。
卯集,4515,74,熙熙攘攘，安康抵足。
卯集,4516,45，46,福从意外，东西南北任徘徊。
卯集,4517,45，46,客渡江山易，指日满载还。
卯集,4518,19,数该生子。
卯集,4519,47,一池荷花，亭亭直上。
卯集,4520,33，34,举头初见太阳升，左右求谋事事成。
卯集,4521,49，50,数年立志鸡窗下，一贡成名得显扬。
卯集,4522,95，96,老运康宁，福自安然。
卯集,4523,75，76,心意安于室，克享老成福。
卯集,4524,,命犯落进关，解破得安然。
卯集,4525,33，34,风卷浮云，日现中天。
卯集,4526,15，16,整顿琴声，不负良辰美景。
卯集,4527,33，34,入山樵童，得地得时。
卯集,4528,64,人事无求，风顺水流。
卯集,4529,18,一水又二山，高低步步难。
卯集,4530,38,名花得雨生春色，满目红颜入画堂。
卯集,4531,43，44,阴雨连宵至，眉头交蹙未开颜。
卯集,4532,63,子当辟雍。
卯集,4533,25，26,意外之财，不求自来。
卯集,4534,,慷慨热心肠，为人无鄙吝。
卯集,4535,,真假四子，三子送老。
卯集,4536,,父死于水年，母死于火年方合。
卯集,4537,35，36,村村遍布绿杨阴，绿杨阴处可消停。
卯集,4538,51，52,天德相扶，家门吉庆。
卯集,4539,5，6,叶新林换绿，花落地生香。
卯集,4540,49，50,夫当入泮。
卯集,4541,,苟合如缘，数由前业。
卯集,4542,,虎豹晋星临，千里迢迢作充军
卯集,4543,25,数该生子。
卯集,4544,,命带短命关，解破得安然。
卯集,4545,,命入文昌，有学堂份。
卯集,4546,31，32,曲径山蹊，桃源之景。
卯集,4547,41，42,安步至前途，不必费踌躇。
卯集,4548,67，68,不特无灾，相庆寿增。
卯集,4549,,兄弟十人，数有四贵。
卯集,4550,,江头昨夜报潮生，两岸轻烟水自平。
卯集,4551,49，50,夫登黄甲，妇人之幸。
卯集,4552,,安其常分守其成，福犹防有不虞悲。
卯集,4553,35，36,流年欠顺，急唤杨枝。
卯集,4554,65，66,乐意忘忧，其蓄也实。
卯集,4555,69，70,乐意从容，善能知足。
卯集,4556,,风雨凄凄正愁人，窗前寂寞有谁知。
卯集,4557,65，66,有子能述，可以忘忧。
卯集,4558,64,子当辟雍。
卯集,4559,61，62,三辅颂鸿庥，二羽旌歌胜。
卯集,4560,,身入玄门，玄门相亲。
卯集,4561,51，52,辟雍成名。
卯集,4562,,数中不幸，死于非命。
卯集,4563,51,科场未得遂，一贡难成名。
卯集,4564,51，52,风雨无恁，梨花飞舞。
卯集,4565,43，44,前山深处，树木烟浓。
卯集,4566,51，52,内无乖戾气，外有恺悌风
卯集,4567,51，52,夫入泮宫。
卯集,4568,,出于幽谷，迁于乔木。
卯集,4569,,其人之亡，定在九月。
卯集,4570,49,枯木再荣，全仗东风。
卯集,4571,51,夫登科甲。
卯集,4572,,黄甲传宣数，卯辰报亲捷。
卯集,4573,47，48,子贵自贵，流年之庆。
卯集,4574,,妻命属木方合。
卯集,4575,43，44,衣禄木盈，内外清平。
卯集,4576,55，56,见机而进，不招耻辱。
卯集,4577,23，24,功勋著社稷，名声震华夏
卯集,4578,9，10,缓舒莺羽翼，轻举蝶精神。
卯集,4579,25，26,风卷荷珠，圆又复碎。
卯集,4580,53，54,不登庠序，不得辟雍。
卯集,4581,25,风拂禅灯，注重晦滞。
卯集,4582,57,子当辟雍。
卯集,4583,50，51,威仪郑重，德存流芳。
卯集,4584,57，58,雷声虽大全无雨，放下心肠且宽宏。
卯集,4585,,兄弟二人，志向不同。
卯集,4586,47，48,图谋凑合，财帛勃发。
卯集,4587,52,三更滴漏夜未央，子规啼血断人怀。
卯集,4588,57，58,事事可求，求之必得。
卯集,4589,33,理应生子。
卯集,4590,53，54,依贡之期。
卯集,4591,35，36,黄乌乔木，舌如笙簧。
卯集,4592,53，54,夫入泮宫。
卯集,4593,55，56,寂寞看更长，疏星送太阳。
卯集,4594,47，48,暖风拂拂来，正当十月天。
卯集,4595,13，14,吉曜相照，碎又复圆。
卯集,4596,27，28,花开正当赏；不觉风雨来。
卯集,4597,53，54,夫登科甲。
卯集,4598,,命带雷公打脑关，数云解救得安然。
卯集,4599,53，54,按辔徐行，步步亨通。
卯集,4600,25，26,无是无非，随缘度日。
卯集,4601,55，56,辟雍成名。
卯集,4602,55，56,夫入泮宫。
卯集,4603,53,事业隆隆，瑞气门庭。
卯集,4604,57,羊肠路上几盘桓，一转危坡任坦夷。
卯集,4605,,徒弟三人，二人送老。
卯集,4606,51，52,运至时行，谋事顺利。
卯集,4607,71,淹淹限有事，东风飘飘寒。
卯集,4608,,初任把总，却有变幻。
卯集,4609,22,官职高擢，八座之尊。
卯集,4610,55，56,当依贡期。
卯集,4611,79，80,坐安车驱，当有险处。
卯集,4612,45，46,昔年多愁苦，今日得安舒。
卯集,4613,19,家室不宁，流年有咎。
卯集,4614,25，26,作事多反覆，行之未遇时。
卯集,4615,46,走过前途多息肩，绿阴深处得周旋。
卯集,4616,11，12,好花将开，清风徐来。
卯集,4617,47，48,百姓无咎，共乐太平。
卯集,4618,,运行南方地，功名成就时。
卯集,4619,26,忧喜相逢，愁颜变笑容。
卯集,4620,42,未遇其时，莫与有为。
卯集,4621,55，56,夫当登科，晚年之福。
卯集,4622,27，28,职司高爵，事宜项其斟酌。
卯集,4623,23，24,瑞气隆隆，门庭喜庆。
卯集,4624,57，58,辟雍成名。
卯集,4625,,此刻生人必刑妻。
卯集,4626,,官至春坊，不能拜相。
卯集,4627,45，46,命拱耀星，职司通政。
卯集,4628,,月缺易圆，镜破难合。
卯集,4629,,身带疾厄，解禳得安。
卯集,4630,57,当依贡朝。
卯集,4631,35,竟梦黄梁，异乎痛哉。
卯集,4632,27，28,生计庸常，宽然有度。
卯集,4633,67，68,六阴停极，消长不一。
卯集,4634,97，98,身心舒泰，福禄骈臻。
卯集,4635,39，40,运至高强，图谋异常。
卯集,4636,,丁卯之年，乡科及第。
卯集,4637,37，38,财帛随人来，图谋必周全。
卯集,4638,57，58,夫当入泮。
卯集,4639,36,数当此尽。
卯集,4640,41，42,财帛逐日进，物色更从新。
卯集,4641,27，28,新绿枝头可问禅。
卯集,4642,57，58,夫登科第。
卯集,4643,,半作生涯半作田，一生衣禄靠心坚。
卯集,4644,35,数该生子。
卯集,4645,69，70,犬当入泮。
卯集,4646,62,满园花茂盛，事来称人怀。
卯集,4647,,母先故于木年，父后故于土年。
卯集,4648,,两妻生双子，双喜临门。
卯集,4649,,一枯一荣，二子送老。
卯集,4650,59，60,夫登科甲。
卯集,4651,39，40,洛阳花似锦，清风送佳音。
卯集,4652,61,朝歌夕乐，克享成福。
卯集,4653,62,数该生子。
卯集,4654,,妻命属火。
卯集,4655,45,春风依旧到江城，又见江城锦绣丛。
卯集,4656,,慕廉颇李牧之风，学孙武穰苴之术。
卯集,4657,,琼林之宴，抡元之职。
卯集,4658,59，60,当依贡期。
卯集,4659,,让得前头一人口，杏花十里马蹄轻。
卯集,4660,33，34,事事添花锦，荣华自可夸。
卯集,4661,,衣钵一身。
卯集,4662,27，28,衣钵一身闲，四时尘不染。
卯集,4663,41，42,流年顺遂，谋事有功。
卯集,4664,58,朝起遇顺风，随时帆挂到江东。
卯集,4665,,俭约守之犹不足，过而不改其能乎。
卯集,4666,75，76,和气洋溢，室家吉庆。
卯集,4667,9，10,朝烟夕霞，转眼淹留。
卯集,4668,53，54,只宜守已，不可妄为。
卯集,4669,31，32,日日笑颜开，财通福自来。
卯集,4670,,此刻生人必刑夫。
卯集,4671,61，62,夫当入泮。
卯集,4672,37,一梦归西别阳台。
卯集,4673,53，54,家室安乐，事事更新。
卯集,4674,35，36,谋事有喜意，年来迥不同。
卯集,4675,61，62,夫登科甲。
卯集,4676,39，40,顺水行舟，瞬息千里。
卯集,4677,13，14,喜事祯祥天意来，阴阳调合百花开。
卯集,4678,56,稳足无求，往来春秋。
卯集,4679,63，64,夫当入泮。
卯集,4680,63，64,当依贡期。
卯集,4681,63，64,春寒秋热，光景无多。
卯集,4682,,桃红柳绿薏春风。
卯集,4683,53,巧利巧利，不逢自达。
卯集,4684,,兄弟怡怡，又入泮宫。
卯集,4685,45，46,行到桃源流水处，绿扬阴里任君眠。
卯集,4686,32,合卺杯中浮绿蚁，玉栏杆上醉春风。
卯集,4687,,尘埃掩镜台，母先赴瑶池。
卯集,4688,7，8,新月挂松梢，清风送佳音。
卯集,4689,,早岁平安，将来大垢。
卯集,4690,31，32,春到自然花烂熳，花开随处月光辉。
卯集,4691,37，38,春风依阳到阳城，处处花开锦绣明。
卯集,4692,38,退险而夷，逢凶化吉。
卯集,4693,38,数刻生子。
卯集,4694,37,皓月当空，清光不同。
卯集,4695,,囊橐中宜检点。
卯集,4696,45，46,金枝玉叶大家女。
卯集,4697,27，28,金枝毓秀，玉树生春。
卯集,4698,83，84,无事无求安乐业。
卯集,4699,,事业不专，进三退四。
卯集,4700,,问利三旬之外，取之左右逢原
卯集,4701,,小小兴家自富，微微立业有成。
卯集,4702,38,别却阳间长，往西方而短。
卯集,4703,,一生无患处，底事自安然。
卯集,4704,37,美貌佳人难共老，琵琶拨出数肠声。
卯集,4705,,年照文昌，领得青衫换布衣
卯集,4706,45，46,家无但石之储，忽起万金之富。
卯集,4707,22,登山有路，沿级而上。
卯集,4708,83，84,苍松石柏，难免根枯。
卯集,4709,,身居翰苑紫微宿。
卯集,4710,11，12,一阵暖风，消除寒气。
卯集,4711,11,荷花出水，风来飘动不相宜。
卯集,4712,,虽然未遂青云志，姓字终沾雨露深。
卯集,4713,75,珠沉沧海，镜破钗分。
卯集,4714,,真假三子，二子送老。
卯集,4715,,虽然未遂青云志，终须国学列诸生。
卯集,4716,18,二九之年丧，母先天定数。
卯集,4717,65,数该生子。
卯集,4718,79，80,晚年暮景宁，无茕独之忧。
卯集,4719,,得上贵之大挈，可力图其大用。
卯集,4720,,得内室而助家，隆隆兴起。
卯集,4721,65,风雨溟蒙，杨柳失色。
卯集,4722,59,子当辟雍。
卯集,4723,,问文无益，问武有余。
卯集,4724,35,摇曳轻风，不劳自举。
卯集,4725,45，46,管弦歌里度春风，兆民欢呼乐意浓。
卯集,4726,,擢星相照，非科即道。
卯集,4727,58,子当辟雍。
卯集,4728,49，50,年迈五旬，诰命相赠。
卯集,4729,45，46,气象峥嵘，门庭赫奕。
卯集,4730,36,不劳心力，谋事克济。
卯集,4731,,成家多握掌，立志无息肩。
卯集,4732,46,琴瑟调和，一弦忽断。
卯集,4733,37,景能无边一一收，春山秋水醉高楼。
卯集,4734,,晚景融融，自作笙歌。
卯集,4735,,不须卜甲子，甲子有余零。
卯集,4736,21，22,少乐多忧，常处不足。
卯集,4737,25,困于蔟藜，不见其妻。
卯集,4738,33，34,披麻相照，孝服临身。
卯集,4739,56,七八年未有小晦，九十之时日已晴。
卯集,4740,59，60,行人休息绿阴中，前去桃花处处同。
卯集,4741,,出身平常百姓家。
卯集,4742,39，40,财多堆积，事多相得。
卯集,4743,,其人数尽，定在十月。
卯集,4744,39,春到自然花烂熳，秋来随处月光辉。
卯集,4745,51,操舟遇风，江心颠倒。
卯集,4746,,父母全死于火年方合。
卯集,4747,34,事事添花锦，荣华可富身。
卯集,4748,,门中龙虎，阁上麒麟。
卯集,4749,,运至北方地，功名重于时。
卯集,4750,,辛卯之年，乡科及第。
卯集,4751,37，38,闷苦无事，正可谈经。
卯集,4752,32,大道推车，坦然进步。
卯集,4753,61，62,怀抱安舒，际遇相安。
卯集,4754,85，86,大限已尽。
卯集,4755,81，82,晚景更高强，东篱黄菊自生香。
卯集,4756,,再升县令。
卯集,4757,73，74,随取随足，老运安康。
卯集,4758,61，62,年年景色不相同，欢笑声中乐意浓。
卯集,4759,33，34,际会荣景，寅天之福。
卯集,4760,60,子当辟雍。
卯集,4761,,正副佳人，欢娱老景。
卯集,4762,,试问寿光何日尽，九旬已上有余年。
卯集,4763,53，54,光景非前日，内外总安然。
卯集,4764,16,天喜照临，宜室宜家。
卯集,4765,51，52,往来康庄，洋洋自得。
卯集,4766,33，34,龙归大海，虎入深山。
卯集,4767,29，30,春台日永，宝鼎生香。
卯集,4768,58,数该生子。
卯集,4769,,妻生命属木。
卯集,4770,39，40,春来万物生，天地造化融。
卯集,4771,33，34,享万年衽席之安，释上方焦劳之苦
卯集,4772,,初任选庶吉，翰林声价值千金。
卯集,4773,,文星照命，自然成名。
卯集,4774,,母逝父在，方合此刻。
卯集,4775,13，14,疾病相缠，神佑得安全。
卯集,4776,15,金谷园中秋色老，繁华洞里世间花。
卯集,4777,63，64,迷场不可入，易散而难聚。
卯集,4778,13，14,走到亲肠，得人指引。
卯集,4779,65,萱花茂盛，谁知今日孝服来。
卯集,4780,,娶得相如妇，方合此刻。
卯集,4781,62,三更漏尽早收星，便见东方日已明。
卯集,4782,49，50,闲得每相侵，晨昏未得寝。
卯集,4783,,其中有刑克，俱是先天数。
卯集,4784,53,子当辟雍。
卯集,4785,16,到底赁虚总是空，几度凄凉雨又蒙。
卯集,4786,33，34,散步重山去，山奇水亦奇。
卯集,4787,15,年将六秩，破耗其财。
卯集,4788,15，16,登楼未有梯，举步却徘徊。
卯集,4789,,初任守备。
卯集,4790,43，44,爽气生秋色，烦器顿解除。
卯集,4791,37，38,风雨凄凄，桃红柳绿减精神。
卯集,4792,70,数该生子。
卯集,4793,,破军星入限，流年有咎。
卯集,4794,35，36,仁途变幻，官讼交加。
卯集,4795,59，60,洗净菱花暗锁烟，翻然光景倍光明。
卯集,4796,53，54,芙蓉秋菊，晚景生春。
卯集,4797,65，66,思难图易，事乃克济。
卯集,4798,,莫恨妻儿无缘分，命中惟带一孤神。
卯集,4799,,但遇东方远，功名垂千古。
卯集,4800,43，44,相逢知己言，日日笑颜开。
卯集,4801,,命中注定六女。
卯集,4802,51，52,无是无非，安闲岁月。
卯集,4803,55,春入三阳，万物荣昌。
卯集,4804,,拨贡终身，以结一生之局。
卯集,4805,32,回也之寿，君亦如之。
卯集,4806,41,人度峡山，挣持之力。
卯集,4807,17,少年登科。
卯集,4808,20,路逢曲径人心迷，视日便知东与西。
卯集,4809,51,舟行浅滩，午潮正落。
卯集,4810,25，26,时运未通，事多反复。
卯集,4811,,父无多娶，家门之幸。
卯集,4812,61，62,月德星临门，庭前嘉气新。
卯集,4813,16,渐赌已破，输中难胜。
卯集,4814,30,谋事多反覆，大运未遇时。
卯集,4815,,水土之年，纳八品方合。
卯集,4816,,学纯而粹，气大而刚。
卯集,4817,53，54,谋事皆通，不劳心力也成功。
卯集,4818,38,山桥曲转，鼎新路阻。
卯集,4819,13，14,中天物色，照耀光华。
卯集,4820,49,寿止于此矣。
卯集,4821,13，14,出水荷花，亭亭直上。
卯集,4822,55,其人之亡，定在十一月。
卯集,4823,55，56,财帛破盗耗，无奈天数定。
卯集,4824,,财帛辐臻暗中来，坦然安乐笑颜开
卯集,4825,31，32,好花正赏，岂期夜雨又风吹。
卯集,4826,41,好事多磨，有情人终成眷属。
卯集,4827,17,草色萋萋，东风吹绿。
卯集,4828,20,姻缘长短皆前定，月缺花残数不饶。
卯集,4829,52,母命水年生，方合此刻。
卯集,4830,25，26,当入泮宫。
卯集,4831,,夫当登甲。
卯集,4832,61，62,无事平安。
卯集,4833,16,子命土年生，方合此刻。
卯集,4834,30,全凭筋骨力，断取一生财。
卯集,4835,,绍忠孝传家之宝，干谋略建国之心。
卯集,4836,,喜气上眉端，其年事事安。
卯集,4837,53，54,白发遮黄老，银须新紫袍。
卯集,4838,38,财散因好博，此地不可乐。
卯集,4839,13，14,数尽于此。
卯集,4840,49,犬当入泮。
卯集,4841,29,运已从人事，不妨猛图而遂事。
卯集,4842,12,韶光荏苒易长生。
卯集,4843,18,财帛定有耗，预知免一半。
卯集,4844,,仁义有亏，减寿减禄。
卯集,4845,22,阳和春景称人怀，花洒满园次第开。
卯集,4846,,兄弟三人，折了一个。
卯集,4847,32,帆遇顺风，瞬息千里。
卯集,4848,18,未知袁颜道，不胜又输人。
卯集,4849,24,新竹成竿，凌空而上。
卯集,4850,19，20,文星照命，当入泮宫。
卯集,4851,55，56,此日多得成，贵人指引喜盈盈。
卯集,4852,45，46,流年容易度，相遇乐平安。
卯集,4853,29,曲路推车，进退两难。
卯集,4854,,依贡终身，以结一生之局。
卯集,4855,,本艺学成归发达，半为生理半为田。
卯集,4856,61,喜气盈盈，家室安宁。
卯集,4857,19，20,乡榜题名。
卯集,4858,63，64,风急卷波涛，扁舟已近岸。
卯集,4859,,但行西方运，名就利亦成。
卯集,4860,,子命金年生方合此刻。
卯集,4861,,春宵夜长，空闺悱恻。
卯集,4862,19，20,名登金榜。
卯集,4863,,以监而选州官数由前定。
卯集,4864,17，18,犬生两口，白染罗巾。
卯集,4865,33，34,风宪行台，得意之时。
卯集,4866,27，28,慎固卦守，以康四海。
卯集,4867,,四字切记：莫失良机。
卯集,4868,75，76,乐事从容，日日笑颜。
卯集,4869,15，16,幼年登科。
卯集,4870,39，40,祸生意外，岂知意外不成空。
卯集,4871,,仗尔辛勤力，依人小利财。
卯集,4872,39，40,勃然而兴，门庭吉庆。
卯集,4873,19,财帛破耗，留之不住。
卯集,4874,31，32,不暖不寒，平和景色。
卯集,4875,41,楼头砧杵已无声，滴漏壶中曙色明。
卯集,4876,,癸酉之年，乡科及第。
卯集,4877,,货殖通名利，资财日发兴。
卯集,4878,63，64,九苞瑞气凤，五色麒麟祥。
卯集,4879,11，12,暖日融融，流光迅速。
卯集,4880,,诗文为生，方合此刻。
卯集,4881,11,春风布暖，和气称怀。
卯集,4882,19,潇潇洒洒图欢乐，货财耗去悔过迟
卯集,4883,20,财退如潮去，神亦不能资。
卯集,4884,,弃去功名志，朝夕作闲人。
卯集,4885,,癸酉之年，乡科及第。
卯集,4886,,发财凭运至，货物自生辉。
卯集,4887,,子木年生方合此刻。
卯集,4888,53，54,听凯歌于载路，嘉卓异于九重。
卯集,4889,,未出胎而亡父，抱天之恨。
卯集,4890,31，32,恩星相照，光明福随。
卯集,4891,,为人深怀，修养已到。
卯集,4892,,丁酉之年，鹿鸣宴饮。
卯集,4893,,招牌原写公平字，银钱交接便生心。
卯集,4894,20,财在吾身何等稳，鬼催人睹散如何。
卯集,4895,25，26,王事靡监，不遑将父。
卯集,4896,53，54,财帛勃发，天意从人。
卯集,4897,40，41,大顺小逆，顺逆不一。
卯集,4898,,财星居官禄，纳粟成名声。
卯集,4899,15，16,散财无常，霪雨遇风。
卯集,4900,50,数尽于此。
卯集,4901,51，52,朝夕费踌躇，从劳亦空虚。
卯集,4902,23,时运财散，有口不言。
卯集,4903,15,数该生子。
卯集,4904,65，66,推车周旋，辗转如意。
卯集,4905,,落落市廛中，经营限未通。
卯集,4906,37，38,举步皆得意，求谋事事通。
卯集,4907,45，46,雨足郊原草，萌芽尽舒展。
卯集,4908,77,融融三月景，萋萋百草芳。
卯集,4909,48,巨船出大海，布帆无恙挂西风。
卯集,4910,21,场中散白壁，因心是贪玩。
卯集,4911,37，38,行舟遇风，无往不利。
卯集,4912,55，56,沉滞不解，两眉强舒。
卯集,4913,21,腾腾散财，何耗之速。
卯集,4914,39，40,年华始尽.大数已终。
卯集,4915,37，38,伉居稳地，可去无咎。
卯集,4916,,市尘微利好，但恨富难成。
卯集,4917,23，24,月出南楼，光明照耀。
卯集,4918,,怀断断休休之度，仕巍巍荡荡之朝。
卯集,4919,67，68,锦绣丛中，事乐融融。
卯集,4920,39，40,报晓梦初醒，枝头听鸟鸣。
卯集,4921,21,莫道世无神，输钱皆是鬼。
卯集,4922,,寻常同一样，不必别姻缘。
卯集,4923,,手艺惟精熟，人求福自生。
卯集,4924,,淑人君子，其德不渝。
卯集,4925,31，32,如鸟伤翼，不能远举。
卯集,4926,25，26,甘雨和风三月天，游人乐无边。
卯集,4927,11，12,未识为人好与丑，但看行事假和真。
卯集,4928,17，18,名登金榜。
卯集,4929,,数有五子，三子送老。
卯集,4930,81，82,月至初弦，其光半掩。
卯集,4931,22,一堆金与银，场中一半入人手。
卯集,4932,41，42,否转为泰事更新，残冬去后有阳春。
卯集,4933,63,流年悲星照，破我许多财。
卯集,4934,73，74,明月正当空，弯弯曲曲转西东。
卯集,4935,65，66,到处是追随，祥光映紫微。
卯集,4936,45，46,花落又花开，春风次第来。
卯集,4937,11，12,莫恼繁华不到年，早安淡薄后来荣。
卯集,4938,63,退财只为想人财。
卯集,4939,53，54,风紧遇波浪，波浪几番愁。
卯集,4940,59，60,大怀开展，繁华耀目。
卯集,4941,58,十事谋来九事空，年年踪迹若飘蓬。
卯集,4942,67，68,官事相探，所为有咎。
卯集,4943,47，48,万里晴空，光明大道。
卯集,4944,59，60,双新辞世在何年，他日哀哉母为年。
卯集,4945,45,数该生子。
卯集,4946,,数定有灾缠，神祜度流年。
卯集,4947,26,谋为顺遂，万事呈祥。
卯集,4948,37，38,高楼擢司，进退而审。
卯集,4949,65，66,原是恨不可，所以退此财。
卯集,4950,39，40,心好事烦，家终朝复。
卯集,4951,37，38,一湾春水，溶溶无穷活计开。
卯集,4952,24,天上转星临，试赌散黄金。
卯集,4953,35，36,燕鸟于飞哺，出巢而堪宿。
卯集,4954,53,欲东而欲西，心中多少事。
卯集,4955,13，14,日月初光华，宇宙景色新。
卯集,4956,25,得失皆前定，已失不须恨。
卯集,4957,25,忘想他人财，自己反成破。
卯集,4958,47，48,玉蕴于荆山，未得圭璋选。
卯集,4959,39，40,泉清松影瘦，月白李花香，
卯集,4960,,读书应有分，白发始逢升。
卯集,4961,58,四字切记：当机立断。
卯集,4962,67，68,好将善决传儿辈，乐我消闲一片心。
卯集,4963,,饮酒茹荤无我份，数中注定一道人。
卯集,4964,59，60,小往大来，中正和平。
卯集,4965,26,破耗忽生，数所定也。
卯集,4966,,超升部属，会转京堂。
卯集,4967,26,阴阳颠倒，财迷场散。
卯集,4968,27，28,极止千红万紫，七零八落。
卯集,4969,45，46,行到桃源流水处，绿杨影里任君眠。
卯集,4970,39，40,劳而有功，能事克济。
卯集,4971,27，28,龙泉利器，淬锋未试。
卯集,4972,45，46,富来有基业，不必费踌躇。
卯集,4973,69，70,芬芳春将尽，南枝鸟倦啼。
卯集,4974,27,火罗入限，流年有咎。
卯集,4975,,父故于木年方合。
卯集,4976,41，42,文章入泮。
卯集,4977,27,博绿呼红不是好，定数输了始彷徨。
卯集,4978,35，36,鸟呼树枝上，乘时乐意来。
卯集,4979,59，60,不必问行藏，老运不安康。
卯集,4980,44,韶光明媚，物色文章。
卯集,4981,,有利攸往，甘愿如今。
卯集,4982,,华盖相逢刑克重，数定披头去修行。
卯集,4983,56,物色逢春至，桃源正及时。
卯集,4984,,财帛自然发，运行天凑合。
卯集,4985,33，34,莫闲微致恨，只作未闻香。
卯集,4986,86，87,安乐无惊人，舒畅听钟声。
卯集,4987,17，18,无祸无灾，明星璀灿。
卯集,4988,41，42,文明之象，时当有为。
卯集,4989,31，32,骨肉相刑，西风洒泪。
卯集,4990,,妻妾子众神仙难，断子仪命世上有。
卯集,4991,23，24,出家除俗累，解脱入空门。
卯集,4992,,官至兵部，以乐终身。
卯集,4993,25，26,天祐吉人，乐事有功。
卯集,4994,,幼年行事实难为，逆水行舟又遇风。
卯集,4995,47，48,财帛勃发，谋事凑合。
卯集,4996,53，54,村村花柳，到处吹呼。
卯集,4997,34,利物利平，生意兴隆。
卯集,4998,42,恩星相照，闺中福随。
卯集,4999,65，66,重重如关锁，进退不得意。
卯集,5000,,儿女有喜，满门炽昌。
辰集,5001,,姊妹二人，木年生方合。
辰集,5002,,兄弟九人，数有二贵。
辰集,5003,,欲借杨枝水，几尘不染心。
辰集,5004,,翰林而拜相，老来衣锦还乡
辰集,5005,61，62,灾晦缠身，有犯太岁。
辰集,5006,59，60,先得而后失，秋色更朦胧。
辰集,5007,21，22,水中月色可玩，不可狎计多无成
辰集,5008,,积德数注全，兄弟庆同年
辰集,5009,67，68,旱草焦枯，俄然复苏。
辰集,5010,,力能创业耐艰辛，不是萎靡不振人。
辰集,5011,63,君弃世从此，红尘不沾巾。
辰集,5012,39，40,一日言再曰昌。
辰集,5013,47，48,如日之升，如月永恒。
辰集,5014,,兄弟十人，数有六贵。
辰集,5015,,公平正直，力担重任。
辰集,5016,69，70,人事有不足，日月有盈亏。
辰集,5017,,有子先折，赖孙送终。
辰集,5018,49，50,如川之方，可保平安。
辰集,5019,,数有二子，一子送老。
辰集,5020,,徒弟六人，一人送老。
辰集,5021,35，36,金风一起枝头动，欲渡清溪欠便舟。
辰集,5022,39，40,周道坦坦，进可安全。
辰集,5023,31，32,阳菊生秋色，无日不悠悠。
辰集,5024,61，62,寒山秋浦月，肠断杜鹃声。
辰集,5025,,官至巡抚而致仕。
辰集,5026,21，22,薄伐独狁，以奏谓公。
辰集,5027,43，44,日进无疆，与时偕行。
辰集,5028,53，54,无语对芳樽，肠断到黄昏。
辰集,5029,57，58,座中无物不清凉，别是人门洞府仙。
辰集,5030,57，58,长江避风波，一水万里长。
辰集,5031,27,片时欢娱且相亲，阴暗阴晴无定处。
辰集,5032,43，44,暗中福人庇，终始得安康。
辰集,5033,45，46,事有成局，利禄从心。
辰集,5034,31，32,百尺竿头堪进步，君能辗转莫迟回。
辰集,5035,47，48,一曰平再曰安。
辰集,5036,35，36,三阳方始泰，君子道亨通。
辰集,5037,,数有三子，一子送老。
辰集,5038,41,泰利顺贞，君子攸行。
辰集,5039,43，44,安居思危，凡事顺遂。
辰集,5040,51,福享安然，事无阻碍。
辰集,5041,35，36,不岐不求，终日悠悠。
辰集,5042,39，40,门外声嚎嚎，垂帘不高照。
辰集,5043,31，32,云开日出自光辉，进步前程有渡舟。
辰集,5044,61，62,时有可为，乘机敏锐。
辰集,5045,37，38,富彩日新，位至品卿。
辰集,5046,21，22,一家和气运兴隆，谋事多成财自丰。
辰集,5047,43，44,君子日更新，相逢大吉人。
辰集,5048,13，14,肥马轻裘，少年行乐。
辰集,5049,37，38,浪平风静，正好行舟。
辰集,5050,77，78,平安之福，门庭之器。
辰集,5051,37，38,如饮醇醪，其味深厚。
辰集,5052,43，44,三边提督，将相威振。
辰集,5053,45，46,进退咸宁，东西有得。
辰集,5054,31，32,德润于身，无往不吉。
辰集,5055,47，48,优游闲岁月，不管落花飞。
辰集,5056,35，36,乘驹千里行，风帆指顾中。
辰集,5057,,利有攸往，昔愿如今。
辰集,5058,41，42,凿井未得泉，弃之而废力。
辰集,5059,43，44,终朝啸傲南窗下，自是羲皇上古人。
辰集,5060,51，52,宜享日前福，莫虚日后忧。
辰集,5061,63，64,享其寿福，自在逍遥。
辰集,5062,54,有弓无箭，欲射不能。
辰集,5063,57，58,沟中有深味，不与别人同。
辰集,5064,50，51,龙剑出尘射斗牛，财源辐利亨通。
辰集,5065,61，62,人有福泽前生定，不必迟疑自己行。
辰集,5066,31，32,君子受祯，其旋元吉。
辰集,5067,55，56,俾而富贵，昌且大吉。
辰集,5068,27，28,君子日更新，相逢大吉人。
辰集,5069,49，50,衣禄丰盈，室家安宁。
辰集,5070,59,满目韶光观不尽，一旦无常作故人。
辰集,5071,47，48,终日经营，吉利相从。
辰集,5072,31，32,心闲身乐，宜室宜家。
辰集,5073,47，48,独守孤灯，心步月疏。
辰集,5074,55，56,凤凰来仪，祯祥之兆。
辰集,5075,37，38,皇道荡荡，君子贞吉。
辰集,5076,63，64,不为世所累，享平安之福。
辰集,5077,,萱花先萎，椿树后折。
辰集,5078,37，38,绿竹猗猗，清风明月。
辰集,5079,33，34,视履考祥，其旋元寺。
辰集,5080,31，32,际遇亨通，所谋皆遂。
辰集,5081,19，20,荷花出水，亭亭玉立。
辰集,5082,51，52,东处得来西处失，得失不一。
辰集,5083,55，56,泪欲尽时人难语，情关骨肉恨如何。
辰集,5084,,官至将军禄位高，光前裕后显富豪。
辰集,5085,55，56,原来无事费心机，还是君家运未齐。
辰集,5086,37，38,忽然而贵忽然贱，运有高低月缺圆。
辰集,5087,59，60,欲作表心福，清晨一炷香。
辰集,5088,42,鸠一声鹃一声，鸠鹃好伤情。
辰集,5089,,母先故于金年。
辰集,5090,,三子送老，一枝挺秀。
辰集,5091,35，36,大人豹变，文人之炳。
辰集,5092,,数有四子，一子送老。
辰集,5093,55，56,忽闻鹊噪两三声，声里藏凶未有音。
辰集,5094,37，38,既往蹉跎，将来顺利。
辰集,5095,55，56,鱼游涸辙，但望时雨而升阳。
辰集,5096,78,得福且福，莫为儿孙劳碌。
辰集,5097,78,何时方可得见非，无是也无非。
辰集,5098,,东风初送暖，春草绿生光。
辰集,5099,,数有五子，一子送老。
辰集,5100,,兄弟九人，数有六贵。
辰集,5101,47，48,贤惠迪吉，随从逆凶。
辰集,5102,59，60,波浪虽高，孤舟系得牢。
辰集,5103,,人事从容，家门迪吉。
辰集,5104,,数有六子，一子送老。
辰集,5105,,官至都统，威权重职。
辰集,5106,57，58,亭午日光，文明之象。
辰集,5107,,兄弟八人，数有七贵。
辰集,5108,,礼蔽文章，温良得度。
辰集,5109,51，52,兰亭修楔高，贤醉寻花乐。
辰集,5110,31，32,指挥如意待时亨，万物峥嵘福自随。
辰集,5111,,借问一生身外事，遇虎之年是归期。
辰集,5112,75，76,无福无灾，安身福来。
辰集,5113,41，42,靡芜秋色，一阳初动便生芽。
辰集,5114,21，22,门庭任从容，花鸟禽鱼曲槛中。
辰集,5115,23，24,机会相从，安康惟兆。
辰集,5116,,数有七子，一子送老。
辰集,5117,,性淡意坚，贞节之妇。
辰集,5118,,火年金年两克夫，金年三配属羊鼠。
辰集,5119,,数有八子，一子送老。
辰集,5120,,妻配马命，庶免其刑。
辰集,5121,33，34,拾得琼花第一枝，长安城里马蹄驰。
辰集,5122,47，48,光景气滔滔，好过旧时机。
辰集,5123,34,洞房花烛。
辰集,5124,,旺夫益子，衣禄丰盈。
辰集,5125,47，48,入限无关，津江寂寞断行人。
辰集,5126,27，28,狡兔投林，灾晦相侵。
辰集,5127,13，14,幼年入泮，人生大幸。
辰集,5128,37,学礼学诗，知东道西。
辰集,5129,60,事未可料当，因祸而得福。
辰集,5130,,天哭催人，刑克老母。
辰集,5131,,官至总河而致仕。
辰集,5132,,数有九子，一子送老。
辰集,5133,53，54,朝欢暮乐及歌诗，鼓舞春风又及时。
辰集,5134,48,此年丧母，二年泣血。
辰集,5135,65，66,计功图利，得失相兼。
辰集,5136,29，30,时运称怀，顺福自来。
辰集,5137,55，56,化日舒长，人民乐意。
辰集,5138,,数有十子，一子送老。
辰集,5139,55，56,民安物阜咸，均平人得全。
辰集,5140,,中年失妻，蓄宾教子。
辰集,5141,53,老年丧母，三年泣血。
辰集,5142,57，58,吉利相从，鸢飞鱼跃。
辰集,5143,70,情疏种有年，疾风莫相催。
辰集,5144,,徒弟四人，得以送老。
辰集,5145,73，74,无是无非，安闲岁月。
辰集,5146,,无本生意，厚福悠悠。
辰集,5147,33，34,远务近为事，事成及时进。
辰集,5148,,命与道相同，独子送终天注定。
辰集,5149,37，38,入户春风送和气。
辰集,5150,29，30,一举成名，天降麟儿。
辰集,5151,45,北堂一夜却秋霜，萱草离披忧未忘。
辰集,5152,25，26,上高楼而顾后，还恐失其足。
辰集,5153,,女金年生，方合此刻。
辰集,5154,33，34,财聚成家，从此立业。
辰集,5155,75，76,牛背有金珠，春风遍草庐。
辰集,5156,47，48,冷落离披，雨中桃李。
辰集,5157,55,强把悉怀变笑容，心中烦闷不堪言。
辰集,5158,41，42,一妻一妻又一妻，四度见佳妻。
辰集,5159,57，58,炎气薰人，楼上风生。
辰集,5160,,未婚之前，已谙人事。
辰集,5161,,数有三子，二子送老。
辰集,5162,,椿萱何日萎，母先赴瑶池。
辰集,5163,55，56,蹇马滔泥沙，步步当头难。
辰集,5164,36,扁舟一叶江鸟少，寄语舟人把舵穿。
辰集,5165,,兄弟八人，数当尽贵。
辰集,5166,69，70,安居处世，纳福呈祥。
辰集,5167,52,衣锦更藏珠，年年物色如。
辰集,5168,49，50,巧语阳春，音谐律吕。
辰集,5169,37，38,诩负冲天志未伸，不如坚守待新春。
辰集,5170,37，38,春风得意桃花红，上下楼台物色浓。
辰集,5171,60,椿树风吹折，定于耳顺年。
辰集,5172,,挥已定规模，逮方来阀阅。
辰集,5173,43，44,生计顺相从，行之无不和。
辰集,5174,53，54,忧心事多，强为欢笑。
辰集,5175,55，56,行路事危险，相逢不善人。
辰集,5176,,兄弟九人，数有八贵。
辰集,5177,39，40,不须磨刮镜中尘，日照颜容色倍新。
辰集,5178,,数有四子.二子送老。
辰集,5179,39，40,夙夜惟寅，直哉惟清。
辰集,5180,,真假六子，得以送老。
辰集,5181,27,数该生子。
辰集,5182,37，38,桃李近清明，荣华足乐意。
辰集,5183,,长子不孝，数内先知。
辰集,5184,,真假三子，送老两儿。
辰集,5185,68,为御从征束晚妆，从今不必问行藏。
辰集,5186,49，50,屈指年来命运乖，解眉今日得欢怀。
辰集,5187,59，60,人意周旋天意差，红梅消瘦不成花。
辰集,5188,,一品皇候，岂寻物色。
辰集,5189,38,际遇有乘，黄昏到处迷。
辰集,5190,,数有三子，二子送老。
辰集,5191,,数有六子，二子送老。
辰集,5192,,重可双亲不一名，数定依旧祝亲生。
辰集,5193,47,运至时行，进退有益。
辰集,5194,,妻配蛇命，方能白手和谐。
辰集,5195,27，28,古曜相扶免祸殃，平安度日福如常。
辰集,5196,39，40,寒气消除，大吉之象。
辰集,5197,,数有七子，二子送老。
辰集,5198,15，16,圆碎无穷荷叶珠，轻风吹动不相宜。
辰集,5199,,椿萱俱已谢，椿树受灾先。
辰集,5200,,兄火年生方合此刻。
辰集,5201,76,灾晦缠身，有犯太岁。
辰集,5202,15,春光花柳媚，相看乐忘忧。
辰集,5203,63,寒鸦枯木日沉西，门外青山事与非。
辰集,5204,59，60,相度太平时，花酒又一杯。
辰集,5205,73，74,曲水行舟多费力，有时顺着有时逆。
辰集,5206,,兄弟九人，数有五贵。
辰集,5207,,四子水木土金，若生火年不是子。
辰集,5208,76,朋友有知己，相处乐平安。
辰集,5209,,虽是苦奔驰，钱财积有余。
辰集,5210,55，56,将乐好光阴，不用求谋福自臻。
辰集,5211,7,幼年丧严亲，人子太不幸。
辰集,5212,,官至翰林学，衣锦回乡归。
辰集,5213,17，18,昼长人静草芊芊，景色融花正妍妍。
辰集,5214,51,自有渔人指路岐，从此营谋遂机遇
辰集,5215,,春来万物生，天地造化融。
辰集,5216,,治家操作，女中丈夫。
辰集,5217,39，40,园木日暖百花香，蝴蝶纷纷过红墙。
辰集,5218,,数有八子，二子送老。
辰集,5219,,数有九子，二子送老。
辰集,5220,,财来财往，终身难有积蓄。
辰集,5221,61，62,寸心今日得安康，内外公私百事休。
辰集,5222,,借问一声身外事，遇兔之年是归期。
辰集,5223,69，70,流年之庆，晚景安康。
辰集,5224,,翰林拜相，驰驿回乡。
辰集,5225,28,勿得因人累，变迁已后悔无边。
辰集,5226,29，30,春入画堂中，阳和物色浓。
辰集,5227,61,科甲及第。
辰集,5228,59，60,鸟啼绿柳织成愁，丝絮纷纷万事休
辰集,5229,49,丧门照命，孝服之忧。
辰集,5230,59，60,福骈臻至，积财有余。
辰集,5231,78,生子之年。
辰集,5232,,数有四子，三子送老。
辰集,5233,35，36,好运已转，人能造福。
辰集,5234,,东坡向禅寺，云龙山上色。
辰集,5235,47，48,此时不利，啾唧自知。
辰集,5236,43，44,粟储有余，有实无虚。
辰集,5237,57，58,钦命典试。
辰集,5238,,务本力田，朝夕安然。
辰集,5239,,有理蛇救蚁，德未知初起。
辰集,5240,,忧转还喜，散面后聚。
辰集,5241,,数有五子，三子送老。
辰集,5242,27,见龙在田，天下文明之象。
辰集,5243,,大泽龙蛇，末得风云际会。
辰集,5244,,女配乘龙客，即姿金马才。
辰集,5245,15，16,花开花落春早起，妒时有兴运仍低。
辰集,5246,51，52,悉魔活却病魔除，福禄悠悠得安居。
辰集,5247,41，42,活计得周旋，行藏胜往年。
辰集,5248,12,深思未报，严君幽冥。
辰集,5249,52,忧怀未可对人言，外强欢笑内忧煎。
辰集,5250,,所求必得，无烦叹息。
辰集,5251,,数有六子，三子送老。
辰集,5252,41，42,事欲乘时破局来，若颠若倒若徘徊。
辰集,5253,,姊妹四人，同父不同母。
辰集,5254,31，32,人欲周全天欲差，红悔消瘦不成花。
辰集,5255,67，68,公私而得间，欢喜得相随。
辰集,5256,55，56,行人渡岭，步步平途。
辰集,5257,,真假五子，四子送福。
辰集,5258,,数有六子，三子送终。
辰集,5259,49，50,缟带衣冠不怕粗，阴极阳盛主丧服。
辰集,5260,,为人正直，豪气千云。
辰集,5261,41，42,瑞气融融护画堂，十为九成运相当。
辰集,5262,51,家业欢乐，春风融融。
辰集,5263,55，56,阴不阴时阳不阳，同林寂莫鸟声藏。
辰集,5264,23，24,日照中庭，花木更新。
辰集,5265,76,月缺花残，寿穷数尽。
辰集,5266,41，42,运来正亨通，家门瑞气隆。
辰集,5267,37,谋事虽成，忧之未已。
辰集,5268,,数有七子，三子送老。
辰集,5269,53，54,衣禄丰盛，家室安康。
辰集,5270,,勋勒鼎彝臻，富贵于白发。
辰集,5271,40,黄菊引晦来，一年多忧闷。
辰集,5272,30,颜子欠二春，三子送老。
辰集,5273,,数有八子，三子送老。
辰集,5274,47，48,推车未能上高岗，一步高来一步低。
辰集,5275,1,自有高人轻惜力，一身财禄永无忧。
辰集,5276,47,相逢可与言，换得眉头有笑颜。
辰集,5277,,虽不高飞，断不在后。
辰集,5278,45,万物得宜心境宽。
辰集,5279,57，58,钦命典试，状元可取。
辰集,5280,,数有九子，二子送老。
辰集,5281,51，52,武曲照命，当宴膺扬。
辰集,5282,53，54,弓马入泮。
辰集,5283,59，60,夫登黄甲。
辰集,5284,55，56,行藏不必问行藏，阴道骖迟驷马行。
辰集,5285,,妻配龙命，方能白头到老。
辰集,5286,,瓜绵绵，长生根本。
辰集,5287,,呼聚喝声，威权至重。
辰集,5288,,六出奇才，呼风成阵。
辰集,5289,21，22,计事无功破局多，十无一就其奈何。
辰集,5290,55，56,武曲照命，三场中选。
辰集,5291,27，28,青云得路，天赐佳儿。
辰集,5292,25，26,解神相见喜和同，凶曜消除福正隆。
辰集,5293,41，42,闺中未消停，重云敝日闷沉沉。
辰集,5294,28,事事称心怀，无日不精神。
辰集,5295,49，50,年来寿运增，好景清净吉。
辰集,5296,62,名登金榜。
辰集,5297,46,南北东西无不通，往来无事福相从。
辰集,5298,52,流萤有光，可以照路。
辰集,5299,,惜民财以克已，立刑法以行宽。
辰集,5300,,数有五子，四子送老。
辰集,5301,,兄弟二人，同父不同母。
辰集,5302,5,如花不久，徒增父母悲。
辰集,5303,19,名登金榜。
辰集,5304,57，58,扫尽风云一占无，中天高照有金星。
辰集,5305,55，56,飞来横祸恼人怀，恨未无情有破财。
辰集,5306,56,仕途变幻，官讼莫加。
辰集,5307,77，78,心事安闲，家室康宁。
辰集,5308,27，28,方当壮年，及时猛进。
辰集,5309,55，56,灯光明朗照人行，步步周旋事不惊。
辰集,5310,59，60,衣服饶足，心安意稳。
辰集,5311,27，28,好树扶疏衬绿阴，行人至此慢消停。
辰集,5312,44,数该生子。
辰集,5313,,数有六子，四子送老。
辰集,5314,43，44,进退维谷，祸相逐阻。
辰集,5315,,妻配兔命，方得偕老。
辰集,5316,33，34,是非虽有财也有，等闲一梯上高楼。
辰集,5317,5,年值半旬，啾唧不免。
辰集,5318,,数有七子，四子送老。
辰集,5319,,五子原全属五行，二土二金一火真。
辰集,5320,,十月怀胎，我多一月。
辰集,5321,,数有八子，四子送老。
辰集,5322,,祖宗植根深，子当发富贵。
辰集,5323,,曳裾豪门，兼收名利。
辰集,5324,59,一树梨花白玉开，妒风吹下落楼台。
辰集,5325,,婚宜迟迟乃堪配，若早配时定克伤。
辰集,5326,,荣膺朝野称元老，奎理阴阳作相人。
辰集,5327,15，16,陌头杨柳绿，画堂春草生。
辰集,5328,,数有九子，四子送老。
辰集,5329,,早子虚迟子实。
辰集,5330,,数有十子，四子送老。
辰集,5331,,数有六子，四子送老。
辰集,5332,,竭力朝迁，踊跃往前。
辰集,5333,19,一曲凤求凰，花烛乐鸳鸯。
辰集,5334,27，28,退而结网自踌躇，不必临渊羡有鱼。
辰集,5335,43，44,扰扰怀多事，得五而退十。
辰集,5336,63,科甲及第。
辰集,5337,49，50,年来与甲岁不同，内外熙熙乐意浓。
辰集,5338,21,当谐鸾凤，如鱼得水。
辰集,5339,,红鸾相照，洞房花烛。
辰集,5340,,一手有偏，先天定数。
辰集,5341,31，32,横积资财，事事多阴。
辰集,5342,,真假六子，送老四儿。
辰集,5343,,早岁颠连，必作填房。
辰集,5344,,子产河东，典列分飞各树楼。
辰集,5345,,水年妻丧，土年再娶属土命。
辰集,5346,,数有七子，五子送老。
辰集,5347,43，44,堂前画荻恨无人，读到蓼莪自狎情。
辰集,5348,,注定三子属水土，儿若值木不为福。
辰集,5349,77，78,饮酒食肉，天与之福。
辰集,5350,,菽水承欢萱草茂，熏虎并奏桥梓贤。
辰集,5351,,血带斑斑，先天定数。
辰集,5352,93，94,日落幸逢关可渡，寻得桃源可避泰。
辰集,5353,49，50,春风秋月见，无不欢欣颜。
辰集,5354,53，54,安如磐石，谋望亨通。
辰集,5355,64,年至八八，卦尽无零。
辰集,5356,82,明月下弦，其光渐减。
辰集,5357,83，84,虽无衣锦赶金阙，喜得财源富老年。
辰集,5358,49，50,日下数年时过薄，那堪思就子陵般。
辰集,5359,55,一切有影如梦幻，于今灯火显光明。
辰集,5360,,先花后果，数中注定。
辰集,5361,,椿庭丰茂，萱堂在萎。
辰集,5362,,善事翁姑，贤能莫及。
辰集,5363,33，34,鸦鹊报凶又报吉。
辰集,5364,29，30,好树扶疏绿映浓，吹嘘之力在东风。
辰集,5365,89，90,寿城司签九十年，寿星昨夜现中天。
辰集,5366,,数有六子，得以送老。
辰集,5367,3，4,四时佳处莫如春。
辰集,5368,,妻配虎命，方能白首到老。
辰集,5369,,数有九子，五子送老。
辰集,5370,,兄弟十人，中断离群。
辰集,5371,59，60,春雨花枝茂，枝枯而复荣。
辰集,5372,,命犯孤刑，未出嫁而克夫。
辰集,5373,,数有八子，五子送老。
辰集,5374,75，76,金谷园中列绮罗，山珍海味列于前。
辰集,5375,18,高椿之树正复苏，不料狂风吹折枝。
辰集,5376,,寿曰于此矣。
辰集,5377,49，50,乐事喜相逢，东林鸦噪不为凶。
辰集,5378,35，36,行船走马防风浪，不是人差命亦差。
辰集,5379,27,红鸾照命。
辰集,5380,35,愁怀不可释，勉强度晨昏。
辰集,5381,49，50,风雨消停春日长，千红万紫乐湘江。
辰集,5382,41，42,天德相照，可免灾耗。
辰集,5383,55,手扳丹桂枝，繁华满目前。
辰集,5384,20,彼为名所伤，虚来耗去不寻常。
辰集,5385,9，10,朝夕无忧，不岐不求。
辰集,5386,47，48,扰攘未有宁，内外不息忧。
辰集,5387,49，50,有个渔郎来指引，天台路上人可疑。
辰集,5388,55，56,花遇清明遍锦从，坤人无日不春风。
辰集,5389,33，34,风中流莺栖未稳。
辰集,5390,33，34,淹沉何事，谋策何如。
辰集,5391,,数有七子，六子送老。
辰集,5392,56,灾后又有灾，风遇雨又来。
辰集,5393,21，22,欲进且盘恒，青丝宝马未有鞍。
辰集,5394,55，56,人旺财兴，家室安宁。
辰集,5395,68,阳气盘桓晦又生。
辰集,5396,31，32,上古三十而有室，君今一二亦相宜。
辰集,5397,67,寿至六十七。
辰集,5398,,西宫见孛嗟嘘日，惟期神力保无虞。
辰集,5399,,破财不利，问利无益。
辰集,5400,29，30,生来岁月亨，万物色更新。
辰集,5401,57，58,径路荆棘，行人难定。
辰集,5402,39，40,有始无终，其事难济。
辰集,5403,56,人事顺利，且安且宁。
辰集,5404,63，64,黄花逢老景，犹有晚节香。
辰集,5405,19，20,喈喈鸟鸣声，春风赖有情。
辰集,5406,63，64,黄花逢老景，犹有晚节香。
辰集,5407,5,命带关煞，焉能长五年。
辰集,5408,53，54,谋事难成，作十九失。
辰集,5409,,知进知退，能刚能柔。
辰集,5410,47,乖戾不和，事多舛错。
辰集,5411,,项庄舞剑，意在沛公。
辰集,5412,37，38,凄凉苦雨，行人忧心。
辰集,5413,,真假七子，四子送老。
辰集,5414,63，64,千里行人未息肩，得乘良马再加鞭。
辰集,5415,47，48,仕途变幻，官讼交加。
辰集,5416,,才大力厚，任重道远。
辰集,5417,,徒弟四人，得以送老。
辰集,5418,,数有八子，六子送终。
辰集,5419,36,好花离枝，妒雨相催。
辰集,5420,68,六旬加八载，一去料不回。
辰集,5421,23，24,日圆月缺恨无常，人事浮沉没主张。
辰集,5422,,妻命属土金年娶，其后已丧在水年。
辰集,5423,50,醉酒寻花，赏心乐事。
辰集,5424,50,一别亲朋万古愁，青山绿水空悠悠。
辰集,5425,,春光明媚，物色更新。
辰集,5426,,劝君勤习读诗文，莫将技艺浪青春。
辰集,5427,13，14,柳媚花明，赏心乐事。
辰集,5428,35，36,一点银灯暗处飞，若明若暗照庭门。
辰集,5429,69,化纸为宝，无所祈祷。
辰集,5430,,不足于心，有余在口。
辰集,5431,63，64,灾晦相侵，流年之咎。
辰集,5432,,数有十子，六子送老。
辰集,5433,46,家业兴隆，运至时通。
辰集,5434,1,山川之毓秀，莹润掌中珠。
辰集,5435,,守定钱库，毫厘不失。
辰集,5436,,雁许河东过齐田，入梦相让退一环。
辰集,5437,45，46,蹑足高楼上，更上一层楼。
辰集,5438,,双双鸿雁翱翔飞，一生立在松顶尖。
辰集,5439,,短命之儿已有友，其后土年倾。
辰集,5440,51，52,历险崎岖路坦夷，前程指引可行车。
辰集,5441,57，58,不疾不徐，从容马啼。
辰集,5442,,数有八子，七子送终，
辰集,5443,49，50,乌云一卷见青天，日色融融花正妍。
辰集,5444,,结交非其人，不但初心负。
辰集,5445,11,莲花映日色，自是不寻常。
辰集,5446,71，72,功名事就，福享余年。
辰集,5447,25，26,好运初转，人能造福。
辰集,5448,,驿丞之职，数内先知。
辰集,5449,22,旭花天时便凋残，恨杀无情风雨催。
辰集,5450,,有翁先死，大数已定。
辰集,5451,35，36,谋事顺意，动止安详。
辰集,5452,57，58,始终好事得周旋，今年行事理先年。
辰集,5453,35，36,行船走马防风浪，不是人差命亦差。
辰集,5454,80,寿享八旬，悠悠而往。
辰集,5455,42,云开山色丽，风静竹枝安。
辰集,5456,49，50,南北东西无不通，往来有利得相从。
辰集,5457,,妻当出家，数内先知。
辰集,5458,,子许一丁先抱女，原来有数定先知。
辰集,5459,68,老骥伏枥，志在千里。
辰集,5460,,数有九子，七子送老。
辰集,5461,,森森玉树庭前立，满院桂花晚节香。
辰集,5462,29，30,绿树阴浓夏日长，凉亭轩爽芰荷香。
辰集,5463,,曾戴日月山，家本不了局。
辰集,5464,,金木土火成五子，惟是水命不宜儿
辰集,5465,,数有九子，六子送老。
辰集,5466,,萱花阴庇得长年，椿树风吹定在先。
辰集,5467,30,皓月澄清，千里一碧。
辰集,5468,21，22,天心来复转三阳，黄道初出日渐长。
辰集,5469,24,细雨微微霏，似有似无泾人衣。
辰集,5470,56,乐事人怀，祯祥福来。
辰集,5471,59，60,无是无非，三春花柳。
辰集,5472,17，18,景色快人情，垂杨遍绿阴。
辰集,5473,,复任守备。
辰集,5474,5,子丧严亲，随母从人。
辰集,5475,,数中不幸，父母死于非命。
辰集,5476,39，40,运有乖违，花枝风雨催。
辰集,5477,19，20,禅门自有春光景，寒气侵人未及回。
辰集,5478,71，72,老骥伏枥，志在千里。
辰集,5479,25，26,月光千里照人行，夜色灯青到处明。
辰集,5480,,水火相刑，落水复生。
辰集,5481,29,萱花经霜萎，妒雨又相催。
辰集,5482,23，24,春到南枝，白有微阳相应熙。
辰集,5483,60,天哭催人，老母虽故而有寿。
辰集,5484,35，36,秋声听鹿鸣，又兆熊罴庆。
辰集,5485,61，62,为问仕途人，不知林下泉。
辰集,5486,,数有不幸，母嫁作尼姑。
辰集,5487,37，38,如花开处锦披霞，院宇精华是丽华。
辰集,5488,55，56,弄折桂枝，子今同恨。
辰集,5489,31，32,权望照命，巡职甚任。
辰集,5490,31,整顿笙歌会，春暖日融融。
辰集,5491,56,数该生子。
辰集,5492,41，42,飞狂为思又为灾，啾唧无端水破财。
辰集,5493,17，18,凶星不侵，流年之庆。
辰集,5494,43，44,朱雀绕户，破害相侵。
辰集,5495,70,人生七十古来稀。
辰集,5496,,数生九子，七子送老。
辰集,5497,,水年科甲。
辰集,5498,17，18,晦气侵人，禅房冷淡。
辰集,5499,71，72,快足无求，老景悠悠。
辰集,5500,13，14,无意栽花花正发，易成易立不消停。
辰集,5501,38,断弦之悲。
辰集,5502,47，48,终日持竿不得鱼，江中风雨草萎萎。
辰集,5503,73,走遍江山又是关，道途涉事又艰难。
辰集,5504,49，50,南柯太守梦正长。
辰集,5505,13，14,不明不暗，有情无遂。
辰集,5506,51,大数已定，何必复问。
辰集,5507,31,一程又一程，无处不阳春。
辰集,5508,12,三阳回万象，幽谷自生春。
辰集,5509,29，30,锦似河阳院里花，春风到处映荣华。
辰集,5510,19，20,名花锦色，可堪人意。
辰集,5511,51，52,酒醉复醒，忧乐同行。
辰集,5512,45，46,行乐顺境，吉利相得。
辰集,5513,31，32,所求不遂，进当复退。
辰集,5514,,初授狱官，事宜斟酌。
辰集,5515,53，54,花开遇雨无颜色，月明还被黑云遮
辰集,5516,18,初阳出云表，曜色照堂前。
辰集,5517,21，22,谋未成时天欲催，成成如寄福白云。
辰集,5518,,土年配夫金年克。
辰集,5519,59，60,南极吉星临，喜气到门庭。
辰集,5520,,翩翩五子属金星，若中海金终须去。
辰集,5521,,此刻生人，萱花犹茂。
辰集,5522,,姐象慈母，方合此刻。
辰集,5523,,赋性刚直，仁心仁慈。
辰集,5524,31，32,福来不必求，安然得悠悠。
辰集,5525,19，20,屈贾于长沙，时之未遇时。
辰集,5526,37，38,昔日徘徊有不前，今日快马再加鞭。
辰集,5527,49，50,入山樵木，得地得财。
辰集,5528,,命主刑夫，出家而能寿。
辰集,5529,,子有四位木火土，纵有炉火生而去。
辰集,5530,48,蝶宿花房愁难语，自怜春去几时回。
辰集,5531,23，24,青去得路，天赐佳儿。
辰集,5532,59，60,喜自天来，无心之处得逢财。
辰集,5533,51，52,怡情泽畔心如镜，栖迟衡门每赋诗。
辰集,5534,27，28,进三退四却为何，眼下迟疑反覆多。
辰集,5535,61，62,春花正好游，饮酒乐忘忧。
辰集,5536,21，22,春花冉冉，物色更新。
辰集,5537,22，23,难之又忽易，转便饶生计。
辰集,5538,,子早妻早，人生大幸。
辰集,5539,57，58,意外烦恼之忧。
辰集,5540,56，57,春色无恨锦丛中，花鸟相亲事不同。
辰集,5541,,喜有五子火土金，若生木命主灾运。
辰集,5542,,官至参政，仕途变幻。
辰集,5543,61,珠玉金屋，享福过人。
辰集,5544,,兄弟俱出家，原来有数定先知。
辰集,5545,27，28,借用无成，时之未遇。
辰集,5546,30,大运既亨，相时而动。
辰集,5547,41,圆转而用环不穷，一歌一曲笑春风。
辰集,5548,,一子不见，数由前定。
辰集,5549,36,问子三旬外，得之始方贵。
辰集,5550,60,枯苗得雨，勃然而兴。
辰集,5551,58,此年数尽。
辰集,5552,51,静中心地泰，春色上眉端。
辰集,5553,69，70,莫道秋容花冷淡，春风遥送暗香来。
辰集,5554,27，28,时不至兮运不通，拾得黄金变作铜。
辰集,5555,79，80,只好安闲家里坐，岂知门外闹声嚣。
辰集,5556,79,八旬未足，何竟归西。
辰集,5557,,职居丞驿，禄多事烦。
辰集,5558,55，56,福禄无空，终须常有。
辰集,5559,13，14,财破而免灾，不幸中有幸。
辰集,5560,39，40,城墙之上挂灯笼，诸事亨兮财自亨。
辰集,5561,37,云中月，雨中花。
辰集,5562,40,镜与人去，镜归人不归。
辰集,5563,,才大难为用，婆婆两鬓明玉梦。
辰集,5564,7，8,丰衣足食，锦绣之花。
辰集,5565,39,生子之年。
辰集,5566,23，24,家室康宁，平安之庆。
辰集,5567,,借问一生身外事，遇鸡之年是归期。
辰集,5568,57，58,芳草萋萋春正深，遍郊红绿称人怀。
辰集,5569,,三军司令威权重，细柳营中主帅明。
辰集,5570,51，52,无物不从容，乐于管弦中。
辰集,5571,58,徒弟四人，二人送老。
辰集,5572,5152,清闲无事，啸傲林中。
辰集,5573,69，70,一团冷气透菩提。
辰集,5574,27，28,牡丹开得正荣华，胜意当年千万家。
辰集,5575,76,夫命属土，配年火丧夫年木。
辰集,5576,79,羡君今日促离妆，惟向当年快有常
辰集,5577,29，30,春花秋月，无不欢欣。
辰集,5578,55，56,四儿原来水火土，金木纵饶不与数。
辰集,5579,23，24,赤日空红色逐，绿柳深处得停车。
辰集,5580,39，40,不图宫殿扳丹桂，只效肖曹更名扬
辰集,5581,,嫡母所生方合此刻。
辰集,5582,55,红灯照路，行人去复无徘徊。
辰集,5583,,不幸严君先辞世，幸逢母命寿元长
辰集,5584,81,国有绵长庆，民增纯嘏休。
辰集,5585,59，60,秋风落叶，暗自消然。
辰集,5586,51,不劳其心力，安享其冰福。
辰集,5587,20,风风雨雨恨无凭，桃红柳绿损精神。
辰集,5588,32,乡试中选。
辰集,5589,57，58,有子传家真富足，闲评棋局醉春风。
辰集,5590,19，20,灾晦相侵，流年不利。
辰集,5591,49,闷然不乐，雷雨交加。
辰集,5592,39,清晨鸦鹊噪，凶报不可闻。
辰集,5593,5，6,夏雨初晴看白莲，亭亭欲立小池边。
辰集,5594,33，34,惟笑时光，春风海棠。
辰集,5595,67，68,马未铺鞍，高低盘桓。
辰集,5596,78,弹断瑶琴丝，其限有刑伤。
辰集,5597,19,花开遇雨，人生有难。
辰集,5598,,兄弟五人，数有三贵。
辰集,5599,51，52,兵甲于胸中，经论于掌上。
辰集,5600,29，30,车帷暂驻，其栽遥临。
辰集,5601,65，66,畅快宽舒，往来垣夷。
辰集,5602,55,曲道推车，进退两难。
辰集,5603,,马到嵬坡，车必出辙。
辰集,5604,81,丹桂花香，秋风扫落。
辰集,5605,,异路功名，数由前定。
辰集,5606,57，58,豺狼当道，不宜前进。
辰集,5607,20,马走危途，回道蹉跎。
辰集,5608,95,福寿绵绵九十八，试看往脚少三春。
辰集,5609,81,九九之年数已尽，幽冥魂魄入泉中。
辰集,5610,29，30,既载以功，车服以庸。
辰集,5611,,冯驭未老，买信有期。
辰集,5612,,命犯孤鸾奈若何，甘心淡薄为尼姑。
辰集,5613,,兄弟四人，一人过房。
辰集,5614,,土命水命子其后，木年水年去。
辰集,5615,,异路功名，吏员可喜。
辰集,5616,29，30,官至监司，数已注定。
辰集,5617,57,五台星照，任推尚书。
辰集,5618,42,无物不从容，乐于管弦中。
辰集,5619,66,昨夜朔风高，江山千里过琼瑶。
辰集,5620,,人有偏财，命有福禄。
辰集,5621,41，42,藤有蔓延花，破财两相牵。
辰集,5622,26,婉转随时，得合中意。
辰集,5623,,父当出家，数内先知。
辰集,5624,21，22,有梯有板，高楼直上不难。
辰集,5625,5，6,停步东风里，郊原处处香。
辰集,5626,12,凶神得解福星狭，祸自消除福自来。
辰集,5627,29，30,朝云朝来，财聚财散。
辰集,5628,52,数到头来总是空，金银财宝化为铜。
辰集,5629,51，52,脱绝牵绳，举步轻便。
辰集,5630,58,六旬欠二人冥乡，虽效孔明礼斗难。
辰集,5631,,耕田贸易两相宜，运好两般皆生计。
辰集,5632,25，26,运至时通，事皆得意。
辰集,5633,45，46,风清月朗，情怀畅怀。
辰集,5634,27，28,龙泉利器，淬锋未试。
辰集,5635,57，58,决外烦恼忧，赖有吉神解。
辰集,5636,,三子送老，贤愚不等。
辰集,5637,15，16,春风绮罗，翻翻得意。
辰集,5638,53，54,松筠节操，天赐其麻。
辰集,5639,,戊戊之年，名登金榜。
辰集,5640,21，22,双喜临门，弄璋采芹。
辰集,5641,12,杨花飞柳花飞，春深寂莫鸟不啼
辰集,5642,55，56,无祸无灾，安居福来。
辰集,5643,45，46,饱暖无求乐，轻风送小舟。
辰集,5644,27，28,锦乡堂中列绮筵，暖风相送鸟声和。
辰集,5645,51，52,彩云照耀，画堂春色。
辰集,5646,23，24,仁心仁慈，尽善尽美。
辰集,5647,,此命出于偏房方合。
辰集,5648,88,天理常存，年岁始尽。
辰集,5649,,再任知州。
辰集,5650,61，62,富极无高，以尽人间福。
辰集,5651,41，42,出门无所求，求之皆遂意。
辰集,5652,40,生子之年。
辰集,5653,57，58,晦里照命，室中有损。
辰集,5654,41，42,甲辰之年，名登金榜。
辰集,5655,,子许三丁先抱女。
辰集,5656,,大耗小耗，破财遇盗。
辰集,5657,77，78,财帛福具备，子孙满画堂。
辰集,5658,25，26,三春杨柳正绿阴，又防风雨打枝头。
辰集,5659,65，66,玲珑台阁备，壮丽之观景。
辰集,5660,35,晴风暑气消，日头上梢头。
辰集,5661,79,月缺恐难圆，浮云蔽目前。
辰集,5662,79,兄弟死于非命。
辰集,5663,,娶妾之年。
辰集,5664,40,赌搏中年改，福禄自天来。
辰集,5665,,借问一生身外事，遇龙之年是归期。
辰集,5666,41，42,崎岖误行人，东西南北不差分。
辰集,5667,46,得授序班，何等光辉。
辰集,5668,,一字切忌日白，当止则止。
辰集,5669,61，62,年当耳顺，佐理国政。
辰集,5670,13，14,暖风正熏人，桃李正妍新。
辰集,5671,51,中馈人忘，心怀寂寞。
辰集,5672,29，30,花遇阳春逢泰运。
辰集,5673,40,行年不惑，大限已终。
辰集,5674,21，22,滞而不明，萎花蒙尘。
辰集,5675,49，50,寒滞侵入，流年欠顺。
辰集,5676,27，28,无祸无灾，明星灿灿。
辰集,5677,,财帛难入手，从有便消磨。
辰集,5678,,安享祖荫，恩隆把总。
辰集,5679,,前妻生一子。
辰集,5680,,鸿雁一群展双翅，听听抢得一巢栖。
辰集,5681,22,一朵萱花晓色寒，霜飞冷落玉栏杆。
辰集,5682,35，36,常因妻忧，快然安舒。
辰集,5683,,真假八子，四子送老。
辰集,5684,,居安思危，思则有备。
辰集,5685,47，48,富贵之有余，春风模样丽人居。
辰集,5686,49，50,静中心地泰，人事得安舒。
辰集,5687,15,风吹椿树折，三年泣血。
辰集,5688,,其人之亡，定在四月。
辰集,5689,65,名登金榜，老来之荣。
辰集,5690,11,明月上弦，其光渐圆。
辰集,5691,21,妻配牛命，可许谐老。
辰集,5692,35，36,兔走鸟飞，背衿换布衣。
辰集,5693,,和气近人，雅至相得。
辰集,5694,,庚辰年科甲及第。
辰集,5695,47，48,真假四子，三子送老。
辰集,5696,,数该生子。
辰集,5697,,道尔兹基，不如乘时耕作。
辰集,5698,76,父寿白头，孝子上山。
辰集,5699,55，56,丰衣足食，家中乐意。
辰集,5700,45，46,明月照闺中，家庭承露浓
辰集,5701,,气象温和，量大度阔。
辰集,5702,49，50,乐事从容，处处风光。
辰集,5703,55，56,来来往往，难期一遇。
辰集,5704,15，16,坦道无碍，驰驰可前。
辰集,5705,,职居固山，一旗之主。
辰集,5706,,守定根基启后人，后人昌盛旧还新。
辰集,5707,61，62,大小咸臻祸不侵。
辰集,5708,,班马文章才独擅，实从理学渊源家。
辰集,5709,51，52,事就且高歌，饮酒舞婆娑
辰集,5710,,严亲早丧，人子不幸。
辰集,5711,61，62,事事从容怀抱宽，金风一阵倏生寒
辰集,5712,,异路功名，得授典史。
辰集,5713,49，50,财积如山福自生，春风花满洛阳城。
辰集,5714,35，36,步履皆平坦，何必问风波。
辰集,5715,29，30,用心凿石才成玉，着意淘沙始见金。
辰集,5716,63，64,乐意称人怀，祯祥福自来。
辰集,5717,59,萱花时遇光，浓雨又来催。
辰集,5718,,气宇宏深，神机伟俊。
辰集,5719,15,无日不春风，胸中事不穷。
辰集,5720,57,锦绣喜重重，花开满园红。
辰集,5721,,妻早子早名利迟。
辰集,5722,79,椿萱并茂在堂前，他日终然父命坚。
辰集,5723,,以监面选县丞。
辰集,5724,57，58,盘桓而进，守以中正。
辰集,5725,55，56,财帛积有余，安然得安居。
辰集,5726,,青宫沉马，致仕还乡。
辰集,5727,54,数该生子。
辰集,5728,79，80,儿孙满目绕堂前，寿如松柏福南山。
辰集,5729,59，60,挺眉幸有人，人可差强人。
辰集,5730,25，26,火罗入限，流年有咎。
辰集,5731,45，46,流年灾不侵，内外得安居。
辰集,5732,13，14,白虎在门，灾毒不免。
辰集,5733,,再娶生一子。
辰集,5734,,甲戌之年，名登金榜。
辰集,5735,,官至知府，不能高摧。
辰集,5736,49，50,颠倒无常今有常，行人一夜过羊肠。
辰集,5737,,笃志寒窗年又年，名利黄宫谢平安。
辰集,5738,71,人如醉梦醒，方觉其外还。
辰集,5739,,学识两全，犹如渊源。
辰集,5740,21，22,云收雨过，日月光明。
辰集,5741,55，56,事得所欲，无为不足。
辰集,5742,23,当谐鸾风，如鱼得水。
辰集,5743,63,恶曜攻身，须防危险。
辰集,5744,,真假五子，得以送老。
辰集,5745,67,飞符夹死符，啾唧总不宜。
辰集,5746,45,时进时退，天道循环。
辰集,5747,13，14,喜事可以，逍遥悠悠。
辰集,5748,41，42,半夜潮生犬不惊，但得财聚又成名。
辰集,5749,64,该生一子。
辰集,5750,,苦功用尽脑，泮水自生香。
辰集,5751,79，80,福禄褪人，健旺精神。
辰集,5752,13，14,椿树已成风木恨，难免三年泣血悲。
辰集,5753,47，48,谋事有人成，得意马蹄轻。
辰集,5754,51，52,事事从容怀抱宽，金风送暑得清凉。
辰集,5755,45，46,东西路可通，行船遇顺风。
辰集,5756,23，24,浮云卷尽月重明，灾晦消除福自生。
辰集,5757,38,坚木皎结，舟倾中流。
辰集,5758,78,恶曜攻身，须防危险。
辰集,5759,30,浓霜连夜落，萱花被凋残。
辰集,5760,63，64,居官不如居家，治国不如治家。
辰集,5761,56,事得所欲，无所不足。
辰集,5762,49，50,硕人堪赋，裘马翩翩。
辰集,5763,,父先母后，抱天之恨。
辰集,5764,66,名登黄甲。
辰集,5765,,祖业不靠，自创家园。
辰集,5766,53,数定室入难共老，琵琶拨断听弦声。
辰集,5767,59，60,孤舍猿啼，令人恐惊。
辰集,5768,17,我生不辰，今年丧父。
辰集,5769,,正妻从未得结子，娶得偏房许生儿。
辰集,5770,,百日竿头，如日中天。
辰集,5771,27，28,马走高低路，反复多回轩。
辰集,5772,25，26,才得圆时又复亏，循环不一。
辰集,5773,,犬吠皇皇，名进宫墙。
辰集,5774,56,子规啼落楼台月，一枕鸳鸯梦不成。
辰集,5775,65，66,纸窗因迪破，名花恨雨催。
辰集,5776,21，22,不遇之遇，物饶生趣。
辰集,5777,,参领一旗，干城之选。
辰集,5778,,娶得妻时即便离，命是刑克有何医。
辰集,5779,,前妻生二子。
辰集,5780,,福禄来时不用求，在前在后总悠悠。
辰集,5781,60,花甲已凋尘世隔，不能回产见阳人。
辰集,5782,23，24,禅室庆长春，无奈多风雨。
辰集,5783,72,大小长健，春光无限。
辰集,5784,61，62,恩星照命，官职高升。
辰集,5785,39，40,春满洛阳城，高低锦绣丛。
辰集,5786,17，18,有得有失，事多反覆。
辰集,5787,51，52,空门无虑谷，不免是非来。
辰集,5788,25，26,山路崎岖，一步高来一步低。
辰集,5789,43，44,全不费精神，生涯得称心。
辰集,5790,47，48,言行不谨慎，是非而破财。
辰集,5791,,配得金水之夫，方合此刻。
辰集,5792,57，58,太平无事，悠悠顺意。
辰集,5793,50，51,时通时蹇，或进或退。
辰集,5794,35，36,所谋不合，图之何益。
辰集,5795,17，18,而今燕喜连绵至，柳絮栎花共一园。
辰集,5796,49，50,经谈松树下，得意月长明。
辰集,5797,21，22,有经营之才，无经营之运。
辰集,5798,29，30,风云一时新，桃花柳絮青。
辰集,5799,1，2,泽萼桃蕊初，春风草欲青。
辰集,5800,43，44,过步而周旋，春风备马鞭。
辰集,5801,,幼年失怙，父母双亡。
辰集,5802,59，60,破耗虽不幸，失中方人得。
辰集,5803,,将军功成，耀祖扬宗。
辰集,5804,21，22,幼年行乐，无日不悠。
辰集,5805,,协领之职，数由前定。
辰集,5806,,严父早折，母又重婚。
辰集,5807,49，50,日色融融，几度清风。
辰集,5808,,借问一生身外事，遇猴年是归期。
辰集,5809,20,玉折兰催，古今同根。
辰集,5810,,一字切忌曰金，利在其中。
辰集,5811,16,乡科中选。
辰集,5812,65,一盏余灯烟未消，金风依旧异香飘。
辰集,5813,,妻配鼠命，方能白首飞。
辰集,5814,11，12,莲花晓日色，自是不寻常。
辰集,5815,27，28,一片白云飞转过，蟹未行见晴明。
辰集,5816,37，38,忧疑自转，欢喜中来。
辰集,5817,,前妻生三子。
辰集,5818,53，54,年年事事通，内外喜欢福自隆。
辰集,5819,3，4,佩玉锵锵，童年厚福。
辰集,5820,,一父三母，独继香灯。
辰集,5821,,牡丹吐秀，有女如男。
辰集,5822,42,事得谐合，不劳心力便成功。
辰集,5823,,富贵黄金比石崇，鼎新事业福兴隆。
辰集,5824,27，28,乍合乍离，愧见鸳鸯鸟。
辰集,5825,77，78,意外调和，鼓舞婆娑。
辰集,5826,55，56,暖气洋洋溢，春风色融融。
辰集,5827,67，68,太岁有情，自然逢凶化吉。
辰集,5828,55，56,闺中又无求，快乐得悠悠。
辰集,5829,,初授县丞之职。
辰集,5830,,十月怀胎，生我欠一。
辰集,5831,33，34,外似风光内实愁，许多不足在心头。
辰集,5832,67,名登科甲。
辰集,5833,,前妻生四子。
辰集,5834,61，62,枯荣得失皆前定，何必尤怨不如人。
辰集,5835,55，56,名之不可求，求之彼阻悔无休。
辰集,5836,,超升知县。
辰集,5837,15，16,灼灼桃花天，丽色如锦绣。
辰集,5838,25，26,日正当午，光明浩大。
辰集,5839,53,数该生子。
辰集,5840,29,拙守有不足，韩信未遇时。
辰集,5841,42,镘钵花开，菩提叶茂。
辰集,5842,,再娶生二子。
辰集,5843,25，26,补任半吉实难凭。
辰集,5844,,补授知府之职。
辰集,5845,25,数到头来不自由，白云千岁空悠悠。
辰集,5846,45，46,得意防失意，辗转无凭据。
辰集,5847,,数有五子，得以送老。
辰集,5848,21，22,虑事而动，动而不藏。
辰集,5849,45，46,袜履悠悠，家门清吉。
辰集,5850,,一生衣禄足，富厚享荣华。
辰集,5851,31,一夕金风，烦暑顿除。
辰集,5852,37,乡试中式。
辰集,5853,50,人事和平，画堂彩色。
辰集,5854,60,月光初缺处，稍稍减夜明。
辰集,5855,25，26,光曜三台，高升禄位。
辰集,5856,,此刻生人，堂前双亲并茂。
辰集,5857,25,何时志忧疑，然后亨安舒。
辰集,5858,,昔日根基今日消，根基非倚旧时依。
辰集,5859,,前妻生五子。
辰集,5860,51，52,事无牵累，终日悠悠得意。
辰集,5861,,心力交瘁，空叹奈何。
辰集,5862,45，46,光风霁月，鼓舞婆娑。
辰集,5863,53，54,勾滕照命，牵害交加。
辰集,5864,69,出则安居，入则安舒。
辰集,5865,,再娶生二子。
辰集,5866,51，52,时雨遍效原，万物尽沾恩。
辰集,5867,,发妻伴终身，福禄怡怡随。
辰集,5868,,其从之亡，定在六月。
辰集,5869,90,正满九旬，大数已定。
辰集,5870,39，40,千里风光，万里悠悠。
辰集,5871,73,数该三子。
辰集,5872,30,宝撞重磨，依旧光辉。
辰集,5873,31，32,辉煌之害，衍业之荣。
辰集,5874,11，12,嫩竹独竿已透墙，会看指日拂云长。
辰集,5875,,前夫生木子，后夫生金儿。
辰集,5876,30,大往小来，君子未遇。
辰集,5877,87,儿孙满目，席前舞斑斓。
辰集,5878,20,红鸾相照。
辰集,5879,,财帛虽有余，到老多劳苦。
辰集,5880,,中年戒淫，晚年安舒。
辰集,5881,,兄土年生方合此刻。
辰集,5882,25,春花秋月，无不堪夸。
辰集,5883,25，26,机会不来，进三退四。
辰集,5884,,再任州官。
辰集,5885,31，32,运来有笑容，处处遇春风。
辰集,5886,28,破耗不能噤，皆因耗入运。
辰集,5887,13,人生不幸，泣血三年。
辰集,5888,25，26,百花解云，万卉争妍。
辰集,5889,,丁未之年，进士及第。
辰集,5890,,财在场中去，耗星突然来。
辰集,5891,,醉鬼无时间。
辰集,5892,,吹花遍碎锦，拂起簇烟波。
辰集,5893,27，28,财帛破耗，急急回头。
辰集,5894,,流年顺利，春花笑日。
辰集,5895,,姐水年生方合此刻。
辰集,5896,31,小水滩头阻去舟，徒然费力莫追求。
辰集,5897,,鬼怪出相侵，凡事三思休可疑。
辰集,5898,,宽洪其性，温柔莫并。
辰集,5899,31，32,云开日现，风静波平。
辰集,5900,,仍然不守温公训，致令场中散货财。
辰集,5901,64,若问寿元事，六旬加四是归期。
辰集,5902,,此刻生人男可拈花，女可惹草。
辰集,5903,27，28,更漏残报已开明，月落星疏早晓行。
辰集,5904,,小富得从动处积，数注其人得黄金。
辰集,5905,,升选知州。
辰集,5906,30,五六有破财，运去耗星徘。
辰集,5907,16,无心福自来，春风有意好花开。
辰集,5908,,辛丑之年，名登黄甲。
辰集,5909,11，12,清波有舟，而登彼岸。
辰集,5910,,异路功名，再授主簿。
辰集,5911,65，66,心间得安舒，欣然福自如。
辰集,5912,59，60,居安思危，思则有备。
辰集,5913,30,燕子分飞，春深桃李。
辰集,5914,,虚名虚利百无成，浪迹萍踪已半生。
辰集,5915,,官至州判，不能高擢。
辰集,5916,35，36,祸患而自取，举尔有虚惊。
辰集,5917,17,南楼惟报三更月，半夜子规尚且啼。
辰集,5918,49，50,洛阳三月景，楼台柳阴丛。
辰集,5919,,徒弟五人，四人送老。
辰集,5920,41，42,物色更新，锦乡上林。
辰集,5921,31,财去财来不可悲。
辰集,5922,37,再任把总。
辰集,5923,37,耗星入限，不赌何散。
辰集,5924,47,整顿离妆，渺渺茫茫入故乡。
辰集,5925,37，38,否极秦来，造化还转。
辰集,5926,,再娶生四子。
辰集,5927,45，46,轻暖轻寒，紫色无边。
辰集,5928,48,乡科中选。
辰集,5929,57，58,事体多端，心中未宽。
辰集,5930,,心中带有疑，问神又占卜
辰集,5931,45，46,裘马翩翩，往来金玉。
辰集,5932,31,破星入限，流年大破财。
辰集,5933,51，52,禄勋星现特，封一品之举。
辰集,5934,32,小人谋财，君子谋道。
辰集,5935,50,碧天云静，月转琉璃。
辰集,5936,91，92,花开将尽香犹在，菊残犹有傲霜枝。
辰集,5937,31，32,东西不辨，空徒驱逐。
辰集,5938,,命带指皆杀，恩泽反为伊。
辰集,5939,33，34,朝谋夕算，明日东西
辰集,5940,47,寿止命尽。
辰集,5941,41，42,举事斟酌，大有所获。
辰集,5942,33,小人谋财，君子谋道。
辰集,5943,59，60,前后有阻，居止无所。
辰集,5944,95，96,风物如桦柏，岁寒节更坚。
辰集,5945,33,钱财如粪土，人意值千金。
辰集,5946,55，56,无益之言休著口，不当已事莫当头。
辰集,5947,37,花发满林春日长，东风料峭晚凝香
辰集,5948,42,不怕尘埃何怕寒，不愁风雨不愁霜。
辰集,5949,13，14,红日东升，自有光明。
辰集,5950,60,人生一世，草木一春。
辰集,5951,16,恩父不见，泣血三年。
辰集,5952,34,财帛难免散耗。
辰集,5953,69，70,杨柳花飞已暮春，上下楼台物色新。
辰集,5954,45，46,鱼下碧潭随浪舞，马滕青嶂插寒飞
辰集,5955,55，56,财滚滚兮财自旺，喜匆匆也福自隆
辰集,5956,49，50,杨柳含烟堤上绿。
辰集,5957,34,因贪反成害，财帛席上耗。
辰集,5958,,辛丑之年，名登黄甲。
辰集,5959,57，58,人逢喜事精神爽，花遇春风瑞气香
辰集,5960,,是年别故偶，将红来比素。
辰集,5961,35,财去财来，天道回环。
辰集,5962,9,月明无暇玉，光辉日渐生。
辰集,5963,42,履道坦坦，君子贞洁。
辰集,5964,13，14,一尘不染，四大本空。
辰集,5965,47，48,菊吐秋天千万朵，梅一腊月几千枝
辰集,5966,,得选仓宫，前数已定。
辰集,5967,51，52,不费工夫事有成，福来相凑喜相逢。
辰集,5968,29，30,元亨利贞，百事吐吉。
辰集,5969,,招妻在本年。
辰集,5970,35,入场妄想，反耗其财。
辰集,5971,51，52,官至同知，不能高擢。
辰集,5972,36,破星入限，耗财损人。
辰集,5973,38,赌星入限，频频破财。
辰集,5974,,当有五母之称。
辰集,5975,21，22,春花带雨，流年不美。
辰集,5976,36,赌星入限，破财伤人。
辰集,5977,,可惜当年事无穷，今朝低首向西风。
辰集,5978,38,耗星入限，破财之源。
辰集,5979,28,安常处顺，得意之时。
辰集,5980,,乙丑之年，名登黄甲。
辰集,5981,30,不利不利，破耗破耗。
辰集,5982,35，36,一掷千金浑身胆，家无四壁不知贫。
辰集,5983,77，78,老当益壮，宁知白首之心。
辰集,5984,52,龙嘘气直上，五色云呈祥。
辰集,5985,63，64,事起从心头，内外得意浓。
辰集,5986,27,当年凶星照命，赌钱不利终日愁。
辰集,5987,55，56,课雨占晴，天意顺人。
辰集,5988,23，24,欲左欲右，光明度日。
辰集,5989,35，36,黄莺在谷，载好佳音。
辰集,5990,15，16,是非无挂念，逍遥出自然。
辰集,5991,,淑贤内助得安康，衣禄无忧福寿长。
辰集,5992,33，34,东西南北，无往不利。
辰集,5993,12,三阳回万象，幽谷自生春。
辰集,5994,,数有不幸，天死非命。
辰集,5995,39,破财不利，此年有咎。
辰集,5996,,限中一似雨中雷，难成事业败如云。
辰集,5997,39,今日晴时明日阴，情伤颠倒是迷途。
辰集,5998,,官至吏部尚书，不能拜相。
辰集,5999,54,卜君阳年，终于九六。
辰集,6000,,一字切忌曰青，用不得。
巳集,6001,,一生衣禄勤俭，钱财广于晚年。
巳集,6002,,柏舟自失，心坚似冰。
巳集,6003,41，42,几点芭蕉雨，一声愁闷不堪开。
巳集,6004,21,祥光映画堂，获福自思量。
巳集,6005,,熟读萧公律，功深自可求。
巳集,6006,39，40,云里月，雨中花。
巳集,6007,,官至尚书，至尊至贵。
巳集,6008,,命中多内助，家室有孟光。
巳集,6009,,壮年劳老年闲，名利场中不用贪。
巳集,6010,,心本太虚，一尘不染。
巳集,6011,,数有三子。
巳集,6012,,前妻一子，后妻无儿。
巳集,6013,35，36,为所当为，独之大利。
巳集,6014,25，26,凶神为吉吉又凶，凶之无害吉成功。
巳集,6015,,徒弟四人，许具送老。
巳集,6016,45，46,无害有益，无劳心力。
巳集,6017,,上承下接，财帛广积。
巳集,6018,,庆父已死，云开见日。
巳集,6019,23，24,有针无线用，欲穿未成衣。
巳集,6020,31，32,易乎其易，事功有济。
巳集,6021,7，8,无甚灾凶恶难，亦是常年之喜。
巳集,6022,,四业读书，陶情花涵。
巳集,6023,31，32,前途尽是坦夷路，一任邀游自在行。
巳集,6024,,经父纬母，独把之财。
巳集,6025,55，56,如圭如譬，如金如锡。
巳集,6026,45，46,君子是则，永受其福。
巳集,6027,,与人亦求佣，检身若不及。
巳集,6028,,腾文则野，先进之风。
巳集,6029,63，64,川下火起，灾毒不减。
巳集,6030,55，56,伯牛有疾，君亦如之。
巳集,6031,49，50,景色晴明，芙蓉开展。
巳集,6032,,兄弟二人，其乐融融。
巳集,6033,21，22,有箭无弓，欲射不能。
巳集,6034,25，26,月上初弦渐光明，若到中旬倍十分。
巳集,6035,39，40,云里月，雨中花。
巳集,6036,37，38,碧天万里浮无云，月对栏杆水有阴。
巳集,6037,53，54,梦魂不扰，际遇相安。
巳集,6038,37，38,眉头开展，事得施为。
巳集,6039,63，64,有斐君子，终不可喧。
巳集,6040,23，24,伊耕于有萃，野未逢汤聘。
巳集,6041,,数有三子，得以送老。
巳集,6042,39，40,坎坷度流年，机会几变迁。
巳集,6043,,发福千秋至，运广积财帛。
巳集,6044,31，32,流年更不同，桃花与柳浓。
巳集,6045,57，58,喜庆得相逢，谋之便有功。
巳集,6046,65,乡科及第。
巳集,6047,67，68,始忧终悦，良辰美景。
巳集,6048,,背有曲驼，前生恶报。
巳集,6049,59，60,犬生两口，请君详之。
巳集,6050,,爵虽武曲，业本儒行。
巳集,6051,,财帛耗散，积蓄为难。
巳集,6052,,成家贵人扶，一身安乐永无忧。
巳集,6053,55，56,悉闻啼鸟叫，跃马过檀溪。
巳集,6054,17,芙蓉未了变忧容，花正开时忽遇风。
巳集,6055,81，82,春风桃李花开日，秋雨梧桐叶落时。
巳集,6056,,手艺要高九流内，都在人间第二流。
巳集,6057,45，46,几年撑过安宁日，将来自有佳景图。
巳集,6058,5，6,血光潮热时年气，五六前后不能容。
巳集,6059,37，38,有为之时，事及克济。
巳集,6060,26,洞房之喜。
巳集,6061,25，26,东风转西风，昼夜暖寒自不同
巳集,6062,39，40,恩星照命，吉利安宁。
巳集,6063,31，32,香生帘幕清风转，花覆宫墙淑气多。
巳集,6064,41，42,问利问名，两收其益。
巳集,6065,57，58,离合春光老已无，颜色逢秋又槁枯。
巳集,6066,65,精传茅山法，普救世间人。
巳集,6067,67，68,刚断而任，气象峥嵘。
巳集,6068,51，52,恩星相扶，增福进爵。
巳集,6069,59，60,祸去祸来，灾毒尽梢。
巳集,6070,,不须忧虑，守分安常。
巳集,6071,63，64,缥缈梦魂，蝴蝶分飞。
巳集,6072,44，45,烦恼无人识，惟欠东风个人知。
巳集,6073,55，56,匪直也人，秉心塞渊。
巳集,6074,17,葵花偏爱日，掩映不为光。
巳集,6075,31，32,惆怅关山外运限，有奇灾神力可保。
巳集,6076,53，54,不意之中福自臻，恩星相照福来临。
巳集,6077,45，46,命带文昌，名登金榜。
巳集,6078,5，6,时运不通，连遭几度。
巳集,6079,37，38,金风除暑气，心舒喜自如。
巳集,6080,,嫡母庶母，命中注定。
巳集,6081,,偶因行事徒差错，误了终身识未知
巳集,6082,,半为儒者半为医。
巳集,6083,,妻早子亦早，人生大幸好。
巳集,6084,,华年凋谢天地老，人生多情偏悲思。
巳集,6085,76,蟋蟀最无知，亦悲年运穷。
巳集,6086,63，64,超然物外时，时梅月松风。
巳集,6087,1,闷闷不堪言，蹑足不知前。
巳集,6088,27，28,一往因飘蓬，俯仰又似悲。
巳集,6089,,东西任所之，宇宙何其宽。
巳集,6090,,时乖命亦乖，浑沌无心绪。
巳集,6091,50,用之帝王师，不用岩谷叟。
巳集,6092,46,烦恼认人识，惟欠东风个人知。
巳集,6093,,问之父母全，卜他之年父先去。
巳集,6094,65,严霜上鬓，东风吹去。
巳集,6095,5,童子五岁，难免灾晦。
巳集,6096,,此刻生人，兄弟有疾。
巳集,6097,,穷通皆由命，切莫强求谋。
巳集,6098,,达将连驷骋，穷即蓬荜行。
巳集,6099,55，56,凉风暑气除，心安舒自如。
巳集,6100,,妇命能操持，生涯能安居。
巳集,6101,19,五彩绳牵月老话，画眉京兆许张郎。
巳集,6102,69，70,灾星相照，啾唧自知。
巳集,6103,39，40,仕途变迁，正当郑重明。
巳集,6104,21，22,不必问行藏、进五而退十。
巳集,6105,41，42,乘车而往按徐行。
巳集,6106,,莫道少年淡，自然光景辉。
巳集,6107,53，54,游神问名利，自叹费无成。
巳集,6108,41，42,川下火起，灾殃自至。
巳集,6109,5，6,童子五六岁，香芬物色新。
巳集,6110,15，16,照光正阳和，定和景物多。
巳集,6111,,寒窗之苦皆经历，何时案上姓名香。
巳集,6112,62,亢龙有悔，勿用于时。
巳集,6113,49，50,安心乐意，出人头地。
巳集,6114,20,有弓无箭，欲射不能。
巳集,6115,45，46,恼烦无端好忧心，自知自立自沉吟。
巳集,6116,,财帛有余，一生足用。
巳集,6117,19，20,平安可保，不问行藏。
巳集,6118,61，62,犬生两口，孝服之忧。
巳集,6119,25，26,一曰修好德，二曰利大川。
巳集,6120,45，46,际遇有主张，行人遇羊肠。
巳集,6121,,数注其人，田园万顷。
巳集,6122,39，40,枯苗得雨，家业光隆。
巳集,6123,,腰缠万贯，一生足用。
巳集,6124,27，28,庭前草色知君早，暗里栽培透毓新。
巳集,6125,,数注其人福禄臻，心逸身劳得千金。
巳集,6126,41,登科及第。
巳集,6127,31，32,前村遥望杏花红，指引来时有牧童。
巳集,6128,41，42,仕途变幻，举动多变。
巳集,6129,73，74,绿林深处有渔舟，漫卷丝纶着意收。
巳集,6130,47，48,衡门之下可栖迟，泌水洋洋可乐饥。
巳集,6131,29，30,小宋应熊罴，三子喜可见。
巳集,6132,59,炊臼梦回伤寂莫，中流不见采苹人。
巳集,6133,25，26,际遇渐亨通，轻风送转蓬。
巳集,6134,,发创千金富，儿孙世代昌。
巳集,6135,23，24,烦恼结心头，愁绪满眉端。
巳集,6136,7，8,雨遇增山色，云散月华明。
巳集,6137,33，34,利不可求，动而见忧。
巳集,6138,,兄弟四人，同父不同母。
巳集,6139,67,古稀欠三春，夫死泪沾襟。
巳集,6140,,数注其人富，白手发千金。
巳集,6141,77，78,皓首风波。
巳集,6142,39，40,君子坦荡荡，小人常嘁嘁。
巳集,6143,65,欲知几度蟠桃熟，七九加二数已尽。
巳集,6144,,一字切忌曰黑，不利矣。
巳集,6145,,一品当朝，名扬四海。
巳集,6146,24，25,瑞气重重至，门庭吉庆多。
巳集,6147,25,乐昌破镜难再会，珠沉合浦几时还。
巳集,6148,63，64,迷途而得转，好花深处有盘旋。
巳集,6149,39,圆缺因时有不同，主张头上有天公。
巳集,6150,,真假四子，三子送老。
巳集,6151,,待人真诚，受人欺侮。
巳集,6152,23，24,苗而不秀，秀而不实。
巳集,6153,25，26,愁怀未可言，因为皆有恨相连。
巳集,6154,5，6,啾唧不免，一暗一明。
巳集,6155,,乡科及第，天赐麟儿。
巳集,6156,,夫妇寡绿，弃妻重妾。
巳集,6157,49，50,造化有循环，剥极自然复。
巳集,6158,25，26,好花开芍药，一泓秋水浸芙蓉。
巳集,6159,,难聚易散名日津。
巳集,6160,19,吉凶不由人，可知次第行。
巳集,6161,,翩翩足五行，重水必然有。
巳集,6162,57，58,走至逆横，事事皆闷。
巳集,6163,45,财帛有余，当年不必问踌躇。
巳集,6164,87，88,苍蝇点破无瑕玉，不费财钱也费心。
巳集,6165,63，64,阴气盘桓晦气催，灾之不已又还灾。
巳集,6166,39,生子之年。
巳集,6167,31，32,患难遍相随，为祸又为灾。
巳集,6168,37，38,道路难行，前荆后棘。
巳集,6169,,兄弟九人，数有一贵。
巳集,6170,11，12,荫祖公道，少年荣华。
巳集,6171,,失怙光嗟情惨切，断机惟笑孟母前。
巳集,6172,55，56,盘旋复盘旋，渔郎引路前。
巳集,6173,89，90,福寿双全，精神倍爽。
巳集,6174,,一生多博学，性情守已乐。
巳集,6175,47，48,太阳出沧海，欢呼乐意浓。
巳集,6176,19，20,每日乐优游，寻常不用求。
巳集,6177,41，42,日日乐优游，安常乐忘忧。
巳集,6178,,兄弟九人，数有二贵。
巳集,6179,39，40,既乘其时，当长其志。
巳集,6180,23，24,今年胜去年，人事幸无愆。
巳集,6181,,家藏干金，勤俭所积。
巳集,6182,42,明月到中天，画堂自光辉。
巳集,6183,,以监而司职，数由此定。
巳集,6184,,舍了一场灾，几度忧警害。
巳集,6185,,一品当朝，声扬四海尽知名。
巳集,6186,69，70,祥光叠叠现，偏照锦堂春。
巳集,6187,,妻生一子，妾生二儿。
巳集,6188,71，72,春寒秋熟，光景无多。
巳集,6189,,君生六子土水金，若生火星便为去。
巳集,6190,15，16,好花将开，风雨又来。
巳集,6191,41，42,葵花偏向日，浮去半掩不为凶。
巳集,6192,,官至都堂，荣归华堂。
巳集,6193,31，32,瑞气隆隆起，家门吉庆多。
巳集,6194,,人中龙虎，阁上麒麟。
巳集,6195,,荫受知州，数由前定。
巳集,6196,35,人逢美运，花放遇春。
巳集,6197,31，32,吉庆临门，乐意相从。
巳集,6198,47，48,荟苔雨遇滑如油，行人仔细便无忧。
巳集,6199,,兄弟五人，先损一丁。
巳集,6200,61，62,不用劳力，安然衣食。
巳集,6201,,双亲同白鬓，父母定其宗。
巳集,6202,42,坎坷有风流，数定几变迁。
巳集,6203,,为知白壁方为宝，更起黄金又交接。
巳集,6204,,流年更不同，桃花映日新。
巳集,6205,27，28,柳媚花明，赏心时节。
巳集,6206,69，70,乡科及第。
巳集,6207,,喜事更相逢，谋之便有功。
巳集,6208,71，72,锦绣花丛发，开放满园红。
巳集,6209,,童亦安舒，无甚别事。
巳集,6210,15，16,桃红柳绿，略称心怀。
巳集,6211,41，42,兄弟九人，中断离群。
巳集,6212,,真假六子，四子送老。
巳集,6213,31，32,灾毒不生，流年之庆。
巳集,6214,34,人逢美景地，花开又遇春。
巳集,6215,,自有高人轻借力，两台门户尽光辉。
巳集,6216,35，36,福履悠悠，家门迪吉。
巳集,6217,31，32,春光冉冉，物色交新。
巳集,6218,47，48,财帛骤发，好运时行。
巳集,6219,,荷花出水，亭亭玉立。
巳集,6220,,生来欠发达，儿孙创田园。
巳集,6221,,佛祖降生，方人扳依。
巳集,6222,45，46,无是无非，三春花柳。
巳集,6223,47，48,恩星照命，吉利相从。
巳集,6224,58,花申欠二春，夫花泪沾襟。
巳集,6225,75，76,凶星夹党，居安虑危。
巳集,6226,43，44,高山路可通，费力定成功。
巳集,6227,32,乡科及第。
巳集,6228,,官至试院而致仕。
巳集,6229,59,数该生子。
巳集,6230,53，54,事就怕有人，相欺恨无依。
巳集,6231,53，54,龙德相扶，必有所获。
巳集,6232,43,数该生子。
巳集,6233,47，48,瑞气融融，景象非凡。
巳集,6234,,徒弟四人，三人送老。
巳集,6235,11，12,哀哀泣泣，正是刑伤。
巳集,6236,29，30,喜事临门，事业更新。
巳集,6237,,月明不怕云遮掩，花艳何妨蝶乱飞。
巳集,6238,71，72,事事添花锦，荣华自可夸。
巳集,6239,27，28,步步履泥途，挣挫费踌躇。
巳集,6240,,遇马之年方进步。
巳集,6241,,羊刃重逢，刀兵之害。
巳集,6242,,为所欲为，美利巨获。
巳集,6243,21，22,官至吏部尚书。
巳集,6244,33,三旬外入泮，方合此刻。
巳集,6245,45，46,前途尽是通行路，一任逍遥自在行。
巳集,6246,37，38,瑞气隆隆，门庭吉庆。
巳集,6247,,数有不幸，应死非命。
巳集,6248,23，24,好鸟鸣春，东风暖人。
巳集,6249,74,老来丧母之年。
巳集,6250,45，46,虎榜题名，熊罴叶梦。
巳集,6251,47，48,无伎无求，终身悠悠福有余。
巳集,6252,31，32,君子日更新，相逢大吉人。
巳集,6253,37，38,波浪铉息，正好行舟。
巳集,6254,63，64,不岐不求，安乐悠悠。
巳集,6255,21,进士及第。
巳集,6256,67，68,闲度余岁月，不管落花飞。
巳集,6257,45,登科之年。
巳集,6258,39，40,谢却忧颜转花容，时来无物不相同。
巳集,6259,67，68,清明花发正芳菲，恨杀无情风雨催。
巳集,6260,,金水之年，弓马入泮。
巳集,6261,,运至时行，知君获福。
巳集,6262,40，41,安心乐意，出人头地。
巳集,6263,,倚马雄才到午年，运程发韧泮池边。
巳集,6264,51,数该生子。
巳集,6265,52,进士及第。
巳集,6266,,兄弟十人，中断离群。
巳集,6267,45,十事谋来九事成，春风得意马蹄轻。
巳集,6268,,金水之年，国学成名。
巳集,6269,39,当道有荆棘，举步有滞碍。
巳集,6270,,木火之年，弓马入泮。
巳集,6271,29,红日上三竿，前程有庆幸。
巳集,6272,,兄弟三人，同父不同母。
巳集,6273,,路遇一知音，携手相扶物色新。
巳集,6274,,兄弟五人，秦楚不同盟。
巳集,6275,29,荣枯提失皆前定，何必怨天又尤人。
巳集,6276,,前妻生四子，后妻竟无儿。
巳集,6277,55，56,财帛蓄积不求人，上下欢然物色新。
巳集,6278,,哀哀泣血几经年，原来母先父后亡。
巳集,6279,,数注双喜，一胎生二子。
巳集,6280,,父母离巽方生，方合此刻。
巳集,6281,,历尽几年奇学术，不如终作一星巫。
巳集,6282,47,太岁当头，流年稳妥。
巳集,6283,,一岁为泉客，徒增父母悲。
巳集,6284,,数有偏枯，子当发疾。
巳集,6285,,真假六子，三子送老。
巳集,6286,25，26,水中捞月事皆空，尽精神也枉功。
巳集,6287,69，70,图谋顺遂，足畅所怀。
巳集,6288,75,老来丧母之年。
巳集,6289,,祖业命当招，田基莫摇动。
巳集,6290,21,五彩绳牵月老话，画眉京兆许张郎。
巳集,6291,75，76,一隙之光可借明，隙光难比月华明。
巳集,6292,,四宫吉曜奇，数注一胎生二子。
巳集,6293,21，22,利不可求，动而招尤。
巳集,6294,21，22,犬生两口，主有哀声。
巳集,6295,39,半吉半凶，吉凶难倚。
巳集,6296,,徒弟六人，得以送老。
巳集,6297,49，50,生计得安然，何劳忧兴煎。
巳集,6298,,当有三母之称。
巳集,6299,39，40,山蹊久矣路盘桓，行遇山蹊路坦夷
巳集,6300,,兄土年生，方合此刻。
巳集,6301,,乍暖还寒，心常不乐
巳集,6302,55，56,事有攸理，千头万绪。
巳集,6303,,牝难晨鸣，由雄不惧。
巳集,6304,67，68,灾晦消除福自臻，烟云卷尽碧空云
巳集,6305,,父母故于犬年。
巳集,6306,33，34,并蒂双莲出，风光共白头。
巳集,6307,80,大数将停莫可为，一朝春尽红颜老。
巳集,6308,4,白虎照命，是年有灾。
巳集,6309,,异路功名，授吏之职
巳集,6310,24,乡科及第。
巳集,6311,,初任知县，再升钦取。
巳集,6312,,徒弟五人，一人送老。
巳集,6313,37，38,阴暗既分，方可言行。
巳集,6314,13，14,红莲初水来，花发正阳春
巳集,6315,63，64,闲坐松阴，乘阴纳凉。
巳集,6316,41，42,阴云敝日，能使人愁。
巳集,6317,,虽然富贵，子嗣艰难。
巳集,6318,,贤儿成鼎志，终身可无虞。
巳集,6319,37，38,西风忽东风，昨夜今朝事不同
巳集,6320,,兄弟三人，乐奏几般音。
巳集,6321,43，44,且沉且浮，事物纷纷未有头。
巳集,6322,51，52,到处花开春色新，洛阳不比寻常景。
巳集,6323,,家资百万休嫌少，斗稍之辈我还高。
巳集,6324,,命中四子，得以送老。
巳集,6325,71,鸟得其所，饮啄自如。
巳集,6326,8,花蕊初红，风雨相催。
巳集,6327,21，22,天光机会，物有祥云。
巳集,6328,,祖父倍增荣，晚年兴发增。
巳集,6329,4,七岁少三春，萱花落暗尘。
巳集,6330,,数有偏枯，妻当眼目不甚明。
巳集,6331,,兄弟十人，数有二贵。
巳集,6332,35，36,衣巾遂愿，不必他求。
巳集,6333,,父母生于火年方合。
巳集,6334,,一子午年生。
巳集,6335,67，68,既望之月，其光渐减。
巳集,6336,,蛊命丧身，前生注定。
巳集,6337,77，78,当年之事不堪闻，弹出新声别有音。
巳集,6338,3，4,轻舟飘大浪，时有浮沉惊。
巳集,6339,11，12,欲上高楼未有梯，不能举步上扳跻。
巳集,6340,,急流勇退，晚景逍遥。
巳集,6341,29，30,指引得以相，应转折人心。
巳集,6342,57，58,风寒消除暖风生，梅花枝头见阳春。
巳集,6343,,官至千总，不能高摧。
巳集,6344,,兄弟两家祀，不离本族宗。
巳集,6345,29，30,事机宜谨慎，方免是非忧。
巳集,6346,31，32,次第花枝雪里开，梦魂应不染尘埃。
巳集,6347,37，38,百事和谐，五音叶律。
巳集,6348,,有子先弃世，赖孙而送终。
巳集,6349,7，8,平静无风雪。
巳集,6350,66,黄泉无客店，今夜宿谁家。
巳集,6351,,谢却人间事，红尘不染心。
巳集,6352,,粟陈贯朽几年余，富似陶朱苦拮据。
巳集,6353,39，40,闲看棋杆消白昼，觉来经卷脱红尘。
巳集,6354,69，70,烛影辉煌，照耀画堂。
巳集,6355,,其人田园广，一生乐无边。
巳集,6356,23，24,好运交来事得宜，无心财聚可乘机。
巳集,6357,41，42,时气相侵，流年不利。
巳集,6358,43，44,可怜白壁染风尘，仰问苍天惧不平。
巳集,6359,39，40,人事相通，内呼外应。
巳集,6360,,创之规模总是勤，十年前事一书生。
巳集,6361,49，50,钦命典试。
巳集,6362,,钦授千总，数由前定。
巳集,6363,,吉星照文场，领袖青矜换紫衣。
巳集,6364,,以贡而选经历，数由前定。
巳集,6365,61，62,登山力却，犬有挣挫。
巳集,6366,45，46,到此停秋风，无限别离情。
巳集,6367,59，60,座中无物不清凉，别是人间洞府香。
巳集,6368,27，28,小桥泮藜，书香门第。
巳集,6369,41，42,左财右财，心神自佑。
巳集,6370,,治家有法，冰清玉洁。
巳集,6371,41，42,整顿行装，不负良辰美景。
巳集,6372,,田财二曜，精奇数享万全福。
巳集,6373,41，42,困道未可言，步步若流连。
巳集,6374,45，46,步步履泥途，挣挫费踌躇。
巳集,6375,,结鬓未能同并老，再婚夫妇得齐眉。
巳集,6376,,精于医道，不亚儒术。
巳集,6377,,一品之元老，莲花座上仙。
巳集,6378,31，32,逆风而摇撸，天转其风帆。
巳集,6379,11，12,春而复夏又秋冬，寒暑更迁事不同。
巳集,6380,40,一生好学，功成名就。
巳集,6381,,盂姜送罢寒衣后，万盏金樽醉自知。
巳集,6382,13，14,去路茫茫不可知，贵人指引不迷途。
巳集,6383,,官到知州，不能高摧。
巳集,6384,49,时至出头地，膳自从天来。
巳集,6385,,结发未能同并老，重婚夫妇许生儿。
巳集,6386,49，50,德厚饶施，政平公理。
巳集,6387,,文昌祠畔有猿啼，一领青衫换布衣。
巳集,6388,,命如浮蚁，死在一周。
巳集,6389,77，78,春寒秋热，光景无多。
巳集,6390,,其人有心，善医济人。
巳集,6391,24,海棠着雨，泪湿胭脂。
巳集,6392,70,数该生子。
巳集,6393,,虽是庶出，兄弟最长。
巳集,6394,,兄弟九人，同父不同母。
巳集,6395,49，50,交差交差，门前绿竹尽生花。
巳集,6396,49，50,福曜相扶，当展其用。
巳集,6397,55，56,光点红灯灯已阑，长途暗里有艰难。
巳集,6398,42,惟听鸟燕啼，春雨泪沾衣。
巳集,6399,49,朱提无足自至，青蛱无翅也飞来。
巳集,6400,,人随天意，万事周济。
巳集,6401,49，50,知足漫无足，鬼神驱使悠悠福。
巳集,6402,,君家要出人头地，异路功名可称怀。
巳集,6403,27，28,年年花卉春光放，花卉今朝开得早。
巳集,6404,59,藜杖相扶得过桥，昨朝霜露未曾消。
巳集,6405,15，16,安常之福，无日不足。
巳集,6406,,问文不足，问武有余。
巳集,6407,,兄弟十二人，终断惜离群。
巳集,6408,12,命带将军箭，十二便身亡。
巳集,6409,,前妻生二子，后妻竟无儿。
巳集,6410,21，22,虽喜还无喜，逢凶不见凶。
巳集,6411,75，76,灾晦潜消官事伏，平安有度无拘束。
巳集,6412,,承荫父业，仕途可望。
巳集,6413,,造化有循环，春风吹牡丹。
巳集,6414,40,乡试中式。
巳集,6415,44,不从文武科中出，应升总督一大厅。
巳集,6416,55,朱衣点头，得意琼林。
巳集,6417,47,弥缝不及又弥缝，纵若谋成总是空。
巳集,6418,65，66,和气克临，流年顺利。
巳集,6419,,子息未必运俱齐，有人蹇滞有人宜。
巳集,6420,41，42,春深鱼游，跳跃自如。
巳集,6421,,守持之戒，名曰上僧。
巳集,6422,59，60,登山足跛，力喘而上。
巳集,6423,,官至总督，不能相拜。
巳集,6424,20,举动迷路，恶梦风起。
巳集,6425,31,颜子少一春，一梦见阎君。
巳集,6426,65，66,芍药开时又遇风，凋残无限锦丛中。
巳集,6427,27,运至时来，富丽顿开。
巳集,6428,28,名登金榜。
巳集,6429,27，28,路可通修，行乃有功。
巳集,6430,27，28,驳杂无常，进退有损。
巳集,6431,,财帛虽有，满而不溢。
巳集,6432,74,年逢古稀零有四，谢却阳间去。
巳集,6433,,兄弟十一人，数有五贵。
巳集,6434,57，58,无事得安舒，欢然得自如。
巳集,6435,5，6,无是无非，光阴渐移。
巳集,6436,,虽然武终须革去。
巳集,6437,,父故于金年方合。
巳集,6438,,一子虎年生方合。
巳集,6439,11，12,江村三月景，处处绿阴浓。
巳集,6440,23，24,栖止得所，轻风日午。
巳集,6441,57，58,莫笑冯唐无晚景，斯君老运享荣华。
巳集,6442,15,命犯白虎，夫当受克。
巳集,6443,7,天喜命相逢，往来最有功。
巳集,6444,,晋升千总。
巳集,6445,,山坡前有挺，杖几为所害。
巳集,6446,75，76,翁姑先死，妇之不幸。
巳集,6447,8,进不过进退不退，进退无常以醉。
巳集,6448,,著意图谋总是虚，无心之处得成功。
巳集,6449,66,枯木逢春之象。
巳集,6450,54,兄弟十二人，同父不同母。
巳集,6451,35,上菀春花遍锦丛，日日追风随马蹄。
巳集,6452,49，50,数遇纯阳，文娄尽去。
巳集,6453,57，58,心之忧戚，履步未舒。
巳集,6454,8,亦算平稳。
巳集,6455,59，60,露色溟朦雨，远人未及回。
巳集,6456,,中年采芹青云路，再积阴功人钦敬。
巳集,6457,77，78,安然无事纳祯祥，几朵梅花扑鼻香
巳集,6458,69，70,云收风静，日照深闺。
巳集,6459,65,问君阳年何日止，六旬加五是归期
巳集,6460,,经史饱餐归国学，阴功积可到中宫
巳集,6461,,兄弟虽众，助人却寡。
巳集,6462,15，16,得个渔翁指路迷，天台不远又何疑。
巳集,6463,7,天生天夺，父母之悲。
巳集,6464,36,问利三旬之外，方得遂意。
巳集,6465,,千古作文家，泰山北斗星。
巳集,6466,75，76,家室欢乐，事纳祯祥。
巳集,6467,8,冻已消除日渐融，池边杨柳弄轻风。
巳集,6468,,初任百总之职。
巳集,6469,66,鸳鸯一对两分飞，自恨良人不齐眉。
巳集,6470,54,流年顺利，一帆风顺。
巳集,6471,42,常蹙眉头，欠利多忧。
巳集,6472,,兄弟十一人，乐奏几般音。
巳集,6473,89，90,立元坚固，未可摇动。
巳集,6474,,兄弟四人，中断离群。
巳集,6475,65，66,做事蹉跎，其年破局多。
巳集,6476,,一手伤残，命中带来。
巳集,6477,62,一番好雨应阳春，眼见江城景色新。
巳集,6478,,妻命木金年生方合。
巳集,6479,3,春色正可人，依依轻青绿。
巳集,6480,63,难逃七九之数。
巳集,6481,11，12,金土之年国学，木火之年得贡。
巳集,6482,55，56,江山春色未全来，满树桂花风雨催。
巳集,6483,,日破财耗，神接踵来。
巳集,6484,36,蹙君多逢蹇，西风泪几行。
巳集,6485,,半作田东半作渔，一生衣禄自无穷。
巳集,6486,67，68,官讼相连，破耗忧煎。
巳集,6487,,数有七子，得以送老。
巳集,6488,,劳力劳心勤且俭，半为儒生半为农。
巳集,6489,,文章入泮，弓马为先。
巳集,6490,35,缓步而行，默然无阻。
巳集,6491,,南陌田畴耕暇日，生涯着力得营谋。
巳集,6492,55，56,喜气盈门，家室安宁。
巳集,6493,51,知君加一岁，卜君是行程。
巳集,6494,65，66,王都色带春，得意马蹄径。
巳集,6495,,再任催官。
巳集,6496,41，42,求所不当求，空余未了愁。
巳集,6497,,一生竭力躬耕去，南陌西畴望岁农。
巳集,6498,5,杨柳依依绕绿堤。
巳集,6499,,忿气莫伸，终为丧身。
巳集,6500,,积喜之家，千般吉祥。
巳集,6501,74,年逢古稀零有四，夫别阳关去。
巳集,6502,48，49,九天开雾，干山秀色。
巳集,6503,49，50,晚景亨通，一生幸运。
巳集,6504,,徒弟七人，得以送老。
巳集,6505,57，58,再转京台登大用，官归传阁肃风霜。
巳集,6506,,创立规模总是勤，十年前是一书生。
巳集,6507,52,难逃五十二，明说与君知。
巳集,6508,35，36,吉利拥门，财源日进。
巳集,6509,,以监终身结，一生之结局
巳集,6510,,数有六子，得以送老。
巳集,6511,,勤俭持家衣禄足，旺夫益子寿元长。
巳集,6512,3,将军一箭最难当，三岁孩儿身便亡。
巳集,6513,71,夫虽有寿，别之亦苦。
巳集,6514,91,老来又精神，枯木又逢春。
巳集,6515,,举人任知县，数由前定。
巳集,6516,,父故于水年，母生于火年。
巳集,6517,,妻生二子，妾生一儿
巳集,6518,36,数该生子。
巳集,6519,43,子规啼落楼头月，一枕鸳鸯梦不成
巳集,6520,79，80,不出户庭，福自来寻。
巳集,6521,43，44,不足不驳难相逐。
巳集,6522,,命带暗杀，三岁而亡。
巳集,6523,,有子惟宣先抱女，原来有数定先知。
巳集,6524,,人有黄金满玉楼，我有妙术度春秋。
巳集,6525,45,当宴鹿鸣。
巳集,6526,,兔走鸟飞，领袖青衿换布衣。
巳集,6527,,未嫁夫先死，女之不幸。
巳集,6528,,前妻三子，后妻无儿。
巳集,6529,61,希宇遇寒风，时当有等待。
巳集,6530,62,古镜尘蒙，晦而不明。
巳集,6531,,再升知县。
巳集,6532,53,谢却人间世，常纳祯祥福。
巳集,6533,47，48,洛阳三月景色新，满日繁华应接忙。
巳集,6534,,五旬外丧亲，方合此刻。
巳集,6535,,时至出头食禀禄，运逢释褐宴鹿鸣。
巳集,6536,60,夫别阳关去，千愁万泪行。
巳集,6537,11，12,春日凝妆上翠楼，幽人无事乐优游。
巳集,6538,7，8,小雨暗前山，春风尚乍寒。
巳集,6539,2,时行平稳，微恙不志。
巳集,6540,11，12,天道旋转，人将随之。
巳集,6541,,骑驴望马，心竟未定。
巳集,6542,,夫君早忙碌，淑贤得安康。
巳集,6543,,兄弟九人，中断离群。
巳集,6544,,福来有根基，光阴无处不相宜。
巳集,6545,,兄弟四人，先损一丁。
巳集,6546,23，24,初夏来时绿阴浓，荷花出水见芙蓉。
巳集,6547,59，60,一卷残经诵未完，疏林月色满蒲团。
巳集,6548,,经历之职，名垂异路。
巳集,6549,,以贡知县，数由前定。
巳集,6550,74,危桥之下险难言，柱杖相接得周旋。
巳集,6551,27，28,谋事不吉，谨慎行事。
巳集,6552,,数中有二室，乃结红紫衣。
巳集,6553,45,百事谋来总是空，数中逢绝必倾身。
巳集,6554,31，32,晴光烈烈日已升，无限春光在江滨。
巳集,6555,,桂子结成有一枝，江风吹折在空中。
巳集,6556,71，72,断而不断有汕铞，一线有路莫残圆。
巳集,6557,27，28,喜事从天降，桂子结成双。
巳集,6558,45，46,路无常直，运有得失。
巳集,6559,17，18,服劳皇家，厥有成绩。
巳集,6560,,红颜薄命，好事多磨。
巳集,6561,57,且自庆晚年，春光在眼前。
巳集,6562,,雁阵成群，非一母所生。
巳集,6563,,祖宗庇荫，百总之职。
巳集,6564,54,五十零四，当止则止。
巳集,6565,,立志坚刚，不随流俗。
巳集,6566,,武泮而选，数由前定。
巳集,6567,65,天符相照，是非不宁。
巳集,6568,,得傍贵人可成家，原来数定注不差。
巳集,6569,67，68,轻裘带上，威权足重。
巳集,6570,63，64,腐草得雨，生意自成。
巳集,6571,39，40,桃花流水透天台，得个渔翁指路来。
巳集,6572,27，28,茫茫风尘路，红拂敬知音。
巳集,6573,,身作白云客，子当拜圣君。
巳集,6574,,父故于水年方合。
巳集,6575,23,名登金榜，身宴琼林。
巳集,6576,57，58,浮云卷尽日生阴，转眼云开月复明。
巳集,6577,,财帛有余，勤俭此得。
巳集,6578,43，44,菽粟有余，财广地僻。
巳集,6579,49，50,房考之年。
巳集,6580,72,夫别阳关去，亦是难为情。
巳集,6581,,数有八子，得以送老。
巳集,6582,,金水之年，同学方合。
巳集,6583,34,破财不安，流年不利。
巳集,6584,,勤俭创业，财帛自足。
巳集,6585,45，46,不费精神事也成，运来相奏喜相连。
巳集,6586,,真入之道，济世之才。
巳集,6587,,喜逢黄道日，禀膳姓名香。
巳集,6588,45，46,千金定从俭里得，裕后儿孙福自绵。
巳集,6589,34,时来相通，人转笑容。
巳集,6590,42,运有伤残，刑及妻房。
巳集,6591,,能刚能柔，万事之乐。
巳集,6592,,母逝于鸡年方合。
巳集,6593,61，62,幕年为政，渐入佳景。
巳集,6594,,先禀后贡，前生注定。
巳集,6595,41，42,极力经营虚，顺时是良图。
巳集,6596,58,乡科及第。
巳集,6597,,一子兔年生方合。
巳集,6598,25，26,天喜地德，家门吉庆。
巳集,6599,,复任知县。
巳集,6600,65，66,水流花落，多少忧愁。
巳集,6601,35，36,乐极反忧，云行水流。
巳集,6602,,数有九子，八子送老。
巳集,6603,,当有四母之称。
巳集,6604,21,前途沉吟天心来，必合人心中途事。
巳集,6605,,兄弟十二人，数有二贵。
巳集,6606,21，22,福白天来，不自人为。
巳集,6607,43，44,春秋依旧，日月如常。
巳集,6608,50,鼓盆之悲，知命之年。
巳集,6609,,兄弟八人，秦楚不同盟。
巳集,6610,29，30,祸患接踵来，幸有吉人扶。
巳集,6611,53，54,平常百姓人家。
巳集,6612,,初任有司，再升钦取。
巳集,6613,,若问阳生何日止，一程直至六旬余。
巳集,6614,71，72,风卷灯花暗又明，摇摇不定影纵横。
巳集,6615,55,晚年生子，人之大幸。
巳集,6616,23，24,为招为运有不济。
巳集,6617,73,谢却人间事，常纳祯祥福。
巳集,6618,51，52,安步前驱，一必问路。
巳集,6619,,命有千金数，享得终生。
巳集,6620,26,贵时出嫁，命中注定。
巳集,6621,35，36,柳上不舒眉，度日强支持。
巳集,6622,2,天折数中定，黄金买不还。
巳集,6623,43，44,和丸有义方，当作贵人母。
巳集,6624,,水火之年克妻方合。
巳集,6625,42,居易以俟，行险以求。
巳集,6626,,命中杀重，当刑克夫。
巳集,6627,25，26,日行中天，何期罗计掩其光。
巳集,6628,,数中不幸，兄弟死于非命。
巳集,6629,19，20,新竹苍苍嫩柳丛，庭前茫茫物正蒙。
巳集,6630,44,雪压椿枝，三年泣血。
巳集,6631,15，16,妄意空花，难以入手。
巳集,6632,59，60,岁月亭碧天，冰壶之灿烂。
巳集,6633,67，68,大风拔树木，灾害并至此。
巳集,6634,,以监而选知县，数由前定。
巳集,6635,31，32,灾毒相侵，吉神化解。
巳集,6636,63,其年夫死，妇之不幸。
巳集,6637,77，78,知已所托可息肩，不用心神问往年。
巳集,6638,,兄弟五人，数有三贵。
巳集,6639,45，46,兔中巢中夜有光，主人不必问行藏
巳集,6640,,财帛有余，勤俭所得。
巳集,6641,103,问君阳年有几许，百有余矣。
巳集,6642,,以贡而先知县，数由前定。
巳集,6643,31,子结二枝。
巳集,6644,37，38,花开遍锦丛，无物不从容。
巳集,6645,,子结七枝，三枝送老。
巳集,6646,36,寿数今朝不可延，幽魂恐坠入黄泉。
巳集,6647,,雁阵成行，非一母所生。
巳集,6648,80,晚年生子。
巳集,6649,,为人夜眠早，勤俭兴家。
巳集,6650,,斯人庶母所生。
巳集,6651,,命生不辰，幼年失恃。
巳集,6652,59，60,舟楫波涛涌，人在危险行。
巳集,6653,29，30,好事多逢君子道，是非莫听小人言。
巳集,6654,57，58,拨开天上云千里，捧出波心月一轮。
巳集,6655,51，52,缭乱鬓发无心理，沉吟朱户懒重开。
巳集,6656,,一生几成败，幸亏筋骨铮。
巳集,6657,,父死骨肉相争。
巳集,6658,55,命已去矣，何用再查。
巳集,6659,13,好花未开，连遭风雨。
巳集,6660,43，44,清净无为时，胜似神仙日。
巳集,6661,25，26,前途波浪未恬静，吩咐舟人慢着篙。
巳集,6662,29，30,雨足溪涧象，青山绿水行。
巳集,6663,61，62,眉头欢笑颜，禄马相扶福自来。
巳集,6664,55，56,花前月下听高歌，平坦康宁安意多。
巳集,6665,101,阳年有几许，一百多有余。
巳集,6666,59，60,耳顺之年事不安，忧怀未可对人言。
巳集,6667,21，22,叶新林换绿，花落地生香。
巳集,6668,41，42,一步高来一步低，高低之处在忧疑。
巳集,6669,11，12,骨肉相辞恨无凭，幼年洒泪漫沾衣。
巳集,6670,,财星照命，聚成巨富。
巳集,6671,51，52,子死妻亡实可伤，临门二孝断肝肠。
巳集,6672,61，62,乍雨乍晴云里月，半开半落雨中花。
巳集,6673,10,十岁母亡，幼年之象。
巳集,6674,61，62,时逢恩星，当贡之期。
巳集,6675,29,恐尔之寿，未满三旬。
巳集,6676,45,鹊噪鸦鸣，吉凶未定。
巳集,6677,,兄弟十二人，数中有定。
巳集,6678,15，16,雨滴花阶，风毁蕊房。
巳集,6679,14,途有荆棘，进退难行。
巳集,6680,65,忧惊成病总堪悲，独行迟迟不见归。
巳集,6681,39，40,大利岁宁，春光可人。
巳集,6682,41，42,历尽崎岖径，多少虚耗人。
巳集,6683,49，50,瞻前顾后，索位无咎。
巳集,6684,,兄弟五人，数有一贵。
巳集,6685,59，60,犬生两口，孝服之忧。
巳集,6686,33,时来君宜守，何必徒劳心。
巳集,6687,,官至府门，不见高擢。
巳集,6688,43，44,十件谋略九件成，人逢好运便前行。
巳集,6689,28,生子之年。
巳集,6690,50,名登九州，四海传颂。
巳集,6691,35，36,牡丹开得精神足，会见同妆富贵春。
巳集,6692,71，72,前有罗后有网，行人进步有彷徨。
巳集,6693,31，32,大道烟笼，行人徘徊。
巳集,6694,,求鱼过清水，未能快人怀。
巳集,6695,29，30,衣食有余过岁月，看来暇豫乐晨昏。
巳集,6696,69,数该生子。
巳集,6697,65,项庄舞剑，意在沛公。
巳集,6698,51，52,安分求谋不用贪，动则悔尤静则安。
巳集,6699,29，30,钦命典试。
巳集,6700,,陈弦换当年，旧曲不如新。
巳集,6701,,春风入我户，百事俱叶吉。
巳集,6702,,生有结乳腊，世家手艺有高低。
巳集,6703,31，32,春夏秋冬财源广，不西南北路皆通
巳集,6704,5，6,寒热无定，喜惧同庆。
巳集,6705,77，78,宝镜前妆，晓日紫云上绣香。
巳集,6706,55，56,风卷禅灯暗又明，一明一暗心皆通。
巳集,6707,64,夫别阳关去，千愁泪万行。
巳集,6708,40,数该生子。
巳集,6709,56,年逢七八，恐度鬼门关。
巳集,6710,61,花残月缺，寿穷数尽。
巳集,6711,53，54,颠沛转为安，赖有吉神佑。
巳集,6712,73，74,人亦安然，何必问往年。
巳集,6713,,再任知县，数由前定。
巳集,6714,53，54,吉凶本在天遵道，人行自无咎。
巳集,6715,,三旬外入泮方合。
巳集,6716,53，54,无无有有不须闻，闷闷愁愁自在天。
巳集,6717,59，60,小盈大亏，得不如失。
巳集,6718,,妻生二子，妾自无儿。
巳集,6719,51，52,财从勤生，利从广积。
巳集,6720,46,数该生子。
巳集,6721,50,大限入黄泉。
巳集,6722,57，58,瑞气洋洋，门阑迪吉。
巳集,6723,,寿元百有余岁。
巳集,6724,61，62,常纳祯祥，永吉无疆。
巳集,6725,45，46,霜落风吹，花无芳色。
巳集,6726,55，56,丰盈得安然，不必问往年。
巳集,6727,47,乡科及第。
巳集,6728,65,夫死之年，妇之不幸。
巳集,6729,,勤俭持家，衣禄无亏。
巳集,6730,,巳年蛇走文场，泮池芹草生香。
巳集,6731,59，60,强梁纵强粱，安稳自安然。
巳集,6732,26,贞足于事，自保其宁。
巳集,6733,,刑克为期，忧及克妻。
巳集,6734,,数有七子，得以送老。
巳集,6735,48,当宴膺扬。
巳集,6736,55，56,无定今有定，前作当捷径。
巳集,6737,50,钦命典试。
巳集,6738,45，46,行尽泥泞多少难，将来安步渡关山。
巳集,6739,,数止于此矣。
巳集,6740,55，56,千里崎岖千里平，行人跋涉慢消停。
巳集,6741,49，50,吉星相照，流年顺利。
巳集,6742,51,山高水深，到此难行。
巳集,6743,13,春回阳谷暖，万物自生辉。
巳集,6744,,命有八子，三子送老。
巳集,6745,71，72,福禄天降，财源日新。
巳集,6746,19，20,花正开时风雨多，冷落凄凉多挫折。
巳集,6747,33，34,得逢知己好相求，宽裕营谋不用忧。
巳集,6748,15，16,初阳出林表，曙色照堂前。
巳集,6749,,先无慈母缝针线，惟有严亲在后归。
巳集,6750,19,洞房花烛之年。
巳集,6751,15，16,得之有心，失之无意。
巳集,6752,69,老年丧妇，夫之不幸。
巳集,6753,45，46,退才归林，安然乐意。
巳集,6754,45，46,齿德俱尊，必入乡饮。
巳集,6755,,升迁知县，贵人提携。
巳集,6756,41，42,一子送老，偏房所生。
巳集,6757,40,紫微高照，官至迁升。
巳集,6758,,骨肉有刑伤，秋风泪两行。
巳集,6759,41,君家注定四旬零，数到黄泉恐不回。
巳集,6760,13，14,暖侣初一日，前来景色新。
巳集,6761,,结婚自有梁鸿遇，双锁佳人到白头。
巳集,6762,47,断弦之忧。
巳集,6763,,三岁丧母，莫大刑伤。
巳集,6764,29,未满三旬，不幸短命。
巳集,6765,29，30,吐气扬眉，纵横如意。
巳集,6766,33，34,勿以风光比旧年，风光不与旧年同。
巳集,6767,27，28,朱颜温润，绿鬓更新。
巳集,6768,31,此年有乔迁之喜。
巳集,6769,,红贡而选知县，人之大幸。
巳集,6770,47,劳心劳力，总成画饼。
巳集,6771,43，44,有子当及第。
巳集,6772,57,不须问后来，已是浑天数。
巳集,6773,,兄弟七人，同父不同母。
巳集,6774,47,光阴普照，失常可叹。
巳集,6775,,兄弟七人，中断惜离群。
巳集,6776,23，24,快乐无极，毫无费力。
巳集,6777,,风卷花暗又明媚，摇摆无定影纵横。
巳集,6778,,数有四子，得以送老。
巳集,6779,53，54,财帛随人，勃然兴发。
巳集,6780,66,黄泉无客店，今夜宿谁家。
巳集,6781,23，24,大运分明就转来，因人事有研究。
巳集,6782,,一子龙年生方合。
巳集,6783,,未满四旬，竟往西行。
巳集,6784,,一重欢喜一重惊，道是无情却有情。
巳集,6785,35，36,吉星高照，喜事重来。
巳集,6786,45，46,三阳方来，气运相转。
巳集,6787,61，62,祗园实树，晚景生春。
巳集,6788,35，36,荣华乐意，福禄悠然。
巳集,6789,17,骨肉有刑伤，西风泪两行。
巳集,6790,58,花甲欠二春，大数止矣。
巳集,6791,,初任巡抚大厅。
巳集,6792,48,今日清明整钓丝，得鱼沾江西歹怡。
巳集,6793,,东手弥缝，西手颠倒。
巳集,6794,,防御之职，数由前定。
巳集,6795,37,家室康宁，事纳祯祥。
巳集,6796,,风卷灯花暗又明，飘摇无定影纵横。
巳集,6797,27,敬以造事，克享厥成。
巳集,6798,,五十年来事未消，如何我寿寂寥寥。
巳集,6799,51，52,碎不多时却又圆，几番挫折在身边。
巳集,6800,35，36,时运未来，进退不如。
巳集,6801,2,啾唧不免愁。
巳集,6802,47,勿嫌祸有胎，穷通命所该。
巳集,6803,,六岁丧母，幼年不幸。
巳集,6804,51，52,硕果不食君子得，小人剥庐尚有汤。
巳集,6805,27，28,持竿东海已数年，一旦无心得巨鳌。
巳集,6806,57，58,惆怅复惆怅，时运未堪羡。
巳集,6807,65,一别万古愁，绿水青山空悠悠。
巳集,6808,33,兄弟术年生，方合此刻。
巳集,6809,,雁行有序，非一母所生。
巳集,6810,21，22,官不休来私不休，安常处顺福悠悠。
巳集,6811,,兄弟八人，同父不同母。
巳集,6812,39，40,时逢大有，内外安宁。
巳集,6813,15，16,时到中秋月朗圆，云生簇簇恨无凭。
巳集,6814,63，64,春残花老，景物忧愁。
巳集,6815,,生父属牛，继父属羊。
巳集,6816,27，28,道路泥泞，行人彷徨。
巳集,6817,,六岁丧父，幼年不幸。
巳集,6818,11，12,芳草遇春风，前村绿阴浓。
巳集,6819,,水土之年宜配妻方合。
巳集,6820,23，24,斐然成章，未遇朱衣。
巳集,6821,73，74,杨柳风前最可思，迷离烟雨锁杨枝。
巳集,6822,47,数该生子。
巳集,6823,43，44,当时有为，事乃克济。
巳集,6824,33，34,循分而动，动无不吉。
巳集,6825,,独子送终天注定。
巳集,6826,13，14,无喜无乐，名曰寂寞。
巳集,6827,13，14,本年吉星照，姓名列痒序。
巳集,6828,,数注命丧虎，狼狈死其身。
巳集,6829,61,日月并明，万物从容。
巳集,6830,25，26,软风吹小舟，安稳可无忧。
巳集,6831,,一字切忌日黄，可免则免。
巳集,6832,,一子举老，先天注定。
巳集,6833,27，28,流年有坎坷，人事可奈何。
巳集,6834,55,六九加一数将完。
巳集,6835,47，48,大小安康，福禄天降。
巳集,6836,100,年满一百，命恐不留。
巳集,6837,31，32,运限转时，眉头开展。
巳集,6838,,妻生二子，妾亦如之。
巳集,6839,19,不满二十，不幸短命。
巳集,6840,,逢子年必可发越。
巳集,6841,45,数止于此。
巳集,6842,31,富贵如金昨夜看，五色眩目守偏长。
巳集,6843,38,机会顺偶然，今年胜旧年。
巳集,6844,79，80,晓日五云高，华筵集仙桃。
巳集,6845,67,数该生子。
巳集,6846,32,际遇非常，春风到处香。
巳集,6847,,数有十子，六子送老。
巳集,6848,41，42,解放愁眉，春风绿柳。
巳集,6849,49,乡榜题名。
巳集,6850,19，20,频频遇吉祥，流年之庆。
巳集,6851,25，26,谋之有功，日日春风。
巳集,6852,,命犯孤刑。
巳集,6853,20,风雨花冷落，欲渡清溪船。
巳集,6854,52,驳杂无端眉，交蹙未开颜。
巳集,6855,,操守有节，行藏不苟。
巳集,6856,,本身出家，原来数定。
巳集,6857,31,喜气上眉，太平乐事。
巳集,6858,,兄弟六人，数有三贵。
巳集,6859,,人生坎坷，谨慎为是。
巳集,6860,55，56,和气纳祯祥，遐龄庆有常。
巳集,6861,,人到中年运亨通。
巳集,6862,57，58,喜气盈盈，家室和平。
巳集,6863,68,暮景多忧，心不安然。
巳集,6864,18,木凋奈若何，涕洒泪彷徨。
巳集,6865,59,花甲欠一春，此君归期去。
巳集,6866,13，14,高山又一重，融和景色浓。
巳集,6867,31，32,文昌照命，数诀入泮。
巳集,6868,69，70,古稀之年，官非耗财。
巳集,6869,29，30,房考之年。
巳集,6870,45，46,福曜正照，粲然光耀。
巳集,6871,73，74,享平安之福，绝门外之嚣。
巳集,6872,59，60,动静有常，好景相送。
巳集,6873,,兄弟十人，乐奏几般音。
巳集,6874,21,生子克子，好坏同庆。
巳集,6875,51,几阵香风生绣户，一轮明月照闺门。
巳集,6876,43，44,寻师访友，无往不利。
巳集,6877,60,甲子一周必寿数。
巳集,6878,51,子登黄甲。
巳集,6879,25，26,太平官职，眼前奏捷。
巳集,6880,,逢运之年方进步。
巳集,6881,51,春风阳气，景物自如。
巳集,6882,48,日转南楼夜未光，子规啼处断肝肠。
巳集,6883,35，36,若远若近，依稀行程。
巳集,6884,,学得一技好手艺，从无人敢问前行。
巳集,6885,17，18,云开见太阳，行人乐无疆。
巳集,6886,51，52,时乎顺时乎，逆主灾晦遇。
巳集,6887,,克子生子，喜惧同庆。
巳集,6888,29，30,房考之年。
巳集,6889,45，46,东君一夜转阳和，惟报今年喜气多。
巳集,6890,23，24,炉中伏火，黄金消瘦。
巳集,6891,29，30,演武及第。
巳集,6892,27，28,韶光得失，人事往来。
巳集,6893,63,乡科及第。
巳集,6894,63，64,一个青龙共白虎，数声鹊噪与鸦鸣。
巳集,6895,49，50,穷睇盼于中天，极游于暇日。
巳集,6896,,金年克妻，火年再娶方合。
巳集,6897,,癫疯之疾，前生恶报。
巳集,6898,28,不足于心，事多拂意。
巳集,6899,20,少年克妻，闷之如何。
巳集,6900,61,数尽归西日，花甲加一春。
巳集,6901,73，74,悠然无事饶生趣。
巳集,6902,59，60,暮诵朝歌，太平之曲。
巳集,6903,62,叹君寿上，花甲有二春。
巳集,6904,36,流年不利，多困多滞。
巳集,6905,,时逢底绩，家门赫奕。
巳集,6906,,命带文昌，夫登金榜。
巳集,6907,8,啾唧不免，灵童之戏。
巳集,6908,41，42,辛勤日夜费精神，转发如今物色新。
巳集,6909,,注定参真入道，水土年方合
巳集,6910,25，26,春风鼓舞，意相从舒。
巳集,6911,,祖业淡薄，数内先注。
巳集,6912,,腐艇休从沧海过，颠车莫向大街行。
巳集,6913,68,数该生子。
巳集,6914,,四子送老，三子挺秀。
巳集,6915,9，10,九岁十岁路坦夷，春日迟乐意。
巳集,6916,39，40,忧闷既觉为安乐，梦忆昏昏今始明。
巳集,6917,,坐钓渭溪，财官着手。
巳集,6918,25,际遇际亨，事多就绪。
巳集,6919,47,贵人提携，事乃克济。
巳集,6920,25,数该生子。
巳集,6921,60,悠然无事，饶有生趣。
巳集,6922,15，16,梅花吐秀，万卉争妍。
巳集,6923,,数中注定，职受异子。
巳集,6924,71，72,事乖从意外，破财不安然。
巳集,6925,11，12,花蕊初红，不怕风雨。
巳集,6926,,兄弟十人，同父各母。
巳集,6927,59，60,惆怅复惆怅，年来运未来。
巳集,6928,48,命有刑伤，妇之不幸。
巳集,6929,,兄弟五人，同父各母。
巳集,6930,50,虽然子来晚，亦可作家珍。
巳集,6931,,画饼难充饥，行人不相宜。
巳集,6932,21，22,征马板桥霜露冷，行人巫峡波浪涛。
巳集,6933,,连宵风雨阻行人，今日晴明趁早行。
巳集,6934,,若问寿元事，六旬有二是归期。
巳集,6935,21，22,遇良医大痛不死。
巳集,6936,23，24,吉曜相照，人物和畅。
巳集,6937,,姐妹同胎，相貌同近。
巳集,6938,25，26,才展丝纶，羽扇纶巾。
巳集,6939,,否极泰来，万象更新。
巳集,6940,,命带血迹关，祈祷自安然。
巳集,6941,,流年不利，当有灾晦。
巳集,6942,53,一去不能返，幽魂入黄泉。
巳集,6943,,三岁啾唧，不安宁兮。
巳集,6944,23，24,谋事顺利，谋之有益。
巳集,6945,31,啭哒之职，必有变迁。
巳集,6946,,有妻当活离，缘薄不相宜。
巳集,6947,45，46,无端百舌闹枝头，恨报东风人在楼。
巳集,6948,70,年寿七十而止。
巳集,6949,51，52,房考之年。
巳集,6950,50,乡科及第。
巳集,6951,,数该生子。
巳集,6952,13，14,运转时来，图谋有益。
巳集,6953,57，58,父死之年，三年泣血。
巳集,6954,55，56,青矜有分，得失无常。
巳集,6955,40,喜吉之象，天道还转。
巳集,6956,41，42,歌舞楼中声寂寂，今朝别去旧龙亭。
巳集,6957,64,职授学校，荣任之誉。
巳集,6958,,数有徒弟，得以送老。
巳集,6959,,堂上自有老慈亲。
巳集,6960,44,福来人共庆，咸道好春光。
巳集,6961,,官至执事。
巳集,6962,21，22,朦朦胧胧，安胞之中。
巳集,6963,,数止矣。
巳集,6964,21，22,小宋应占，二子何得。
巳集,6965,21，22,物情得宜，春风桃李。
巳集,6966,62,天上玉书照，地下失英雄。
巳集,6967,40,有利无害，其人吉祥。
巳集,6968,68,老年生于，数有所致。
巳集,6969,,官至御史，荣归画堂。
巳集,6970,54,知心可托堪息肩，不必忧闷问往年。
巳集,6971,,数止矣。
巳集,6972,,解甲归田，文君当炉。
巳集,6973,57,数该生子。
巳集,6974,23，24,快乐无求，顺利图谋。
巳集,6975,31,吉亨之象，喜庆重来。
巳集,6976,,帝中一王侯，犀象军宣谋。
巳集,6977,77，78,劲节苍松，历霜不改。
巳集,6978,,造化颛蒙起，设帐训生徒。
巳集,6979,61,寿止矣。
巳集,6980,53,瑞气融和，景象非前。
巳集,6981,,甲子入户，春风重来。
巳集,6982,13，14,人间五个字，断送少年人。
巳集,6983,57，58,闭户静坐，避凶始宜。
巳集,6984,55，56,数该生子。
巳集,6985,,祖业难守，离祖兴家。
巳集,6986,63，64,南柯一梦。
巳集,6987,,温温恭人德，仁厚丈夫心。
巳集,6988,33,无边红紫，大地阳春。
巳集,6989,38,否泰相逢，大往小来。
巳集,6990,,已司空中色，方知色是空。
巳集,6991,61,南柯一梦，此年丧命。
巳集,6992,35,吉星照闺门，动止皆有则。
巳集,6993,,择贤无方，出身偏房。
巳集,6994,51,大数宜天命，加一是归期。
巳集,6995,37，38,柔能克刚，斟酌而行便有功。
巳集,6996,43，44,贵人相逢，事事有益。
巳集,6997,27，28,野酒香花处处香，风流常醉乐村庄。
巳集,6998,,受太上老君之诀，斩阴间邪鬼之魂。
巳集,6999,,性急作事是非多，倚赖高人奈若何。
巳集,7000,,命如文君，再嫁也美。
午集,7001,,羡君雁塔题名早，应在朝中作栋梁。
午集,7002,59，60,利见大人，赐我荣福。
午集,7003,,振祖宗箕裘，启后人厚业。
午集,7004,,上林花发千家锦，妆阁梅开万户香。
午集,7005,,为人心急性坚刚，威风凛凛志昂昂。
午集,7006,21，22,只说子春规啼过，谁知还在隔林柄。
午集,7007,,棠棣双双三五树，七枝七叶共树根。
午集,7008,,结发未完偕老愿，命中惟带一孤神。
午集,7009,,命带魁罡，兰房花谢。
午集,7010,75，76,坐山莫要频回顾，忽见南山有白云。
午集,7011,29，30,少年宜努力，老来徒悲伤。
午集,7012,15，16,浓阴之象，未悉晴明。
午集,7013,,其人寿穷数尽。
午集,7014,,前运不贫不贱，一生衣禄无忧。
午集,7015,51,腹蕴万卷书，足步青云时。
午集,7016,54,一石打通名利塞，剑光直射斗牛墟。
午集,7017,,土木之年进庠，金火之年恩贡。
午集,7018,,数有九子，得以送老。
午集,7019,45,囊中有物宜收拾，暗有群邪合伴谋。
午集,7020,23，24,花色不鲜因雨久，月华来现阴云多。
午集,7021,21,生子之年。
午集,7022,,老椿先被风吹折，暗自凄凉实悲伤。
午集,7023,,金鳞不是池中物，一遇风云便化龙。
午集,7024,,为人疏财重义，舍短从长为善。
午集,7025,,孔怀缘分少，孤雁往南飞。
午集,7026,36,一曰祯再曰拜。
午集,7027,59，60,晦气消除人事安，平安清吉福如常。
午集,7028,,钓而不网当仲尼。
午集,7029,,数有十子，送老为奇。
午集,7030,,问名虚难成，问利实有益。
午集,7031,,半帘风卷杨花舞，温饱晚年乐有余。
午集,7032,,万里乾坤双行李，百年世上只单衣。
午集,7033,,偷去三十六，减少兴家机。
午集,7034,81,涧边老松，偏耐风雨。
午集,7035,,一名真造化，名列国学中。
午集,7036,29，30,日行中天，阳回宇宙。
午集,7037,31，32,任谋密用宜潜藏，逆理非为恐见伤。
午集,7038,25，26,谋之克谐，纵横之徒无阻碍。
午集,7039,,结克未完偕老愿，夫妻再配得齐眉。
午集,7040,,金榜题名，方合此刻。
午集,7041,,阴阳照命，恩自九重。
午集,7042,,姊妹六人，方合此刻。
午集,7043,41，42,福星照耀，菱花绝尘。
午集,7044,,数有九子，得以送老。
午集,7045,,文星场畔有化龙，身着蓝袍入泮宫。
午集,7046,27，28,板桂蟾宫远，探珠出海波。
午集,7047,,祖宗厚业，受用终身。
午集,7048,,身居禅院地，亦得沐皇恩。
午集,7049,,兄弟四人，同象不同声。
午集,7050,,弦断再续，两度姻缘。
午集,7051,45，46,吉星相照，家室安宁。
午集,7052,,杜甫胸流三峡水，功名只许一青衿。
午集,7053,35,虑善而动，动无不臧。
午集,7054,47，48,飞符照命，闺中恐有是非来。
午集,7055,,入赘成婚，数由前定。
午集,7056,,大征出旅威赫赫，清光入阵志扬扬。
午集,7057,,为人舌直，肝胆安然。
午集,7058,16,阳气方升，飞龙在天。
午集,7059,16,阳春回谷，万物生辉。
午集,7060,,不图月殿扳丹桂，只效萧曹更名扬。
午集,7061,,休嗟荣辱生平事，老景安闲逸与高。
午集,7062,44,咸亨利贞，坤人吉庆。
午集,7063,,一生无大患，到底处安然。
午集,7064,,兄弟四人，中断离群。
午集,7065,,聪明果让人，早岁淹沉恨无恁。
午集,7066,51，52,石润苍松鼓晨钟，清风明月乐融融。
午集,7067,,操持未久鬓先斑，一点雄心尚未闹。
午集,7068,,阵列旌旗显，名威虎豹门。
午集,7069,40,斯时称孤子，方当不幸。
午集,7070,,布地金棠满，安享福无疆。
午集,7071,46,麟趾呈祥，天下文明。
午集,7072,13，14,福自天来，不由人造。
午集,7073,59，60,天地交泰上下志，同盛德业禄无穷。
午集,7074,47，48,千里之才，终朝知遇。
午集,7075,63,一年二顺，老来之荣。
午集,7076,45，46,至哉坤元，幽人贞吉。
午集,7077,21，22,如龙至渊，直上九霄。
午集,7078,59，60,似流之至，都自安然。
午集,7079,,莫以有女嫌数，中原无子息。
午集,7080,61,登科未迟，人随天意。
午集,7081,,亲生之子皆成梦，式谷之儿送我终。
午集,7082,25,红鸾相照。
午集,7083,,有分功名宜泮水，时来足下便生光。
午集,7084,27，28,时未至兮君宜守，发财发福自有期。
午集,7085,18,仙桃且图颜色鲜，嫩柳如今已发芽。
午集,7086,57，58,千里片帆轻，浪平波不惊。
午集,7087,81,九九且穷岁，金马招缠各有时。
午集,7088,50,韬谋超管乐，演艺胜孙吴。
午集,7089,37,暗室潜修，福照点头。
午集,7090,,逢猴之年方进步。
午集,7091,71，72,桑榆暮景荣，松柏耐岁寒。
午集,7092,41，42,堆金积玉，享福过入。
午集,7093,,宝镜生尘暗实多，欲要光明再重磨。
午集,7094,,襁褓呱呱已丧亲，泣血亲临承重恩。
午集,7095,63，64,解组谁逼，安度晚年。
午集,7096,31，32,见龙在田，利见大人。
午集,7097,,一子送老，挺秀之儿。
午集,7098,,篱菊舒独元亮光，江莼忽起季思情。
午集,7099,33，34,上苑花开向午艳，色逾鲜枝发叶荣。
午集,7100,25，26,云淡风轻，景物澄清。
午集,7101,,清清品格乐襟怀。
午集,7102,,借问一生身外事，遇丑之年是归期。
午集,7103,,此刻生人，死于金水之年方合。
午集,7104,,云山高耸，孤雁高飞。
午集,7105,35，36,温道鱼竿丝纶弱，钓得金鲸已上钩。
午集,7106,,有王佐之才，无管氏之望。
午集,7107,,有治世功名之望，无科甲两榜之荣。
午集,7108,33，34,步履无愆，先忧后喜。
午集,7109,47,灼灼宫花多喜喜，辉辉意气色扬扬。
午集,7110,47，48,德厚业广，运到平康。
午集,7111,35，36,漫道西湖好，人有路崎岖。
午集,7112,,壬子之科，乡试中式。
午集,7113,,厚礼福神之年着，若无若有其所欲。
午集,7114,,忧而不忧，堪笑盈亏。
午集,7115,24,金年克妻，水年再娶。
午集,7116,49，50,严霜坚冰，太阳一出便熏人。
午集,7117,53,勤俭持家衣禄足，晚年跨灶有儿郎。
午集,7118,46,人间欲避风波险，一日内波十二时。
午集,7119,36,顺利福相随，祸灾永不侵。
午集,7120,,金门听玉漏，新日皎冰壶。
午集,7121,55,蒙雨连夜落，先压一枝萱。
午集,7122,,聘妻未识妻，其妻先死之。
午集,7123,,兄弟四人，数有一贵。
午集,7124,47,生子之年。
午集,7125,80,寿元八旬足矣。
午集,7126,17,福寿安然，有为克济。
午集,7127,27，28,无意之得，先难后易。
午集,7128,37，38,皆因风雨多冷落，欲渡清溪欠便船。
午集,7129,,正妻不结子，副妻有两儿。
午集,7130,,美德持家，旺夫益子。
午集,7131,,乙酉之年，三场捷报。
午集,7132,48,名登黄甲。
午集,7133,25，26,花开正遇春三月，只遇犴风夜雨飘。
午集,7134,31,破财不利，大耗人命。
午集,7135,,三子送终，先天注定。
午集,7136,57，58,如入深山平，地涌出黄金。
午集,7137,,问名三旬年，垂手可得时。
午集,7138,,子来四旬外，得之始实果。
午集,7139,,三子送老，一子挺秀。
午集,7140,,命犯孤福，男子不齐。
午集,7141,40,至今赌不省，耗去许多金，
午集,7142,53，54,一乐之福，晚年足欲。
午集,7143,60,明月半窗虚，清风一枕凉。
午集,7144,23,春风满面，啾唧一空。
午集,7145,23,春风浩荡沾福厚，财禄于今亦自丰。
午集,7146,,正室无子，副室一儿。
午集,7147,41，42,英雄际会，时有可为。
午集,7148,16,数该生子。
午集,7149,71,今朝装束离尘去，一声长叹归白云。
午集,7150,,徒弟六人，得以送老。
午集,7151,,姊妹二人，同父不同母。
午集,7152,35，36,上山多费力，有树可板枝。
午集,7153,80,笑煞从前总是空，今朝别去又何如。
午集,7154,,本年火年，破财方合。
午集,7155,47，48,此时兴发，失少得多。
午集,7156,53,乡试中选。
午集,7157,34,进五退四，只得其一。
午集,7158,,金木之上，破财方合。
午集,7159,32，33,所亲者正人，所取者仁义。
午集,7160,45，46,好为他人，做嫁衣裳。
午集,7161,,注定坤人无姊妹，闺中独秀称大奇。
午集,7162,,轻投人爵修天爵，远寄青云伴白云。
午集,7163,23,一日晴明一日阴，阴晴无定好忧心。
午集,7164,,由孔孟而入孙吴，名成其身。
午集,7165,,命受两妻火命土命。
午集,7166,47,母赴瑶池，三年泣血。
午集,7167,,姊妹六人，前有数定。
午集,7168,,不幸二亲欠俱寿，自成自立苦伶仃。
午集,7169,,不堪耗散妇人手，区区有口不能言。
午集,7170,46,大数已定。
午集,7171,39，40,雨水初收日淡红，梅花香里逐春风。
午集,7172,35,命悬东壁上，西风落叶满天愁。
午集,7173,,终身数定荣枯事，梅花雪缀可知春。
午集,7174,29，30,知进知退，居安虑危。
午集,7175,,三雁同飞各一方。
午集,7176,32,将军逢桥断险路。
午集,7177,,借问一生身外事，遇鼠之年是归期。
午集,7178,32,严亲归西，人子向怙。
午集,7179,,数定无生子，单生一女傲成家。
午集,7180,51，52,松柏秀茂，仪表超群。
午集,7181,24,洞庭月色转西厢，箫声惜凤凰。
午集,7182,8,幼年失怙，莫大刑伤。
午集,7183,31，32,雪遍琼瑶白满楼，台高十丈主丧服。
午集,7184,,身有高人轻借力，一生衣禄永无忧。
午集,7185,26,鸳鸯飞水面，花落又花开。
午集,7186,31,急水孤舟，片时又遇打头风。
午集,7187,43,安静且无咎，恩求福有灾。
午集,7188,41,会试中式。
午集,7189,,官到学院，荣归画堂。
午集,7190,33，34,无忧目下事难济，借力轻轻运转时。
午集,7191,19，20,将星照命，弓马入泮。
午集,7192,,身出偏房，嫡庶有分。
午集,7193,,飘飘风吹玉器浓，一双鸿雁岭南来。
午集,7194,,易曰数止，岂不惜哉。
午集,7195,27，28,身入泮池。
午集,7196,47，48,一番思度一番忧，事欲忧时便可忧。
午集,7197,69，70,老来致仕归山隐，一片舟孤逐水流。
午集,7198,25,生子之年。
午集,7199,21,优游无事日，得福自多时。
午集,7200,40,四十年来还转红，贵人指引倍亨通。
午集,7201,,文就武挟，策入泮宫。
午集,7202,25,好花开得锦丛丛，天气人和乐意浓。
午集,7203,,大数已定，不用再查。
午集,7204,,辛苦之妇，何当命薄。
午集,7205,,子多且贵，乐莫大焉。
午集,7206,29,春深桃李，到处成蹊。
午集,7207,33，34,钦命典试。
午集,7208,61，62,美菊满园虽雅媚，松筠独翠晚来香。
午集,7209,55，56,同年踪迹落风尘，一旦辞归作故人。
午集,7210,65,一往奔西，行不复返。
午集,7211,,平生立志在四方，走遍江山千万里。
午集,7212,,太白状元任作为，一生快乐杏花村。
午集,7213,50,事业经纬，既济苍生。
午集,7214,29,少年不遇明花景，壮岁欣逢大有年。
午集,7215,,姻缘非一姓，佳人重又重。
午集,7216,30,幼年丧父方合。
午集,7217,,二子送老，先天定数。
午集,7218,,父死故于水年，母生年属金方合。
午集,7219,,操持未久鬓先斑，一点雄心尚未闲。
午集,7220,13，14,如日初红，正盛之象。
午集,7221,,卜君阳年，许以古稀。
午集,7222,,满园架蔷薇，花开十姊妹。
午集,7223,,自古立门高且大，倍增光处羡儿孙。
午集,7224,59，60,色丽黄金，腰横金璧。
午集,7225,,善庆有余，福德流芳。
午集,7226,,命带财星逢二德，一生福禄永绵绵。
午集,7227,,头面不周全，前生已注定。
午集,7228,55，56,泪流粉面，破滞残妆。
午集,7229,,命带刑伤，四旬之外得子。
午集,7230,,有意无意，自首吟哦。
午集,7231,49，50,日坐书斋静，身心两自闲。
午集,7232,39，40,时逢暖日景和平，人物光华地杰灵。
午集,7233,65，66,祯祥自有，福禄无边。
午集,7234,,紫荆开五朵，田氏后庭花。
午集,7235,22,事事亨通，太平大吉。
午集,7236,33，34,闺中祯祥，纳福有余。
午集,7237,35，36,君子当思吉，爻辞利见刚。
午集,7238,,此刻注定贵妇人，水年入泮木年式。
午集,7239,57，58,如天相照画堂新，阳和宇宙尽沽恩。
午集,7240,,命有将星，叶文就武。
午集,7241,,少年运叶如阳空，中运平平老景隆。
午集,7242,22,无母何恃，欲养难存。
午集,7243,,姊妹七人，数由前定。
午集,7244,64,子规啼落数头月，一梦南柯嗟不成。
午集,7245,62,哀哉哀哉，萱草尘埃。
午集,7246,,未知妻命，先当受克。
午集,7247,45,行藏顺遂，万物皆新。
午集,7248,,数有九子，四子送老。
午集,7249,51,命主刑伤，五旬之外得子。
午集,7250,51,春深桃李，到处成蹊。
午集,7251,,问名无成，问利有益。
午集,7252,39，40,自然无不利，不顺也成功。
午集,7253,,两朵名花，一双姊妹。
午集,7254,28,疏食饮水贫而乐，失水蛟龙志未伸。
午集,7255,53,海润断桥，杨柳遮烟时未到。
午集,7256,,若问阳年有几许，尔生之年是归期。
午集,7257,,倘行阴功，寿延一纪。
午集,7258,,能克己不能屈己，能饶人不能让人。
午集,7259,59，60,幸观乐利之荣，永享太平之福。
午集,7260,,姊妹一人，掌上明珠。
午集,7261,,命中主刑伤，六旬外得子。
午集,7262,42,蕙茨帐生寒，须防蒺藜咎。
午集,7263,31,早岁已知多险病，福星相照得长年。
午集,7264,,阴阳已分，须可以行。
午集,7265,,勤俭成家，毫厘不失。
午集,7266,36,花堂萱草谢，杜鹃啼血泣。
午集,7267,,持己磊磊落落，行藏不疾不徐。
午集,7268,,姊妹二人，一人不存。
午集,7269,24,五彩绳牵月老话，京兆画眉许张郎。
午集,7270,,离祖成家，怡然自乐。
午集,7271,49，50,粟布有余，大称心怀。
午集,7272,,创业难，守业更难。
午集,7273,35，36,陶令喜栽彭泽菊，严陵思钓富春鱼。
午集,7274,,波涛历卷三千里，福禄绵绵骨肉残。
午集,7275,23，24,钦命典武。
午集,7276,34,行恶运一落千丈。
午集,7277,35,惟愿月明花正好，谁知风急夜生寒。
午集,7278,,虽然子来晚，亦可作家珍。
午集,7279,32,人遇时来光彩现，花逢春到色更新。
午集,7280,,一生劳禄为他人，不禄无亏身不宁。
午集,7281,36,风卷荷叶碎又圆，圆碎总是风定缘。
午集,7282,,乙卯之年，名登金榜。
午集,7283,45,江中风转好行舟，拿稳征帆远远游。
午集,7284,35，36,三春花柳，风雨之中。
午集,7285,32,皎月复圆，圆之复缺。
午集,7286,65，66,梅花雪后，已自超群。
午集,7287,25，26,赖有根基，得庇初年。
午集,7288,49，50,大江滚滚，涉履安然。
午集,7289,25，26,佛在西天，清闲悟禅。
午集,7290,15,树小枝高，根浅摇折。
午集,7291,25，26,守静宜恬退，轻狂惹是非。
午集,7292,67,大数已定。
午集,7293,59,扁舟一叶鸿毛小，寄语舟人把舵穿。
午集,7294,28,山野晓烟清气回，桃林终日且和平。
午集,7295,56,金阙书名多得意，食琼餐素福无双。
午集,7296,35,风生浪平，遂息休心。
午集,7297,36，37,梅剪杏秀，阳春回来。
午集,7298,,丙午之年，三场捷报。
午集,7299,,姊妹二人，姻缘配合。
午集,7300,75,一朝春尽红颜老，花落人亡两不知。
午集,7301,,渊明解印归山隐，诗酒黄花达性情。
午集,7302,37，38,恍恍惚惚，不但人嗔且有鬼。
午集,7303,63，64,年来岁未定，时兴又时低。
午集,7304,43，44,能扫江汉，功积维新。
午集,7305,45,年逢五九，忧及椿庭。
午集,7306,32,花开满院无枝叶，独发新芽春来到。
午集,7307,,不须操武略，名利在西方。
午集,7308,20,任君唱咏且高歌，闺中和奏乐如何。
午集,7309,41,小舟巨载被风浪，虽不颠覆也惊慌。
午集,7310,,四雁分行，吴楚历淅。
午集,7311,,虽然子息迟，迟之子息奇。
午集,7312,53,河边杨柳暮生烟，一段愁思梦相回。
午集,7313,55，56,元亨利贞吉，西方喜气生。
午集,7314,,虽有手足全，即如陌路人。
午集,7315,,全凭阴阳成终始，竹畔松阴结生子。
午集,7316,41，42,披麻无情，门庭闹乱。
午集,7317,25,洛阳春色，景物宜人。
午集,7318,,江外青山利可求，前程进步在他舟。
午集,7319,,武举选守府，人生之大幸。
午集,7320,27,三九之年遇贵人，相赖提携显荣归。
午集,7321,,宝镜重磨，光景非旧。
午集,7322,45，46,帘前鸦鹊噪，报喜又报凶。
午集,7323,31，32,雪压关山总末收，狂风吹断白云头。
午集,7324,36,官至游府，逐美意如。
午集,7325,35,人游花谷中，应接还不暇。
午集,7326,,兄弟二人，秦楚不同盟。
午集,7327,75,晚年生子，人之大幸。
午集,7328,,池水蛟龙身暂屈，埋头藏尾混鲸鳞。
午集,7329,63,老来得娇儿，黄天佑我子。
午集,7330,49,名登黄甲。
午集,7331,39，40,气息奄奄，徒劳度日。
午集,7332,,不为天下奇，定作人间女丈夫。
午集,7333,61，62,上天福佑，喜庆相逢。
午集,7334,36,桃源天色暖，和风丽日映千秋。
午集,7335,75，76,峨眉巍峨，身隐无返。
午集,7336,64,亢龙生晦吝，吉凶悔亡命。
午集,7337,24,椿庭一病成回首，笑夸语稀梦里逢。
午集,7338,,妻配羊命，方能偕老。
午集,7339,54,六九之年晚运奇，不惟有寿福相依。
午集,7340,24,三八之年大运通，从此立业事兴隆。
午集,7341,,数定原来少欠儿，幸有娇侄膝下娱。
午集,7342,70,人逢古稀君未足，向由少八是归期。
午集,7343,,守着几亩田，安了一生身。
午集,7344,19，20,闺中弱女恨凄凄；风雨淋漓草色萎。
午集,7345,33，34,病符相照，势如黄叶迎寒风。
午集,7346,,姊妹八人，数有前定。
午集,7347,63，64,幽闲岁月，足称多福。
午集,7348,49，50,点灯照路，来往无疑。
午集,7349,,翰墨流芳满胸才，不遇孙吴实可哀。
午集,7350,,麟儿生下，天报喜人。
午集,7351,29，30,清明天气霭，雨过倍精神。
午集,7352,,春云西北起，玉雁岭南来。
午集,7353,,庚子之年，三场捷报。
午集,7354,,喜怒不形，物我无知。
午集,7355,17，18,当宴鹰扬。
午集,7356,59，60,金菊流芳，兰蕙生香。
午集,7357,65，66,进步晦生多不足，危前失后有春风。
午集,7358,,姊妹九人，数由前定。
午集,7359,63，64,轻抛人爵修天爵，远山青云伴白云。
午集,7360,66,数止于此。
午集,7361,61，62,薏苡被谤，可以思退竟无忧。
午集,7362,61，62,自牖看天心，咫尺天涯近。
午集,7363,70,点灯于当风，几灭其焰火。
午集,7364,19，20,武试中选。
午集,7365,41,一登平稳地，从此少风波。
午集,7366,25，26,勿登春来至，行见春梅花。
午集,7367,15，16,花卉满园红，人游乐无穷。
午集,7368,,姊妹八人，先损其一。
午集,7369,45，46,冲天大鹏纵鱼跃，一息千里回旋高。
午集,7370,45,降福除灾，喜至庆来。
午集,7371,,演武及第。
午集,7372,,家业浩大，何怕蚤破耗。
午集,7373,,兄弟四人，数有一贵。
午集,7374,33，34,前程桃李漫成蹊，红红臼白斗芳菲。
午集,7375,31，32,一朵灯花报喜来，进前无复有徘徊。
午集,7376,,父先故于木年，母生年属水方合。
午集,7377,46,忧之复喜，先难后易。
午集,7378,45,中年而亡，先天定数。
午集,7379,63,生子之年。
午集,7380,22,武试中式。
午集,7381,27，28,柳媚花明，赏心乐事。
午集,7382,56，57,芝兰挺秀，还喜松筠映玉堂。
午集,7383,23，24,当宴鹰扬。
午集,7384,,喜得后园桃李茂，玉堂金马可成当。
午集,7385,29，30,披麻无情，门庭闹乱。
午集,7386,13,子规不隐声，啼出好伤心。
午集,7387,,行藏不傲不骄，动上半文半武。
午集,7388,25，26,雪浪沾入寒，金鱼入手难。
午集,7389,25，26,好花锦色丛，天意晴和人意浓。
午集,7390,,财如春水源源进，福似朝花朵朵鲜。
午集,7391,25，26,武科中进。
午集,7392,45，46,发强刚毅，内助气轩。
午集,7393,28,欢娱正好嫌夜短，泪洒西风解佩环。
午集,7394,33，34,前荆后棘，移步不得。
午集,7395,63，64,情效王羲之，懒系皇家汉。
午集,7396,13，14,树植根基深，不怕风当头。
午集,7397,37，38,半夜风云卷，五更云散明。
午集,7398,65，66,知君老至精神壮，家业重兴子子昌。
午集,7399,,官至参将，不能高擢。
午集,7400,,戊子之年，不能捷报。
午集,7401,,兄弟三人，方合此数。
午集,7402,42,炊臼梦可伤，千里泪万行。
午集,7403,,命与伯道同，无子非定数。
午集,7404,,木火之年，进场方合。
午集,7405,,官至把总，必有变幻。
午集,7406,,若知石中真有玉，下知造化识露机。
午集,7407,35，36,其时月黑猿声切，微雨沾衣泪暗流。
午集,7408,49，50,庞物敷施人物阜，人间齐口涌升平。
午集,7409,13，14,红日上三竿，阴翳皆消灭。
午集,7410,,安如磐石，福禄屡增。
午集,7411,35，36,摇摇不定风敲竹，寂寂无声雨打花。
午集,7412,44,杨花扑面，三年泣血。
午集,7413,,数有四子，得以送老。
午集,7414,27,时花和暖，福禄相从。
午集,7415,32,太阳照耀，人物光华。
午集,7416,29，30,君子有先见，徒劳无往还。
午集,7417,66,数该生子。
午集,7418,,佳子珠翠盈满箱，只为他家富贵场。
午集,7419,27，28,名登武科。
午集,7420,,兄弟二人，我居幼。
午集,7421,,一字当记曰赌。
午集,7422,59，60,火星照命，官职高升。
午集,7423,69，70,惆怅已多，劫神相催。
午集,7424,,行藏迥出人间事，卓然不肯居人后。
午集,7425,25,名园种松竹，节操自盘根。
午集,7426,,姻缘早配名门子，红叶传书朵朵香。
午集,7427,23，24,未能长驱，车脱其辐。
午集,7428,,刑伤于早年，发福于中运。
午集,7429,23,罗符照命，晚度相生。
午集,7430,,削发作尼僧，前生善果因。
午集,7431,35，36,宇宙蒙晦，江山无色。
午集,7432,34,勿多言勿多语，休管人间是与非。
午集,7433,43，44,好运恰逢期，福禄处处同。
午集,7434,65，66,昏昏黑黑，鬼魅现形。
午集,7435,26,老椿忽作游仙客，难免三年泣血悲。
午集,7436,,命有五子，得以送老。
午集,7437,,膝下少斑烂，子嗣当式杀。
午集,7438,64,数逢大缺，子规啼落楼头月。
午集,7439,54,六九之年运己亨，财禄之利更相隆。
午集,7440,,不足之心，难以自慰。
午集,7441,29，30,保登武场。
午集,7442,19，20,秋月初出林，江山气象新。
午集,7443,57，58,财帛积丰，暮景兴隆。
午集,7444,,不文不武不鲜妍，到老生涯自在天。
午集,7445,45，46,三策献于皇庭，沾九重之雨露。
午集,7446,,云暗月明，花开雨晴。
午集,7447,25，26,朝攻暮课，诸吉悉至。
午集,7448,23，24,高楼要在前村过，走过前村又一村。
午集,7449,11，12,渡过危桥，百虑始消。
午集,7450,31,病入膏肓，屡医难治。
午集,7451,44,劳心泰早福来迟，巧中还是拙还非。
午集,7452,,严慈受诰敕之荣，注定母先赴九京
午集,7453,21，22,月下琼花香可笑，日高梅影叶还疏。
午集,7454,56,晓月寒烟迷作径，悲风带点征帆。
午集,7455,,去淫即可延寿。
午集,7456,11，12,红莲初小水，春色草怕霜。
午集,7457,25,为出四肢病，防生得血声。
午集,7458,57,亲近贵人，百事皆宜。
午集,7459,57，58,有人相欺，囊中有失。
午集,7460,,二老膺诰敕之荣，注定父先母后故。
午集,7461,,未计登科甲，有人让出头。
午集,7462,,千金富贵实，七百数荣身。
午集,7463,,借问一生身外事，遇犬之年是归期。
午集,7464,43,往问前村路，还从暗里行。
午集,7465,43，44,红粉绫纬纱，喜事何足任。
午集,7466,61,雪满荒郊外，忧心切切时
午集,7467,17，18,枝头初蕊红芽放，识得春风景色佳
午集,7468,70,南极祥光照我身，到此古稀临。
午集,7469,56,数该生子。
午集,7470,59，60,院月寒烟迷行径，临风带雪点征帆，
午集,7471,66,数该生子。
午集,7472,,别于庶人，实系兵家
午集,7473,19，20,龙蛇潜伏时行路，喜气初临造化新。
午集,7474,54,否极终成泰，蹇后运不通。
午集,7475,5,我有五岁未成童，不幸慈母入幽踪
午集,7476,48,劳心又劳力，持担未有人。
午集,7477,,深山有木，工师欲求。
午集,7478,13，14,少年行欢乐，根基敕前人。
午集,7479,23，24,萤火不烧墙上草，利刀难杀镜中人。
午集,7480,,考试无常，得失有命。
午集,7481,33，34,黍稷盈仓，金玉满堂。
午集,7482,59,寒气将回还先报喜，雪余欢笑赏红梅。
午集,7483,69，70,年已古稀，竭力朝廷。
午集,7484,,其人事业，传于不朽。
午集,7485,,谋为顺遂般般合，作事亨通着着高。
午集,7486,39，40,解组林下，心逸日休。
午集,7487,65，66,鹏飞霄汉云程远，腰金衣紫近星台。
午集,7488,,为人耿介作事公，心高志更高。
午集,7489,51,瑞气谒金炉，神仙造化扶。
午集,7490,31，32,科场得意，必中科举。
午集,7491,31,椿树已颓风木恨，难免三年泣血悲。
午集,7492,,造化天然为女命，夫荣子秀福绵绵。
午集,7493,,历尽江湖苦，买田置业丰。
午集,7494,,洞触阴阳元化成，天地奇功玄妙中。
午集,7495,,根基敦厚，可以守成。
午集,7496,,铁笔一枝写人间，金钱三个预乾坤。
午集,7497,23，24,房考之年。
午集,7498,39,科甲及第。
午集,7499,24,三八之年遇贵人，相助提携福转荫。
午集,7500,,父命属蛇，方合此刻。
午集,7501,,兄弟八人，方合此刻。
午集,7502,,多有助天德，善主频繁民。
午集,7503,47，48,芳名远播，恩泽之荣。
午集,7504,31，32,一笑马前人事好，几多风雨在鱼矶。
午集,7505,,厦门庭增彩，置田地生荣。
午集,7506,41，42,九死一生，吉神护佑。
午集,7507,43，44,一点阳春送信来，前程堪进勿徘徊。
午集,7508,38,方知和弦乐，岂期竟鼓盆。
午集,7509,,妻配猴命，方能白首。
午集,7510,,眉头不挂烦恼，心境自然安舒
午集,7511,89，90,年已九旬，不必问往年。
午集,7512,,土木偶为伴，焚香好诵经。
午集,7513,35,数该丧严亲，难留在画堂。
午集,7514,51，52,好运正兴，玉出荆山色更明。
午集,7515,28,数该生子。
午集,7516,51,科甲及第。
午集,7517,25，26,身入泮林。
午集,7518,21,履道坦坦，幽人贞吉
午集,7519,,虽然未远青云志，可羡人间一富翁。
午集,7520,35，36,武场捷报。
午集,7521,,巧言令色，成人之美。
午集,7522,,谢却人间事，常纳祯祥福。
午集,7523,23,柳媚花明，赏心乐事。
午集,7524,79，80,松柏亭亭上，鸾凤婆乐少。
午集,7525,53，54,镜破合圆，虽圆不美。
午集,7526,33，34,武场捷报。
午集,7527,42,冲天志不得，惟田又惟桑。
午集,7528,,项庄舞剑，意在沛公。
午集,7529,,工师作室，历不成居。
午集,7530,86,为着别故人，空作百年计。
午集,7531,,庚午之年，乡科及第。
午集,7532,27，28,燕子又飞花正长，园林吐锦百花香
午集,7533,,风流逸客少年光，更多对酒野花香。
午集,7534,52,惊恐成病，马陷泥沙。
午集,7535,25,五色绳牵月老话，画眉京兆许张郎。
午集,7536,9,数未满旬，主丧严亲。
午集,7537,15，16,仰托余庆，少年风光。
午集,7538,,数中十二子，四子送老。
午集,7539,,姊妹四人，同父不同母。
午集,7540,,和风生细雨，泮水耀青毡。
午集,7541,,兄弟二人，方合此刻。
午集,7542,46,路途有崎岖，幸得渔人引。
午集,7543,61,乡试独步。
午集,7544,15，16,灾消祸除，喜事频至。
午集,7545,,生子之年。
午集,7546,,荣登上品，学敌万人。
午集,7547,45，46,步步挣挫，坎坷厉过。
午集,7548,,家道雍和，内助之力。
午集,7549,54,六九之年运已通，贵人指引福自红。
午集,7550,,辛酉之年，乡科中选。
午集,7551,47，48,惟安惟静，平安之庆。
午集,7552,27,严亲弃世日，人子泣血时。
午集,7553,,笔下倒流三峡水，胸中惟富五车书。
午集,7554,,兄弟六人，数有一贵。
午集,7555,,国学驰名日，鸿列耀青毡。
午集,7556,37，38,花发上林，锦绣炫目。
午集,7557,,杏林春日暖，冠带自天来。
午集,7558,51,时逢春色，十分佳景。
午集,7559,41,钦命典试。
午集,7560,37，38,当宴鹰扬。
午集,7561,95，96,口不进禄，空余紫骨。
午集,7562,,若问平生名利事，标名光耀国学中。
午集,7563,57，58,天边问明月，几岁缺不圆。
午集,7564,,凌空忘世味，洪恩一命来。
午集,7565,36,鸳鸯两分飞，独立溪边影自孤。
午集,7566,,若问平生事，上苑花开别样红。
午集,7567,35,不幸父亡，三年泣血。
午集,7568,35，36,恰似风前柳，犹如雨打萍。
午集,7569,47，48,众盛且弱，即富且康。
午集,7570,39，40,武试中式。
午集,7571,,谋事在人，成事在天。
午集,7572,,一腔热血涌，挥金满面春。
午集,7573,27，28,秦楚不和，兴兵结怨。
午集,7574,81,遐龄暮景宁，无风烛之忧。
午集,7575,,运至高催官爵显，荣封腰系又生香。
午集,7576,,徒弟四人，得以送老。
午集,7577,55，56,鹿鸣之宴，又兆熊罴。
午集,7578,31，32,父死之年，昊天罔极。
午集,7579,41,武场得意，必中科举。
午集,7580,,千里片帆轻，浪平波不惊。
午集,7581,,数有一子，得以送老。
午集,7582,,雅志寄于腊梅花，雪气清爽淡胸中。
午集,7583,23,红鸾相照。
午集,7584,27，28,风传刻漏星河落，月上梧桐雨露清。
午集,7585,33,生子之年。
午集,7586,47,千里月华明，寒鸣栖复惊。
午集,7587,25，26,明珠未出海，涵养天真且自宽。
午集,7588,,湘江烟雨波涛阔，玉雁高飞任来去。
午集,7589,72,梨花院落三更月，杜鹃啼散五更风。
午集,7590,70,枯木发新枝，天增人寿命。
午集,7591,,经史向市廪，欣然乐于世。
午集,7592,,相夫而高大门庭，拮据而克享其子。
午集,7593,25，26,名进宫墙，弓马入泮。
午集,7594,39,椿枝一折，泣血三年。
午集,7595,,御街献策三千丈，金榜题名独占先。
午集,7596,,一乡为故老，冠带幸留恩。
午集,7597,35，36,吉星高照，人事凑合。
午集,7598,,兄弟五人.数有一贵。
午集,7599,,仁慈通玄，身列道全。
午集,7600,,数有一子，送老难齐。
午集,7601,43，44,武场中式。
午集,7602,43,轻风能便借，喜笑见前程。
午集,7603,,女儿鸾风真奇才，旺夫益子发大家。
午集,7604,37，38,泮水芹香今朝采。
午集,7605,45，46,万花丛中，应接不暇。
午集,7606,,敏颖入泮宫，威略展孙昊。
午集,7607,3738,几年奔走名扬，今年方得安康。
午集,7608,,数定前乾真出奇，总无一子结枝头。
午集,7609,49，50,日落西山人影灭。
午集,7610,49,思父不见，泣血三年。
午集,7611,43，44,不得其志，渊明东归。
午集,7612,43,老椿已折，三年泣血。
午集,7613,,武场中式。
午集,7614,37，38,功名落少成，出家觅黄金。
午集,7615,45，46,朝赛夕餐，美在其中。
午集,7616,,生平仁德清，文章及身功。
午集,7617,37，38,招得水火之子方合。
午集,7618,,韶光明媚，物色更新。
午集,7619,49，50,解组林下，身日逸休。
午集,7620,49,衣沾芹泮露，袖惹御烟浮。
午集,7621,45，46,安常处顺，得意倍常。
午集,7622,,胸中难藏宿，口直心宜直。
午集,7623,,姊妹四人，姻缘各配。
午集,7624,,早起夜卧宁，休息育神功。
午集,7625,,初运有成有败，老来乃炽乃昌。
午集,7626,,妻财致富，人之大幸。
午集,7627,61，62,桃红柳绿，大称心怀。
午集,7628,63,天有不测风云，人有旦夕祸福。
午集,7629,55，56,武场入泮。
午集,7630,53,椿树枯矣，三年之悲。
午集,7631,,无心而得，无心而失。
午集,7632,51,三场捷报，乡科及第。
午集,7633,9,数未满旬，何亡之速。
午集,7634,,识字能文，女中才子。
午集,7635,,通先圣妙理，定人间休咎。
午集,7636,,田连阡陌，家业兴隆。
午集,7637,,劳碌心闲事不闲，三分火性逐心偏。
午集,7638,,数有八子，得以送老。
午集,7639,29，30,早起夜卧宁，休息育神功。
午集,7640,77,数止浮云去。
午集,7641,,木年父命终。
午集,7642,25，26,正好倚楼观夜月，谁知西面起乌云。
午集,7643,33,雪压椿枝，三年泣血。
午集,7644,,火木年出家方合。
午集,7645,87，88,高枕北窗下，自有大吉人。
午集,7646,47，48,投网捕鱼，兔则接之。
午集,7647,21，22,朦朦又胧胧，山色有无中。
午集,7648,33，34,名进贤关，文章入泮。
午集,7649,,武举任千总，数由前定。
午集,7650,45，46,粟帛盈仓，有实无虚。
午集,7651,,衣禄不关心，克享菩提福。
午集,7652,,佳人七姓副室多。
午集,7653,,出身荣华之地，命当诗礼之家。
午集,7654,39，40,喜事相临，流年之庆。
午集,7655,42,雪压椿枝，三年泣血。
午集,7656,,兄弟恰恰，又入泮宫。
午集,7657,33，34,黄叶于秋林，鲋鱼子涸辙。
午集,7658,,将队之中有个名，先天注定一兵丁。
午集,7659,,兄弟三人方合。
午集,7660,55，56,是年登科。
午集,7661,,猴年文昌照命，青衿不换布衣。
午集,7662,43，44,蹉跎时不利，欲进且难前。
午集,7663,,赋性纯和，行遵矩度。
午集,7664,23，24,一枕和风初，佳人报花开。
午集,7665,15，16,园林春花，千红万紫。
午集,7666,,全凭阴陟生慈念，自有麟儿入梦来。
午集,7667,18，19,前棘后棘，红紫光辉。
午集,7668,29，30,春光明媚，红绿并新。
午集,7669,29，30,助良人之才，纳闺中之福。
午集,7670,37，38,红鸾交白虎，吉里又藏凶。
午集,7671,,火年伤妻，土年再娶方合。
午集,7672,38,雪压椿枝，三年泣血。
午集,7673,67，68,蹉跎已数年，一朝复还原。
午集,7674,,姻缘长短皆前定，月缺花残数不饶。
午集,7675,51,福德吉星临，门庭喜气多。
午集,7676,1,十一丧严亲，幼年大不幸。
午集,7677,43，44,轻抛人爵修天爵，还望青云伴白云。
午集,7678,60,岁亨通甲子，遗下一双儿。
午集,7679,,命带文昌，夫登科甲。
午集,7680,,一字须忌之曰刑。
午集,7681,27，28,谢却人间事，常纳祯祥福。
午集,7682,51，52,拥厚实似无，无求人多乐。
午集,7683,22,堪羡运转有为时。
午集,7684,,注定贵妇人，夫入泮池中。
午集,7685,21，22,不当进步且盘桓，得意之中欠欢乐。
午集,7686,44,琴无且意，皆因弦断。
午集,7687,,琢磨成功，皆成大器。
午集,7688,,琴棋从我好，诗酒任君行。
午集,7689,,文昌照命，青衣换布衣。
午集,7690,33，34,天哭催人，有伤骨肉。
午集,7691,,作事常存三尺法，见人浑是一团春。
午集,7692,,欲成夫子兴家业，信是人间女丈夫。
午集,7693,13，14,梅花初发，引得福来。
午集,7694,67，68,饱食暖衣，无求之乐。
午集,7695,60,乡科及第。
午集,7696,35,是年弦断。
午集,7697,,生财有道存忠厚，克己无私体至公。
午集,7698,55,扬眉吐气是斯年。
午集,7699,,命有四子，得以送老。
午集,7700,56,韶光明媚物色新。
午集,7701,,命中少福，兴家要俭。
午集,7702,25，26,一番春雨露，杨柳正芳菲。
午集,7703,,夫荣子秀乐锦宫，财禄定无穷。
午集,7704,59，60,逢好运把精神展，遇敌方知正始雄。
午集,7705,49，50,此年游泮，中年得志。
午集,7706,58，59,财多情薄，只寡合少。
午集,7707,45，46,荆棘当前，进退两难。
午集,7708,,祖父之业不守，子孙之基有玷。
午集,7709,,北方之运西方地，自是清闲胜显名。
午集,7710,,十载夫妻情未满，良人早已入黄泉。
午集,7711,49，50,豺狼当道，举步纠缠。
午集,7712,41，42,有名无实，乖运亦乖。
午集,7713,,天喜相照，一胎生二子。
午集,7714,17，18,扫开万里云，现出一天星。
午集,7715,48,披麻相照，忧及椿庭。
午集,7716,76,落花满空山，秋风解佩环。
午集,7717,,命有六子，得以送老。
午集,7718,,惟爱风流是意多，花开酌酒或吟哦。
午集,7719,53，54,夫荣子旺常增辉。
午集,7720,,姊妹二人，融融洽洽。
午集,7721,46,当宴鹰场。
午集,7722,59，60,蓉菊满园虽雅丽，松筠独翠晚来香。
午集,7723,,财源交接中年发，家业兴隆气象新。
午集,7724,45，46,陶令喜栽彭泽菊，严于思钓富春鱼。
午集,7725,19，20,恍惚每多，意外之忧。
午集,7726,54,六九之年晚运通，贵人提挈得兴隆。
午集,7727,,祖业更添新，门庭反胜旧。
午集,7728,,此刻爱妻多金命，土命并火衣禄长。
午集,7729,35，36,一朵梨花白玉开，丧门照命有忧来。
午集,7730,,一胎二胞，一男一女。
午集,7731,39，40,老椿先作游仙客，泣血沾衣泪涟涟。
午集,7732,39,忽梦钦臼，忧难消除。
午集,7733,63，64,老年当壮，优于仕途。
午集,7734,,姊妹二人，同父不同母。
午集,7735,31，32,重山之外问黄金，始历艰辛后有成。
午集,7736,17,未得成人，其人亡矣。
午集,7737,77,镜破钗分，花残月缺。
午集,7738,59，60,正是丰年人快乐，不妨红日系绳长。
午集,7739,24,三八年来运已通，成家立业自兴隆。
午集,7740,,离家之人真不孝，犹有爱妾心。
午集,7741,,火年父命先终。
午集,7742,51,椿树有年，狂风吹折。
午集,7743,,兄弟五人，方合此刻。
午集,7744,29，30,才逢坦道又遇雨，正好行舟又遇风。
午集,7745,23，24,门外坦途，无往不利。
午集,7746,,羡君有酒沉沉醉，喜君无钱不觉贫。
午集,7747,45,分织女工无他了，内室安闲纳福多。
午集,7748,19,椿树吹折，三年泣血。
午集,7749,,戊午之年，乡科及第。
午集,7750,69，70,昏昏黑黑，鬼魅现形。
午集,7751,33，34,履虎之尾，不见其凶。
午集,7752,27,风木有余恨，难免泣血悲。
午集,7753,28,生子之年。
午集,7754,10,童年甫一句，父死泪沾襟。
午集,7755,49,数该生子。
午集,7756,13，14,嫩柳抽丝，晚烟浓露。
午集,7757,,雪里高山尽白头，树中仙果几千秋。
午集,7758,63,登科及第。
午集,7759,41，42,房考之年。
午集,7760,,良人丧后，子结二枝。
午集,7761,,翁姑俱丧，妇之不幸。
午集,7762,21，22,一阳初动候黄钟，得合天心困始通。
午集,7763,29,断弦之忧，此年难免。
午集,7764,,只身一人，方合此刻。
午集,7765,,借问一生身外事，遇猪之年是归期。
午集,7766,43，44,仕途变幻，官讼交加。
午集,7767,43，44,兴兵结怨，吴越交争。
午集,7768,17,五彩绳牵月老话，京兆画眉许张郎。
午集,7769,8,八岁丧父方合。
午集,7770,99,百岁欠一春，含笑入黄泉。
午集,7771,21，22,梅萼枝枝秀，春信到画堂。
午集,7772,25，26,猛虎出松林，吼啸风自生。
午集,7773,,多有助夫之德，又招富贵贤郎。
午集,7774,43，44,马头带剑，掌握兵权。
午集,7775,43,老椿吹折，三年泣血。
午集,7776,25，26,钦命典试。
午集,7777,47，48,篱竹独舒元亮兴，江莼忽起季鹰情。
午集,7778,,到处交情容易投，清风车马贵人留。
午集,7779,39，40,雨地有人耕野绿，月明无犬吠花阴。
午集,7780,53，54,元亨利贞，室人之庚。
午集,7781,39,喜遇青龙现，安然不须忧。
午集,7782,27，28,命照武英，弓马入泮。
午集,7783,17，18,三月艳阳天，游人乐少年。
午集,7784,21,含哺虽有喜，进退且待时。
午集,7785,40,不惑之时孝服临，堂上栋梁倾。
午集,7786,,勤俭为生理，兴家发达时。
午集,7787,25,事不见机，运到阻滞。
午集,7788,,秋云登桂籍，青衣换紫袍。
午集,7789,,兄弟六人方合。
午集,7790,49，50,不得其志，渊明东归。
午集,7791,,三徒金年收，四徒水年收。
午集,7792,45,道路荆棘塞，遑遑莫问津。
午集,7793,49,事事只宜坚守牢，妾行取用反为凶
午集,7794,13，14,灼灼桃天，日暖花娇。
午集,7795,37，38,日暖风和，芳草含意。
午集,7796,,兄弟六人，数有二贵。
午集,7797,,徒弟三人，得以送老。
午集,7798,,数有偏枯，二子不肖。
午集,7799,41,钦命典试。
午集,7800,57,和气叶祯祥，闺中庆有常。
午集,7801,,花落有意，流水无情。
午集,7802,37，38,哀哀泣血，正有刑伤。
午集,7803,,易田畴树艺，五谷风快乐。
午集,7804,,手艺不分贵贱，只求发达兴隆。
午集,7805,,胸中藏列锦云章，身居国学姓名扬。
午集,7806,41，42,鹊噪南楼，频频报喜。
午集,7807,,蛟龙入海，风云际会。
午集,7808,52,春光开遍，万绿千红。
午集,7809,,文昌照命，定入泮水生香。
午集,7810,45，46,产亲数已尽，难在画堂留。
午集,7811,47，48,清风明月里，事得福自多。
午集,7812,87，88,暮景安闲，天赐洪庥。
午集,7813,55，56,南国风烈，吹折椿枝。
午集,7814,,出将入相，比美宫中。
午集,7815,33，34,风雨初收，中天日现。
午集,7816,,官至游府，以乐终身。
午集,7817,50,生子之年。
午集,7818,42,气运方顺，将来发达。
午集,7819,53，54,万顷波涛千点乱，一天星斗夏秋间。
午集,7820,,一生衣禄足，运到花丛锦上添。
午集,7821,,兄弟四人，方合此刻。
午集,7822,38,红莲荷绿水，摇动引鱼龙。
午集,7823,97，98,天地常存，年华久合。
午集,7824,,长安虽乐，宜归故梓。
午集,7825,54,芙蓉在秋江，不耐风雨霜。
午集,7826,,官至游府，以乐终身。
午集,7827,19，20,不假余力，根基自植。
午集,7828,29，30,处处花开我亲栽，开时又遇狂风吹。
午集,7829,27，28,姻缘还匹配，鸾凤自相交。
午集,7830,52,桃红柳绿，人多乐意。
午集,7831,,贞静幽闲德，女阁内助人。
午集,7832,33，34,先甲三日吉，后甲三日昌。
午集,7833,,福星照耀，官职高升。
午集,7834,30,风吹绿柳最难持，三思而行免祸危。
午集,7835,15，16,阴气盘桓步履错，得交和气日朝阳。
午集,7836,,不用五经应试，只凭三箭显名。
午集,7837,19，20,细雨活新花，闺门乐意浓。
午集,7838,23，24,武试中式，得占高魁。
午集,7839,36,四九之年已亨通，图谋顺利事隆隆。
午集,7840,52,神人之乐日悠悠。
午集,7841,35,此刻财运，渐佳安泰。
午集,7842,39，40,融融日色丽，抵掌庆有年。
午集,7843,,幽闲妇女正清奇，旺夫益子发大家。
午集,7844,,借问平生何处事，邀游京国在他乡。
午集,7845,,福星当益壮，蛟龙已出渊。
午集,7846,,子有双枝，玉人复亡。
午集,7847,17，18,尘掩菱花，月中多滞。
午集,7848,11，12,红日东升，阴气消除。
午集,7849,59,天赐南山寿，人享福平安。
午集,7850,18,五彩绳牵月老话，京兆画眉许张郎。
午集,7851,,己卯之年，乡科及第。
午集,7852,15，16,闺中弱女都生悉，可怜花被雨中羞。
午集,7853,37,水流花落，惆怅堪悲。
午集,7854,,银带出身金带止，青山盼望白云倾。
午集,7855,47，48,终身弥陀苦修行，苍天佑我消得愁。
午集,7856,,父命终于上年方合。
午集,7857,62,乡科及第。
午集,7858,25，26,久思洞房快乐。
午集,7859,13，14,少年安乐得庇荫。
午集,7860,21,梅花开施早，好不恨春迟。
午集,7861,53，54,鱼游临渊，踊跃自如。
午集,7862,25，26,轻舟遇顺风，欣笑急流中。
午集,7863,,兄弟七人，数有一贵。
午集,7864,46,椿枝风吹折，难免泣血悲。
午集,7865,33,春光暖日，复饶物色。
午集,7866,66,水尽山穷命不坚，渺渺茫茫别有天。
午集,7867,47，48,寻师访友，忽遇知音。
午集,7868,57，58,虎怒噬人，见之有悲。
午集,7869,93，94,临风回首，揽辔三叹。
午集,7870,29,得人轻借力，便是运通时。
午集,7871,89，90,脱却尘埃，悠然物外。
午集,7872,51,点灯相照，往来大道。
午集,7873,,姊妹五人方合。
午集,7874,55,可恨姻缘不到头，一旬之外断弦扰。
午集,7875,,初任都司之职。
午集,7876,49，50,赖有吉神位，闺中福祯祥。
午集,7877,,所谋有韬略，暴虎凭河辈。
午集,7878,35，36,红叶喜相引，气和日暖时。
午集,7879,,大限凶星当压死。
午集,7880,75，76,日暖风和丽，禅室添好景。
午集,7881,40,陆路高低弗点灯，月明如昼亦难行。
午集,7882,,命有贵子，前生注定。
午集,7883,11，12,满同名花，映人耳目。
午集,7884,27，28,虑深方有喜，云散月光辉。
午集,7885,27，28,春光暖日，复饶物色。
午集,7886,51，52,轻风能便借，功业见掀天。
午集,7887,67,人生七十古来稀，今日少三是归期。
午集,7888,50,时逢暖景，人物光华。
午集,7889,,锦衣之职，数有注定。
午集,7890,40,宜室宜家，幽人贞吉。
午集,7891,54,六九年运谋，财禄两相宜。
午集,7892,41,丧门相照，忧及严亲。
午集,7893,26,五彩绳牵月老话，京兆画眉许张郎。
午集,7894,,姊妹五人，同父不同母。
午集,7895,,心高性刚直，甘苦皆经历。
午集,7896,,官至总府，以乐终身。
午集,7897,47,财禄自丰。
午集,7898,59，60,安然顺利。
午集,7899,43，44,钦命典试。
午集,7900,,送老二子，花开别树。
午集,7901,37，38,吉凶相逐，慎之慎之。
午集,7902,,徒弟四人，得以送老。
午集,7903,43，44,恩星相照，任升司徒。
午集,7904,80,波平风静，稳度无忧。
午集,7905,,姊妹十人，数有前定。
午集,7906,,妻室悬梁，数中注定。
午集,7907,,浅水蛟龙养头角，直待风云上九霄。
午集,7908,,子结三四枝，玉人弃世去。
午集,7909,51,大限已停命即倾，六亲有泪洒沾襟。
午集,7910,49，50,相照有丧门，衣裳白一番。
午集,7911,,怀抱安舒，际遇相安。
午集,7912,,若问好姻缘，全在吴与越。
午集,7913,47,不幸椿枝折，三年泣血悲。
午集,7914,63,朝霞映日，画堂佳气。
午集,7915,,兄弟七人方合。
午集,7916,53，54,轻抛人爵修天爵，远近青山伴白云
午集,7917,,春雷已有声，潜光从此振。
午集,7918,,妻娶五度，方能白首。
午集,7919,15,万卷诗书少读时，登云步月沐皇恩。
午集,7920,15,未得成人，主丧严亲。
午集,7921,,运筹帷幄，妙机惟精。
午集,7922,,李杜文章无意得，萧曹案牍足荣身。
午集,7923,23,椿枝风吹折，泣血三年悲。
午集,7924,63,老蚌生珠之喜，坐井观天之吉。
午集,7925,35，36,房考之年。
午集,7926,,名登国学地，身在碧云霄。
午集,7927,,此刻生人，身材消瘦。
午集,7928,,运到自从坤地发，百发各向午时开。
午集,7929,56,椿枝已折，三年泣血。
午集,7930,,琢磨之玉，价重连城。
午集,7931,,父命三妻，方合此刻。
午集,7932,35，36,鹊噪鸦鸣，吉凶自有。
午集,7933,53，54,得授金腰，举家沾福。
午集,7934,53，54,族子送老，数中定然。
午集,7935,,伶俐僧言，庸常之辈。
午集,7936,13，14,坐马未得鞍，徘徊不敢前。
午集,7937,23，24,命照武曲，弓马入泮。
午集,7938,,借问花开结子否，奈何吐气柳梢春。
午集,7939,63,琴瑟和鸣，良人先逝。
午集,7940,,命犯凶星，妻死烟炮中。
午集,7941,,精习杜康艺，立意醉刘伶。
午集,7942,23，24,碧草生春色，黄鹏报好音。
午集,7943,,玉人亡后，子结一枝。
午集,7944,47，48,牝马之贞，流年吉庆。
午集,7945,57，58,权星照命，官升司马。
午集,7946,53,椿树有年，被风吹折。
午集,7947,,兄妹二人，方合此刻。
午集,7948,,恺悌存心，端方律己。
午集,7949,,术精何难至，富以身荣光。
午集,7950,17，18,月中行现斗，光暗各分明。
午集,7951,59，60,勋勋鼎彝，封诰荣身。
午集,7952,,印中偏财，必作副室。
午集,7953,,偏逢堪谢箭，熟读六韬书。
午集,7954,21，22,喜入门庭，吉利相从。
午集,7955,44,一浪未平，一波又起。
午集,7956,39，40,黎民一点四方志，禄位高升便超群。
午集,7957,,睿智之人，事不可感。
午集,7958,,官拜总兵，至侯一等。
午集,7959,,勤俭守钱，毫厘不失。
午集,7960,,人死桃花树下。
午集,7961,47,琴瑟和鸣，一弦忽断。
午集,7962,55，56,驾鹤乘云去，飘然竟不回。
午集,7963,,姊妹十一人，数有前定。
午集,7964,23，24,利名当香，须以待之。
午集,7965,49，50,空门无窒碍，福德自相随。
午集,7966,,双飞鸿雁，出入门闾。
午集,7967,47,每恨庄子叹，于今我亦同。
午集,7968,43，44,房考之年。
午集,7969,55，56,不得其志，渊明东归。
午集,7970,51,椿树风吹折，三年泣血悲。
午集,7971,79，80,逢灾不成，遇难有救。
午集,7972,45，46,时来君展翅，人遂平生愿。
午集,7973,,兄弟四人方合。
午集,7974,50,运至时来，无往不利。
午集,7975,,小心奸佞。
午集,7976,37，38,眉头开畅，事得施为。
午集,7977,65,消无妾灾，纳祯祥福。
午集,7978,29,勿嫌春未至，幸见早桃开。
午集,7979,,姻缘非一姓，佳人重又重。
午集,7980,60,乡科得意，必中科举。
午集,7981,,兄弟九人方合。
午集,7982,27,三九之年运正好，贵人指引得相宜。
午集,7983,,数有五子，四子送老。
午集,7984,51，52,安闲岁月，无忧无虑乐春风。
午集,7985,"99,100",五福寿为先，明媚色更新。
午集,7986,31,母赴瑶池，三年泣血。
午集,7987,55,残花幸得逢春早，点缀桃花面目中。
午集,7988,,吉星应相照，唤醒三春梦。
午集,7989,31，32,德明心性格，定入凤凰池。
午集,7990,,箱囊金堆积，仓库有余粮。
午集,7991,37，38,日月照眉瑞，光明在目前。
午集,7992,,徒弟一人，得以送老。
午集,7993,,数载窗寒名不成，不如市尘利盈盈。
午集,7994,,兄弟五人方合。
午集,7995,63，64,福星相照，及时图利。
午集,7996,,为人天资明，敏气质刚柔。
午集,7997,35，36,家肥屋润般般遂，旺夫益子事事昌。
午集,7998,,物艺精通，生快偿年。
午集,7999,,徒弟四人，得以送老。
午集,8000,,姊妹十二人，数由前定。
未集,8001,,欲步青云梯，登陆财富期。
未集,8002,57,白云终是散，明月落谁家。
未集,8003,22,闺中顺利乐忘忧，春日凝妆上翠楼。
未集,8004,,怙恃有思沾福泽，数定父先母后归。
未集,8005,41，42,珠在掌中，自然稳当。
未集,8006,47，48,灯花新喜，吉事频来。
未集,8007,52,大车既载，无往不利。
未集,8008,25,一家叶吉，利涉大川。
未集,8009,,怀过人之志，慕众人之能。
未集,8010,23，24,鱼初得水，踊跃前行。
未集,8011,,燕山之子，数口呸爽而失三。
未集,8012,,兄弟三人，却被功名利冲散。
未集,8013,,兄弟五人，今存其二。
未集,8014,,许群游泮春风暖，丹桂须知自厚培。
未集,8015,42，43,鱼跃于渊，游然无阻。
未集,8016,,行藏豹变，知虑过人。
未集,8017,,兄弟三人，二人过亡。
未集,8018,,双亲俱有寿，异日父先母后归。
未集,8019,45，46,美在其中，畅于四肢。
未集,8020,21，22,福自随人，无往不亨通。
未集,8021,,谋事发达，定期改换门庭。
未集,8022,,早运淹没中运通，成家立业福兴隆。
未集,8023,47,白玉楼高但赋美。
未集,8024,,借问一生身外事，遇龙之年是归期。
未集,8025,36,三旬之外，得之始实。
未集,8026,,癸丑之年，名登金榜。
未集,8027,,性秉仁慈无鄙吝，气存各厚少骄矜。
未集,8028,,父子俱出家，先天注定。
未集,8029,27，28,无祸变无灾，居安福自来。
未集,8030,,此刻生人，注定是婢命方合。
未集,8031,31,赖有吉神扶，唤醒三春梦。
未集,8032,20,红鸾相照。
未集,8033,,不入红尘波，惟耽终日静中居。
未集,8034,,不幸萱花萎，椿庭正茂长。
未集,8035,33，34,一人进一人退，吉里藏凶须仔细。
未集,8036,,功名早成，淹况中运稍遂志。
未集,8037,64,八八卦中先算定，南柯一梦报君知。
未集,8038,,形影相吊，晚景堪怜。
未集,8039,,勤克勤俭为生理，自有兴家发达时。
未集,8040,,财来运发男儿志，裕后光前自有为。
未集,8041,,数中四子得送老。二子高飞鸣上林。
未集,8042,,兄弟四人，一人失群。
未集,8043,32,画虎于墙上，有惊无实害。
未集,8044,,三雁高飞，何期一只归罗网。
未集,8045,,持家有则，可夺夫权。
未集,8046,39，40,轻舟波浪稳，可知用力难。
未集,8047,36,一字切忌曰马，可允可求。
未集,8048,,不为台阁三台贵，百亩安闲乐自知。
未集,8049,55,乡科及第。
未集,8050,,寒窗苦志发，终有达贵时。
未集,8051,,同飞三雁，一只先失。
未集,8052,,头胎水命儿难受，再生木命始为真。
未集,8053,37,操存舍亡，求之在我。
未集,8054,39，40,不是君家粟，江头风逆渡难开。
未集,8055,30,满眼春花发，一天秋月明。
未集,8056,,若得杏林生意好，须将苦苦问功名
未集,8057,,画堂严君与慈帏，异日忧悲母在先。
未集,8058,,桂有秋香枝叶秀，物先发出牡丹芽
未集,8059,25,但有秋风便，扁舟渡万山。
未集,8060,35,天道循环，好运方转。
未集,8061,,兄弟三人，数当尽贵。
未集,8062,,出入交游皆显达，行藏守礼更施仁
未集,8063,,兄弟四人，数注俱贵。
未集,8064,39，40,慈先归西，严当在后。
未集,8065,,不阴不阳待贵贱，出宫入宫身贵贱。
未集,8066,,命主有刑，择配金石。
未集,8067,22,出入通大道，从此保初终。
未集,8068,,有子当贵，贵者是次。
未集,8069,,安心乐田畴，拮据不须忧。
未集,8070,,此刻生人，注定是奴命方合。
未集,8071,27，28,未能光大终幽暗，日落西山又反东。
未集,8072,,兄弟五人，二人不全。
未集,8073,23，24,天高地厚，莫可穷愁。
未集,8074,73，74,雨含藏笑口，柳烟锁愁眉。
未集,8075,59，60,新竹成林高旧竹，奇花暮发胜先枝。
未集,8076,33，34,宁观鲁庙三缄口，安绪曹娥八字诗
未集,8077,35，36,欲左欲右，心安意稳。
未集,8078,,虚花儿女竟来多，限上焉能一尽忘。
未集,8079,39，40,天边雁足传书至，一树梅花喜气新
未集,8080,79，80,五福为寿先，平安乐天年。
未集,8081,28,石旁有皮须防破。
未集,8082,,兄弟三人，中断离群。
未集,8083,31，32,池塘水月新如钩，梦断邯郸眉黛愁。
未集,8084,,兄弟四人，我在空门。
未集,8085,73,福寿康宁，精神倍爽。
未集,8086,45，46,风静月华明，高阁奏笛声。
未集,8087,54,椿庭有寿，狂风吹折。
未集,8088,25，26,此时得成功，贵人指引喜匆匆。
未集,8089,,金殿传鲈，人生大幸。
未集,8090,,加官进禄，又喜乔迁。
未集,8091,,若娶偏房，发生一子。
未集,8092,23,鸟鹊逢林，未可即安。
未集,8093,,壬辰之年，进士及第。
未集,8094,55,乡科题名。
未集,8095,27，28,江关昨夜报潮生，侵晓楼头水正平。
未集,8096,,问名问利，名不如利。
未集,8097,,桃李春风花不结，三秋丹桂一枝香。
未集,8098,,佳人命运乘，配得郎不才。
未集,8099,,土年使耍，离乡背井。
未集,8100,,此刻生人，贩夫走卒合卦。
未集,8101,31,群雁高飞，三只先投入罗网。
未集,8102,,父命属金方合。
未集,8103,53,中运时来自坦夷，慨然春色满皇洲。
未集,8104,11,知君老至精神壮，运求晚运事辉煌。
未集,8105,44,福寿康宁，明烛不怕风和雨。
未集,8106,,山高水深，纵有舟车不易行。
未集,8107,25，26,眉头开展，事得施张。
未集,8108,,儿女多慨说，运上能念志。
未集,8109,,五行禀得中和气，烈烈轰轰迥山群。
未集,8110,,称彼凹觥，介以眉寿。
未集,8111,45，46,蜻蜓莫入蜘蛛网，萤火休教到上林。
未集,8112,55，56,暗晦植侵，流年不宁。
未集,8113,29，30,凡事皆可谋，善终又善始。
未集,8114,,兄弟三人，一在空门。
未集,8115,32,人事不齐，只多倜怅。
未集,8116,2，3,啾啾唧唧似黄昏，四壁虫声织暮空。
未集,8117,,人物生清秀，机关度量深。
未集,8118,26,从前运限生狼狈，今岁春回淑气催。
未集,8119,,读书应有分，难以步青云。
未集,8120,,因于蒺黎，三刑其妻。
未集,8121,31,数该生子。
未集,8122,1，2,无事双亲，拮据生养。
未集,8123,57,椿庭虽有寿，今朝一旦亡。
未集,8124,11,六阴阴极水成冰，造物人明未有成。
未集,8125,44,花因雨坊边根瘦，柳为风摇带絮飞。
未集,8126,,双亲共乐享作年，异日哀哉母为先。
未集,8127,25，26,一掷千金便是胆，家徒四壁不知贫。
未集,8128,45，46,危桥初尽休回首，且看桃园路可通。
未集,8129,,昔日偏今日，嫡庶又无分。
未集,8130,,兄弟六人，四人先去。
未集,8131,37，38,太岁当头，不测自来。
未集,8132,,家计贫且苦，好似雪中花。
未集,8133,,壬戌之年，名登黄甲。
未集,8134,,启后光前非谷子，少年容易占高科。
未集,8135,3,萱堂已折，幼年不幸。
未集,8136,,早岁虽无庄子叹，中年难免鼓盆歌。
未集,8137,,要历中运至，有子可傍依。
未集,8138,,颖悟超群，襟怀洒落。
未集,8139,,命有伤官，作人继室。
未集,8140,,水火之年，入泮方合。
未集,8141,,椿萱俱已谢，母先赴瑶池。
未集,8142,,黄序案中题姓字，泮林池内有名香。
未集,8143,,异路有功名，遇猴之年方进步。
未集,8144,70,人事从容，老来清吉。
未集,8145,77，78,安乐清福，老来足欲。
未集,8146,,性中杰物人中杰，出入超群志量深。
未集,8147,65，66,云收雨过，日月光明。
未集,8148,59，60,锦堂开寿域，儿孙绕膝福无穷。
未集,8149,,顺则千金不吝，逆则一芥如珠。
未集,8150,73,子如化龙，人之报喜。
未集,8151,31,乍暖梅花无气力，淡时花影未全舒。
未集,8152,,椿枝先折，萱草后凋。
未集,8153,,戊辰之年，名登金榜。
未集,8154,,灯花报喜，吉事频来。
未集,8155,,子有出继，先天注定。
未集,8156,,他时若肯输钱粟，异路功名可称怀。
未集,8157,43，44,方觉岩前飞快马，干层浪里驾孤舟。
未集,8158,,兄弟二人，一入空门。
未集,8159,49，50,慌慌忙忙，不但人嗔有鬼喷。
未集,8160,69，70,疾风知劲草，岁寒识松柏。
未集,8161,7,桃花初吐秀，朝露衬红妆。
未集,8162,,一胸热血，偏招是非。
未集,8163,11,出水芙蓉，点缀秋江。
未集,8164,43,生子之年。
未集,8165,,兄弟三人，一人不存。
未集,8166,,椿萱卜算遐龄永，先赴瑶池是母亲。
未集,8167,,非吏非儒，猛浪岁月。
未集,8168,,鸳鸯重整。
未集,8169,,独雁南飞各宿食，玉人两度是前缘。
未集,8170,,桂子初虚秋后实，原来有数定先天。
未集,8171,,兄弟六人，先失其一。
未集,8172,,知君多合高人意，堪叹当招小辈凌。
未集,8173,,早年诗文入泮宫，岁寒然后习凋松。
未集,8174,,兄弟五人，一在空门。
未集,8175,35,叹宫昭君怨，胡为我亦同。
未集,8176,25，26,喜气足喜，流年之庆。
未集,8177,,水年娶妻，木年纳宠。
未集,8178,,椿萱沾宠渥，父先入幽冥。
未集,8179,15，16,丧门相照，哭泣之哀。
未集,8180,,温良恭俭让，行藏似古人。
未集,8181,,兄弟四人，一在空门。
未集,8182,,坤人内助得殷勤，一生认禄不求人。
未集,8183,,兄弟六人，先失其二。
未集,8184,,一胞二女，两度红鸾。
未集,8185,,兄弟四人，二人空门。
未集,8186,,风火性情，其心最急。
未集,8187,,结发未从谐老耗，还言锦怅续鸳鸯。
未集,8188,27，28,梅花迥出群，清香扑鼻香。
未集,8189,,丁丑之年，名登金榜。
未集,8190,,四宫见孛日，收成凤凰郎。
未集,8191,35，36,利禄胜当年。
未集,8192,,兄弟六人，先失其半。
未集,8193,,芙蓉生在秋江上，不与群芳斗色香。
未集,8194,,兄弟三人，只求其一。
未集,8195,,不从文武科中出，命有总督一品官。
未集,8196,,兄弟六人，一入空门。
未集,8197,31，32,春色园林茂，秋天宇宙清。
未集,8198,47，48,祸患不可测，不但人嗔且有鬼。
未集,8199,,肉之中情少倚，良人重配得齐眉。
未集,8200,,操持有大节，劈烈丈夫心。
未集,8201,,早运艰辛中运好，成家立业福相随。
未集,8202,,兄弟六人，只得其五。
未集,8203,30,此时称孤子，三年泣血悲。
未集,8204,32,数该生子。
未集,8205,7，8,碧碧澄澄，苍苔露冷。
未集,8206,,兄弟九人，数当尽贵。
未集,8207,11，12,红莲初出水，春草无冰霜。
未集,8208,,四女乘龙去，得子宜结迟。
未集,8209,,财旺生宫在数中，夫荣子秀福无穷。
未集,8210,,牡丹却是人间瑞，花在园林色更新。
未集,8211,,凉风初至楚王台，烦热消除爽气来。
未集,8212,,少壮而至老，终无阻逆虞。
未集,8213,,双亲同白发，数定父先母后归。
未集,8214,,虽然女命宜科第，插玉空金到白头。
未集,8215,,因来宜择避，松树耐岁寒。
未集,8216,73,纯阴无自，数止于此。
未集,8217,,不幸玉人惟欠寿，先吾四十丧黄泉。
未集,8218,,继母嫡母，生我是母。
未集,8219,,兄弟七人，理存其五。
未集,8220,,姻缘早配名门子，桂子得芳朵朵鲜。
未集,8221,,土年父先终方合。
未集,8222,45，46,春残莫怨无颜色，喜有葵花映日红。
未集,8223,16,兄弟七人，只存其四。
未集,8224,,雁君七人，一只先飞。
未集,8225,59，60,滩头无船壮志悲，若无良马何保侯。
未集,8226,84,阴极阳盛，数止于此。
未集,8227,,兄弟三人，我在空门。
未集,8228,74，75,辛苦拮据积，后福而悠亡。
未集,8229,41，42,九曲明珠穿不得，回头却问采桑郎。
未集,8230,45，46,俄然内卷浮云去，禅房日色下光辉。
未集,8231,24,杜鹃啼血泪，月上已三更。
未集,8232,,兄弟七人，四人不存。
未集,8233,39，40,一年又一年，人事参差不可言。
未集,8234,37，38,帘前喜鹊噪，报喜又报晴。
未集,8235,,今朝欲托前生事，觅得螟岭续后枝。
未集,8236,,兄弟九人，我在空门。
未集,8237,29,本是同林鸟，不幸雉者早先飞。
未集,8238,25，26,二月桃花红灼灼，三春杨柳绿绵绵。
未集,8239,,如龙如虎双双子，送终实许两枝荣。
未集,8240,39，40,喜气洋溢，十分春色可人怀。
未集,8241,29，30,申运遇艰，午潮有待。
未集,8242,,送终一子，花开别树。
未集,8243,,兄弟六人，我在空门。
未集,8244,,寿算滔滔八卦止，怕有渔郎来问津。
未集,8245,15，16,芙蓉花开，秋江冷淡。
未集,8246,,子产河东玉凤器，他日飞翔有偏贤。
未集,8247,,牡丹虽富贵，梅菊不同芳。
未集,8248,,送老惟三子，别树一枝红。
未集,8249,,父先故于火年，母生年属木方合。
未集,8250,27，28,不必问行藏，进五而退十。
未集,8251,,两朵名花开玉树。
未集,8252,,兄弟七人，我在空门。
未集,8253,,花外莺声巧，春风草色新。
未集,8254,6，7,淹淹晦滞，流年不宁。
未集,8255,,财帛破耗，流年多滞。
未集,8256,3，4,安于淡薄，识父母心。
未集,8257,,当有三母之称。
未集,8258,27，28,虎凶出于押，征夫不能前。
未集,8259,70,子秀夫荣谁可及，荣花直到七旬春。
未集,8260,,夫妻同庚得齐眉，鸳鸯何年晚分飞。
未集,8261,22,暗中摸索处，隙路有光阴。
未集,8262,20,破家一床蝴蝶梦，惊散鸳鸯不在眠。
未集,8263,34,数该生子。
未集,8264,59，60,上苑奇花呈富贵，庭前绿竹耀祥光。
未集,8265,59，60,南极祥光照我身，此年幸有花甲临。
未集,8266,61,南北江山争秀丽，风前花柳正繁华。
未集,8267,,送老四子，三枝挺秀。
未集,8268,,子许成双是良材，量有埋蛇救蚁功。
未集,8269,,利子益夫，助家之际。
未集,8270,,无子似有子，副室之儿送我终。
未集,8271,,四德兼全，巨家主权。
未集,8272,,水年火年俱得子，无奈土命年先去。
未集,8273,,少享庇阴年，晚启后人业。
未集,8274,,送老三子，两朵名花开玉树。
未集,8275,,克勤克俭能内助，一生衣禄自安然。
未集,8276,42,俄然风起卷云至，中天日色尽光辉。
未集,8277,,伯道无儿天道绝，幸有犹子唱骊歌。
未集,8278,56,旧恨新悉且莫问，须知从经复安然。
未集,8279,,父去永不归，人子沾泪衣。
未集,8280,,劳碌心闲事不闲，三分火性在心头。
未集,8281,,性赋刚直，无偏无私。
未集,8282,,风吹云散月光明，枯木生花满户庭。
未集,8283,,骨肉之中情不足，六亲恩谊冷如冰。
未集,8284,,不进孔孟门，乃读萧曹律。
未集,8285,,未嫁姑先亡，妇之大不幸。
未集,8286,,青年跌破莲花镜，惊走鸳鸯再会难。
未集,8287,69，70,岩畔青桦树，根磐石上生。
未集,8288,,太阳具役，形骸俱来。
未集,8289,27，28,运转遇解凶成吉，烦恼无根着意消。
未集,8290,,玉人之寿，短我五年。
未集,8291,,慈航普济，早证菩提。
未集,8292,65，66,晚年进福，子振家声。
未集,8293,42,财帛破耗，流年不利。
未集,8294,67，68,前顾后盼，挣挫艰难。
未集,8295,32,机会不来，大图小就。
未集,8296,,椿枝已折，泣血三年。
未集,8297,,椿树已先折，萱花在后萎。
未集,8298,,雁门品字方成阵，终始君臣各一天。
未集,8299,34,丧门相照我一家，入到堂前栋梁倾。
未集,8300,,金年克妻，火年再娶方合。
未集,8301,19，20,从前无事乐君芳，喜气重重隆吉祥。
未集,8302,,丙辰之年，名登金榜。
未集,8303,23，24,和风日暖时时乐，进喜添财事事新。
未集,8304,3，4,正当荆棘路，扶杖又崎岖。
未集,8305,39，40,花得雨滋偏馥郁，弄璋还应梦中诗。
未集,8306,,翁姑俱丧，妇之不幸。
未集,8307,49，50,漫漫彻夜风又雨，吹落梅花白雪飞。
未集,8308,,妻未归门而之，缘之浅也。
未集,8309,16,丧门相照，忧萱亲服。
未集,8310,,东边沉了西边挽，引动人间是与非。
未集,8311,38,门庭闹乱，蛇休雷霆。
未集,8312,20,诸姑辞伯姊，一双红烛洞房辉。
未集,8313,,老椿雪压已多年，萱花堂上福绵绵。
未集,8314,,堪叹孔缘乃浮浅，数中纵有也分离。
未集,8315,41,翦却蓁芜循大道，拨开云雾见青天。
未集,8316,,不作生涯不耕田，一生常在贵人边。
未集,8317,22,一重欢喜一重愁，峻岭扳枝着力风。
未集,8318,,莫说少年荣枯事，梅花雪里见精神。
未集,8319,,性秉仁慈无鄙吝，气存和厚少骄矜。
未集,8320,,一字切忌曰兔，遇不得。
未集,8321,49，50,诸吉皆在，门庭喜气。
未集,8322,,孤雁成行当，有将浼于子。
未集,8323,71，72,福照星耀，天喜临门。
未集,8324,19，20,欲谋图进用，枉费决无功。
未集,8325,45,声名孚宇宙，皇都得意回。
未集,8326,67,荆蒺藜根，流年不宁。
未集,8327,19，20,一重欢喜一重愁，高下崎岖着力游。
未集,8328,42,财帛破耗，流年不利。
未集,8329,59，60,守旧安居，虽危无咎。
未集,8330,73,玉人之寿，短吾十年。
未集,8331,65，66,狂风吹散叶，飘动不安宁
未集,8332,40,财帛破耗，流年不利
未集,8333,31,一轮月明，花开雨晴。
未集,8334,,俾知皇阁三公贵，今人巧作古人形。
未集,8335,33，34,一种痴情容易愁，清风车马任追求
未集,8336,,自有高人轻借力，两重门户得光辉。
未集,8337,,试看园中花再果，晚年丹桂一枝香
未集,8338,,数中偏枯刑伤命，妻宜迟娶子亦迟。
未集,8339,15，16,迢迢前路未通津，革故从新始见成。
未集,8340,,正妻属子，副妻属巳
未集,8341,,结发夫妻防有克，还须燕尔得相宜。
未集,8342,47，48,贵人相扶便可期，庭枯木风来相仪。
未集,8343,59，60,平行安乐地，更有福相随。
未集,8344,,知音提挈去江东。
未集,8345,45,财帛破耗，也是定数
未集,8346,,一双玉手千人枕，半点朱唇万客尝。
未集,8347,,不用诗书思禄位，只图农业乐终身。
未集,8348,,读罢三坟与五典，儿郎及第早登科。
未集,8349,,人生缱绻有何用，不若刘郎沉醉乡
未集,8350,,有人来问迷津路，水在吴江月在空。
未集,8351,,入地欲知谁是竹，一尘不染出入踪。
未集,8352,,任君富贵荣华处，宁为净口乐菩提
未集,8353,22,花开五色，挺秀园中。
未集,8354,,义里成仇，恩中结怨。
未集,8355,,兄弟七人，数中尽贵。
未集,8356,52,母赴瑶池，三年泣血。
未集,8357,,振祖父之基业，启后生之事业。
未集,8358,,要知命里有刑杀，妻当晚娶子宜迟。
未集,8359,59，60,老来致仕归山去，一片忠心逐水流。
未集,8360,,破去财帛，命主耗星。
未集,8361,33，34,不进须当退，方无阻蹇忧。
未集,8362,,忠厚立心，天赋其性。
未集,8363,,兄弟九人，数有七贵。
未集,8364,29，30,日出被去翳，时下暗光辉。
未集,8365,50,明明精雪厚，三尺冻云飞。
未集,8366,23,生子之年。
未集,8367,,兄弟五人，我入空门。
未集,8368,25，26,路途皆崎岖，撑过是坦夷。
未集,8369,,夫配金水之年，方合此刻。
未集,8370,16,名登金榜。
未集,8371,57，58,谢安选胜，东山日歌酒。
未集,8372,,水年木年生子，无损方合。
未集,8373,31，32,上下无不和，门庭喜庆多。
未集,8374,31,且宜先退让，方可免灾厄。
未集,8375,55，56,获得金鳞垂钓丝，江头月落醉眠时。
未集,8376,47，48,名进贤关，弓马入泮。
未集,8377,17，18,红鸾相配，见而免灾。
未集,8378,39，40,上下皆仇怨，日暮偏又来。
未集,8379,,送老无子，以婿为儿。
未集,8380,52,衰哀泣泣，正有刑伤。
未集,8381,,蟠桃三结子，丹桂一枝香。
未集,8382,,官至刑部，锦衣荣贵。
未集,8383,43，44,荣谋顺遂，动止又安详。
未集,8384,25，26,日现中天光，光明普照。
未集,8385,47,财帛破散，皆因耗人。
未集,8386,19，20,春暖桃李，色艳光华。
未集,8387,49，50,民歌陶舞乐尧天。
未集,8388,21，22,房考之年。
未集,8389,47，48,武曲照命，三场捷报。
未集,8390,73，74,菊因秋老边根瘦，桃为风飘带雪飞。
未集,8391,,荫袭国公职，祖宗植根深。
未集,8392,29，30,扫尽长空，放出光现。
未集,8393,75,老树叶落，归于根下。
未集,8394,,癸丑之年，名登金榜。
未集,8395,53，54,百福骈臻，喜气盈门。
未集,8396,12,海棠花香，雨泪胭脂。
未集,8397,,双双紫燕，高飞云外。
未集,8398,,五耗人命，多耗钱财。
未集,8399,48,正宣发奋同前，好个声名闻誉。
未集,8400,60,耳顺之年晚运宜，桑榆暮景福相随。
未集,8401,,琵琶江上曲，回首正佳音
未集,8402,,以监出仕，任至有司。
未集,8403,,厚重自持，德高心下。
未集,8404,59，60,阳春复来先报喜，雪余欢适赏红梅
未集,8405,39，40,时值亢阳，俄然雨露爽人怀。
未集,8406,33，34,红鸾相照，喜气频来
未集,8407,29，30,萤虽光大终幽暗，月落西沉远照中。
未集,8408,,以监而选州官，高擢荣升
未集,8409,60，61,崇高富贵，五福咸备。
未集,8410,,乙未之年，名登黄甲。
未集,8411,55,文章字字珠玉，必然金榜题名。
未集,8412,23，24,无妄之空而失之，行人之得邑人忧。
未集,8413,,母先辞世，抱恨终天。
未集,8414,66,人生七士古来稀，却当六六是归期。
未集,8415,69，70,山深路远，竟得樵人来指引
未集,8416,,兄弟十人，数有八贵。
未集,8417,5,少年丧父，子大不幸。
未集,8418,75,举步多荆棘，见凶须要防。
未集,8419,,一生无大虑，平安享福保始终。
未集,8420,,三十年前不得闲，后运来获福绵绵。
未集,8421,49,大耗小耗，耗我财帛。
未集,8422,10,大风拔树，根本难留。
未集,8423,45，46,武曲照命，三场捷报。
未集,8424,52,浮生如云，相似往事梦一场。
未集,8425,51，52,赖有吉神照，终属坦夷不为凶。
未集,8426,45，46,今朝一旦许归程，满眼新知泪几零。
未集,8427,25，26,灯花结蕊，喜事频来。
未集,8428,69,南山杜鹃啼，句句频言客不归。
未集,8429,83，84,课雨问晴，中天顺人。
未集,8430,,玉人不齐眉，先去十五年。
未集,8431,41，42,夜雨正逢春，宇宙生和气。
未集,8432,74,寿穷数尽，渺渺茫茫。
未集,8433,63，64,良田种松竹，节操自盘根。
未集,8434,22,数至于宫，弄璋之喜。
未集,8435,40,运至四旬，处称其心。
未集,8436,,兄弟十人，数有七贵。
未集,8437,62,风恬浪自静，色秀不须凝。
未集,8438,41，42,美色之能，岂但齐家。
未集,8439,41，42,祸患不可测，不但人嗔且为鬼。
未集,8440,50,天耗地耗，耗我金玉。
未集,8441,69，70,萤火之光，暗室辉明。
未集,8442,9,大地恩光照，黄河日渐清。
未集,8443,3，4,少时多疾，至此莫狐。
未集,8444,77，78,粉黛一湾新月瘦，园林化放老生春。
未集,8445,11，12,韶光明媚人，人在锦丛中。
未集,8446,57,可把阴功祈善保，怨字无心一在头。
未集,8447,57,数尽年止。
未集,8448,,以武举而选千况，不幸之幸。
未集,8449,,一字切忌曰林，可允可求。
未集,8450,17，18,虽然不是同行道，揽辔驰驱亦无伤。
未集,8451,54,驰马路崎岖，立马对斜晖。
未集,8452,51,北斗日中现，目前有忧疑。
未集,8453,23，24,莫恨妻无缘，犯一狐神带。
未集,8454,,椿树已先折，萱花在后萎。
未集,8455,13，14,红鸾加白虎，吉里又藏凶
未集,8456,59，60,八面秋风，愁人离恨。
未集,8457,11，12,初生爱松柏，栽向雪霜中。
未集,8458,74,白虎现形，见者有惊。
未集,8459,45，46,名列琥场，弓马入泮。
未集,8460,47，48,运至时来，名利两得。
未集,8461,52,闭门当相守，不管户外忧。
未集,8462,45，46,无端风雨催春去，落尽枝头桃李花。
未集,8463,72,流年有庆，灾星不侵。
未集,8464,5,五岁归土，何须养母。
未集,8465,44,梦魂千里去，室中离恨深
未集,8466,32,鹊噪南楼，喜事频来。
未集,8467,38,未酬怀抱之恩，咏至蓼莪而兴感。
未集,8468,59,孝服临门，忧及于父。
未集,8469,27，28,左支右吾，忧闷频多。
未集,8470,51,秋风吹鹿鸣，天上降麒麟。
未集,8471,63,莺老花残人远去，跨鹤乘云上九天。
未集,8472,51,二耗相侵，不能稳守。
未集,8473,,分有前母，尔有继母。
未集,8474,,气度深沉，不相推测。
未集,8475,60,闻道东君尚未回，水流花谢雨相催。
未集,8476,65，66,枫落吴江冷，金风阵阵寒。
未集,8477,,双双雁阵同飞舞，两个高翔一独鸣。
未集,8478,53,财帛破牦，流年不利。
未集,8479,75，76,云锁婵娟秋寂寞，风吹桃李花凋残。
未集,8480,,玉人不齐眉，先吾十九年。
未集,8481,53,耗星入限，流年不利。
未集,8482,62,呼童寻行李，不必问东君。
未集,8483,,兄弟九人，数有七贵。
未集,8484,13,灾晦绵绵，眉头未开展。
未集,8485,54,财帛破耗，人情伤尽。
未集,8486,60,椿庭有年，暴风吹折。
未集,8487,,癸未之年，名登金榜。
未集,8488,37，38,术平身职赴，目下有来头。
未集,8489,51,昏昏黑黑，鬼魅现形。
未集,8490,17，18,龙德吉星照，灾毒不能侵。
未集,8491,,己丑之年，名登金榜。
未集,8492,67，68,人事多乐，家事兴隆。
未集,8493,23，24,锦帐兰芳，春花秋月。
未集,8494,36,一夜金风吹，三更玉露寒。
未集,8495,27,三九年来运已通，成家立业自兴隆。
未集,8496,,一子送终，挺秀之儿。
未集,8497,79，80,力敌撑波艇，乘风得到瀛。
未集,8498,45，46,豹变西有山，鹏博北临风。
未集,8499,45，46,不惑三年，渐入佳景。
未集,8500,43，44,武曲照命，三场捷报。
未集,8501,37，38,穷与愁相对，正是难为难。
未集,8502,45，46,暮夜有贼，预防不失。
未集,8503,30,玉人自是不齐眉，早春三十定归期。
未集,8504,35,数该生子。
未集,8505,38,风吹椿枝折，三年泣血悲。
未集,8506,79,寿九已尽，难享八旬。
未集,8507,19，20,扬花扑面，难免孝服。
未集,8508,6,童未成人，一旦归西。
未集,8509,35，36,生计顺相从，无计不亨通
未集,8510,41，42,楚山莫谓无椿树，潮水还防有鳄鱼。
未集,8511,47,缘木求鱼，必不可得。
未集,8512,31，32,无是无非，优游禅室。
未集,8513,25,初间一片月，若到中间倍十分。
未集,8514,55，56,安居顺遂，酌酒高歌。
未集,8515,,借问一生身外事，遇羊之年是归期。
未集,8516,,知君老至精神壮，宝剑光辉鬼胆寒。
未集,8517,,案头列字，始登泮水荣。
未集,8518,15，16,陆地行舟，难于用力。
未集,8519,,阴袭王侯，祖宗之功力不浅。
未集,8520,43，44,无物不从容，乐于管弦中。
未集,8521,63,财帛破耗，如水之流。
未集,8522,17，18,芙蓉初出蕊，独自占秋江。
未集,8523,21，22,灾晦缠绵，眉头交蹙未开颜。
未集,8524,51,思患预防，事乃克济。
未集,8525,47，48,所思尽可得，有意皆从心。
未集,8526,51,穿破二字，天数注定。
未集,8527,40,寻常一夜窗前月，才有梅花便不同。
未集,8528,,亨夫之荣，安然快乐。
未集,8529,,金水之年，入泮方合此刻。
未集,8530,,酷热已蒸，薰风又生。
未集,8531,35，36,流水落花，多少伤心事。
未集,8532,,辛未之年，名登金榜。
未集,8533,65，66,功名事就，措手安居。
未集,8534,25，26,一阵清风水面来，芙蓉香拂近楼台。
未集,8535,39,前溪自有鱼舟引，不必迟凝自在行
未集,8536,,一字切记曰鸡，忘不得。
未集,8537,22,此年琴弦断，出放知音人。
未集,8538,33，34,心上事难言，逢人强为宽。
未集,8539,,一字切忌曰猴，进不得。
未集,8540,49,独子偏能兴家业。
未集,8541,,以痒而贡，数由前定。
未集,8542,,可惜双亲太薄情，移抛离别向谁言。
未集,8543,63，64,移居于灾，世事并绝。
未集,8544,32,谨慎终无几，灾消祸亦消。
未集,8545,,以监而选州官，数由前定。
未集,8546,5,我生不辰，少年丧父。
未集,8547,33，34,扶持而得成功日，云开风转计从先。
未集,8548,,官至督抚，数由前定。
未集,8549,50,名登金榜。
未集,8550,18,天恩未报，父入黄泉。
未集,8551,,四雁同飞，一只先失。
未集,8552,45,绿杨烟锁拌黄昏，愁听枝头杜鹃啼。
未集,8553,27，28,楚树吴花景色明，燕语莺歌日暖晴。
未集,8554,,终寿之数，寅年戌中追求。
未集,8555,26,母赴瑶池，三年泣血。
未集,8556,39，40,恍恍惚惚，不但人嗔且有鬼。
未集,8557,17，18,彩云旭日出，秋水送潮来。
未集,8558,,前妻无结子，后妻一个儿。
未集,8559,53，54,钦命典试。
未集,8560,23，24,陇头几点桃花放，一道霞光次第来。
未集,8561,57,破耗重重，如川之流。
未集,8562,52,春风鼓动能生物，春色宜人更恼人。
未集,8563,69，70,鼓腹而歌，日暖风和。
未集,8564,,三人同行，一人升天。
未集,8565,,出家不了局，竟到要还俗。
未集,8566,5，6,如临深渊，如履薄冰。
未集,8567,41,太阴行难度，土计掩其光。
未集,8568,39,孝服相侵，忧及于父。
未集,8569,37，38,涉川无不利，得来运限通
未集,8570,,可怜鸿鹄翼，悲飞向红颜。
未集,8571,5，6,桃嫩不禁三月雨，莺鸣声叹五更寒
未集,8572,56,耗星入财，不禁破耗。
未集,8573,37，38,花正开时色正艳，连霄风雨又离枝。
未集,8574,47，48,先难后易，运中如此。
未集,8575,64,八卦之中晚运奇，不惟有寿便相依。
未集,8576,23,名登金榜。
未集,8577,72,有荣无辱，此为多福。
未集,8578,53，54,喜事足嘉，光华满堂。
未集,8579,53，54,浮云少害，不必思疑
未集,8580,49,云开山色丽，风静竹枝安。
未集,8581,,遇考拔前茅，必得廪膳俸。
未集,8582,37，38,禄勋星照，时到荣迁。
未集,8583,61,年华康泰，事得称心。
未集,8584,48,杨花扑面，三年泣血。
未集,8585,,出胎克父，莫大刑伤。
未集,8586,48,月缺花残，此年已倾。
未集,8587,,借问一生身外事，遇马之年是归期，
未集,8588,,其人性坚，急能有功。
未集,8589,65，66,喜气重来，家门迪吉。
未集,8590,50,知命之年孝服来，老椿含笑入幽冥。
未集,8591,21,花含晚露重，湿泪点胭脂。
未集,8592,21，22,一明春尽花零落，欲渡清波欠便船。
未集,8593,27,三九年来运已通，成家立业福兴隆
未集,8594,37，38,阴难还相及，则中且得时。
未集,8595,39，40,多怨复多忌，运转人还喜。
未集,8596,48,乡榜题名。
未集,8597,49，50,人事乐意，家业兴隆。
未集,8598,51，52,梧桐秋月色，好酒对知音。
未集,8599,29，30,名利来不来，眉头锁不开。
未集,8600,62,昏昏黑黑，鬼魅现形。
未集,8601,27，28,春令正好游，一朝风雨至。
未集,8602,62,老来生子，人之大幸。
未集,8603,49,几度成来几度败，几番变幻几番迁。
未集,8604,62,夫妻正好快乐事，谁知竟被鼓盆歌。
未集,8605,,命有关杀过房，成业寿元长。
未集,8606,56,晓光开霁色，云散月光明。
未集,8607,31，32,山冈之路可相通，为今此处趁东风。
未集,8608,32,严亲数尽，难留在堂。
未集,8609,41，42,顺水行舟，又得顺风。
未集,8610,1,幼年丧父，何当命蹇。
未集,8611,27,守经无灾咎，安常福自随。
未集,8612,20,平地成天日，风云际会时。
未集,8613,89，90,南柯梦入华胥国，又忆英雄笑语中。
未集,8614,,秋日丹成谢严谷，一朝引领向天行。
未集,8615,14,流年有咎，晦气相侵。
未集,8616,,半钵清泉云外客，一肩破衲寺中僧。
未集,8617,,兄弟六人，先损其一。
未集,8618,41，42,高楼幸有梯，俯视白云低。
未集,8619,48，49,流年有气晦，鬼喷逼人来。
未集,8620,58,虽有扁鹊复生，乃为阴司所夺。
未集,8621,58,莫叹当年不如意，喜逢时运称心怀。
未集,8622,36,四九之年运正通，成家立业见兴隆。
未集,8623,49,飞符命相照，浮灾意外来。
未集,8624,43，44,几番忧心事未专，言公相侮晦还生。
未集,8625,9，10,红鸾相照，咏叶关雎。
未集,8626,21，22,进步宜有待，欲速反成灾。
未集,8627,43,薰风微微起，轻动绣帘来。
未集,8628,41，42,嗟予从来运失时，今朝新运正相宜。
未集,8629,35,谁料半途分别去，恨无言语对银缸。
未集,8630,72,日影落西，人不见归。
未集,8631,21，22,钦命典试。
未集,8632,51，52,金风忽报秋江好，一叶扁舟顺水流。
未集,8633,33，34,事机不密，反遭晦气。
未集,8634,50,进士及第。
未集,8635,57，58,云收雨晴，春光暗度。
未集,8636,43,魂还流水去，魄逐落花飞。
未集,8637,,天为蓬鸟屋，云外作锦屏。
未集,8638,21，22,窗外乘流风未便，青灯黄卷且勤劳。
未集,8639,,欲识生人数，前三与后四。
未集,8640,,风前之烛，光摇不定。
未集,8641,55，56,遇尽前滩与后滩，险处不为难。
未集,8642,44,梦入黄泉，一场空游。
未集,8643,34,花开正当艳，风雨暴相残。
未集,8644,,再任把总，荣任之职。
未集,8645,,兄弟十人，数有七贵。
未集,8646,87,天地常存，年华始尽。
未集,8647,55,萱花经霜萎，风雨又相催。
未集,8648,,绣帏结鸳鸯，花开花落鸟长栖。
未集,8649,41，42,武曲照命，三场捷报。
未集,8650,,寿短似花，福薄如纸。
未集,8651,21，22,终日苦奔驰，劳劳碌碌几时休。
未集,8652,73，74,修德避难，不可行险以求。
未集,8653,21，22,见险思退，渐回且喜。
未集,8654,35,年逢五七，寿如斯已。
未集,8655,91,此时老翁得道日，南柯一梦问归程。
未集,8656,21,命照丧门，萱花已落。
未集,8657,55，56,祸患不可测，不但人嗔且有鬼。
未集,8658,,此刻生人，死而名长在。
未集,8659,39,萱花已落，三年泣血。
未集,8660,41，42,雨涨长江，波涛万顷。
未集,8661,,先女后男，数定不差。
未集,8662,31,年当方壮，不幸父亡。
未集,8663,,中年虚耗，晚景兴隆。
未集,8664,39，40,祥光相照，喜事重重。
未集,8665,29，30,好事推人，犹如马足。
未集,8666,43，44,迷失桃源路，还从洞里寻。
未集,8667,41，42,时逢运长，福自日昌。
未集,8668,,土年父命先终，方合此刻。
未集,8669,,一妻五妾，数由前定。
未集,8670,53，54,当宴鹿鸣，天赐麟儿。
未集,8671,,好修清净福，莫入风尘中。
未集,8672,,数定其人职，队中一总官。
未集,8673,,一妻又一妻，两度佳人时。
未集,8674,,姊妹五人，同父不同母。
未集,8675,37,志气又昂昂，直上可施为。
未集,8676,36,人逢美景地，花开宜春时。
未集,8677,75，76,见危终获福，得遇险中生。
未集,8678,36,六六之年运已奇，成家立业福自依。
未集,8679,35，36,名进宫墙，弓马入泮。
未集,8680,41，42,画龙点睛，破壁飞腾。
未集,8681,74,文昌附落长江水，槛外长江空自流。
未集,8682,,妻生一子，妾产二儿。
未集,8683,,夫妻同庚，姻缘前定。
未集,8684,,同群五雁，四只先飞。
未集,8685,,此人皆在牢笼内，不成商贾不成儒。
未集,8686,39，40,人逢美景地，犹如花遇春。
未集,8687,25，26,可限灾星不可逃，犹如阴阳度祸愆。
未集,8688,67，68,福享安然，禅门清净。
未集,8689,,分有前母，我生后母。
未集,8690,53，54,虎笑崖前威势大，运逢驿马路相逢。
未集,8691,,本是清净无尘日，悠然平地起风波。
未集,8692,63，64,帝宠星辰近，天恩雨露深。
未集,8693,,夫妻同庚，前生注定。
未集,8694,23，24,欲东欲西，心中未定。
未集,8695,49，50,运转洪钧去复来，挽回入事笑颜天。
未集,8696,,鹿鸣得宴，无望琼瑶。
未集,8697,55，56,吉自天来，无心之处得逢财。
未集,8698,53，54,阴功积大官，星显富荣身。
未集,8699,53，54,房考之年。
未集,8700,45，46,恍恍惚惚，不但人嗔且有鬼。
未集,8701,,一妻不得谐老，再娶方可齐眉。
未集,8702,23，24,良宵有酒须当醉，得意吹箫便月明。
未集,8703,29，30,事机宜谨慎，无是亦无非。
未集,8704,,兄弟八人，乐奏几般音。
未集,8705,33，34,天嘉星临，内外安然。
未集,8706,,戊戌之年，名登金榜。
未集,8707,73，74,财帛散尽不复来，老年眉头锁不开。
未集,8708,13,生父养父，命中注定。
未集,8709,,伯爵荫祖宗，培植根基深。
未集,8710,67，68,几番人事多更变，行尽艰辛路不通。
未集,8711,55,椿树有年，狂风吹折。
未集,8712,,鸿雁成群，非一母所生。
未集,8713,57，58,自牖看天心，咫只天涯近。
未集,8714,41，42,名进贤关，弓马入泮。
未集,8715,,知君本是良家子，却食朝廷一分粮。
未集,8716,25,夫妻同年，姻缘注定。
未集,8717,73,梁木已残，不能整顿。
未集,8718,49，50,紫微星照，爵禄高荣。
未集,8719,,壮年劳劳碌碌，老来福禄悠悠。
未集,8720,,身虽欲坠，却有仁心。
未集,8721,,身在营伍，却有仁心。
未集,8722,39，40,大鹏有健翼，一展便冲天。
未集,8723,47，48,闺门深恨桃花飞，不管人间岁月移。
未集,8724,69,金风吹萧飒，西南喜气多。
未集,8725,8，9,幼年而亡，徒增长者悲。
未集,8726,59，60,渊明解印身归隐，酌酒黄花达性情。
未集,8727,,哀哉风木恨，椿树受灾先。
未集,8728,51,昔受皇恩廪，今朝出贡期。
未集,8729,27，28,无晴无阴，愁怀莫释。
未集,8730,,慈母先去尘，镜中留影深。
未集,8731,,夫妻同庚，百世姻缘。
未集,8732,33，34,喜事足嘉，光华瑞气。
未集,8733,72,处高不伤，虽危不亡。
未集,8734,29，30,太阳东升，阴气消除。
未集,8735,23，24,莫贪意外财，谨守匣中器。
未集,8736,48,伤心肠欲断，泪血滴胭脂。
未集,8737,,一夫不得谐，二夫得齐眉。
未集,8738,,中运恢复，强宗自立。
未集,8739,,一字切忌曰虎，遇不得。
未集,8740,55,路悠悠而怀转，人处处而逢迎。
未集,8741,21,经之营之，勤俭度日。
未集,8742,39，40,钻木取火，大有所望。
未集,8743,49，50,龙嘘气而直，五色云呈祥。
未集,8744,49，50,争讼不已，更相牵缠。
未集,8745,22,晦气相侵，流年不宁。
未集,8746,22,名登金榜。
未集,8747,,前妻无子，后妻两儿。
未集,8748,,名挂营中，常行善事。
未集,8749,,火奎其气时，哀痛不如泪。
未集,8750,48,怀水成海，乾坤浩大。
未集,8751,,入赘成婚，姻缘前定。
未集,8752,59，60,调鼎事复新，指引有渔郎
未集,8753,17，18,行人路崎岖，享福又过人
未集,8754,19，20,黄莺出谷，迁于乔木。
未集,8755,57，58,已兴钱彀已加增，贵人指引倍亨通。
未集,8756,49，50,喜鹊营巢久，鸠鸣又变迁。
未集,8757,29，30,数该生子。
未集,8758,39，40,命照武曲，三场捷报。
未集,8759,16,其人寿天，一梦人华胥。
未集,8760,19，20,位值青龙，喜事从容。
未集,8761,,非文非武，营伍相公，
未集,8762,27，28,莫报东风急，好花向春开。
未集,8763,8,嫩草霜欺，其色早萎
未集,8764,,庚戌之年，名登金榜。
未集,8765,76,恶星相照，高堂寿终。
未集,8766,23，24,浔阳江上，道有来潮。
未集,8767,55，56,青云得路，梦叶熊罴。
未集,8768,57，58,恍恍惚惚，不得人嗔且有鬼。
未集,8769,,分有前母，生我后母。
未集,8770,21，22,千山景秀，背翠夺目。
未集,8771,58,世事犹如春梦，人生恰似浮云。
未集,8772,,主中馈频繁，君子多助贤。
未集,8773,,身虽营伍队，能文不能武。
未集,8774,56,虽无金刀割，忽使琴弦断。
未集,8775,12,年逢十二，数定命伤。
未集,8776,,夫星虽旺身，生来暗晦作偏房。
未集,8777,,倚养舅母，赖以成人。
未集,8778,35，36,十里片帆轻，波平浪不惊。
未集,8779,33，34,光景好中年，春光茂光华。
未集,8780,45,祸患不可测，不但人嗔且有鬼。
未集,8781,46,晴天雷震，君家有恐。
未集,8782,,人在紫微深处立，笙歌韶乐在其中。
未集,8783,55，56,钦命典试。
未集,8784,11,春深桃李，到处成蹊。
未集,8785,22,名登金榜。
未集,8786,41，42,月色在中天，画堂展峥嵘。
未集,8787,,花开未久春光尽，可异枝头一旦倾。
未集,8788,61，62,劝君早作山林计，近水楼台总是空。
未集,8789,,却忌花前酒，休贪不义财。
未集,8790,,画堂佳气，门庭生晖。
未集,8791,77，78,儿孙满堂，老景安康。
未集,8792,,姊妹五人，二人先损。
未集,8793,29，30,日出不堪云淡淡，花开只怕雨滂沱。
未集,8794,,数有不幸，当死非命。
未集,8795,,数有偏枯，身有带疾。
未集,8796,40,春酒今朝热，嬉嬉醉北邻。
未集,8797,60,祸患不中测，不但人嗔且有鬼。
未集,8798,41，42,悠悠福长，家门吉祥。
未集,8799,,早岁发财如涌水，中年得利似雷鸣。
未集,8800,49,七七之年孝服临，萱花已落椿枝淋。
未集,8801,,千军之权，万人之册。
未集,8802,51，52,尝尽艰辛苦，滋味转甘甜。
未集,8803,59,寒鸦枯木日沉西，回首青山事与非。
未集,8804,69，70,岁暮平稳，一生安康。
未集,8805,39,意气所至，无忧无虑。
未集,8806,,勤恳发财，处地施为。
未集,8807,,己未之年，名登金榜。
未集,8808,,兄弟四人，数有二贵。
未集,8809,39，40,将星照命，弓马入泮。
未集,8810,62,明伦之任，如虎添翼。
未集,8811,75,三复而问，虑事不济。
未集,8812,52,涧锁芳亭月，门迎细柳春。
未集,8813,,数中注定女艰辛，惟生二女在堂前。
未集,8814,53，54,一朝天赐佳景到，功显寻常贯万邦。
未集,8815,,借问一生身外事，遇蛇之年是归期。
未集,8816,51，52,名进宫墙，弓马入泮。
未集,8817,,赳赳武夫，公侯干城。
未集,8818,23,乡科及第。
未集,8819,71,喜气重来，家门吉祥。
未集,8820,35，36,演武及第。
未集,8821,49,母赴瑶池，三年泣血。
未集,8822,,三雁高飞，一只在后。
未集,8823,,主持军器，家食天禄。
未集,8824,,以监而选府判，数由前定。
未集,8825,21，22,绿林花中出艳色，白莲池上蕊生香。
未集,8826,29，30,花卉减却春，春尽愁难尽。
未集,8827,,前妻无子，后妻一儿。
未集,8828,25，26,易得易失，得难失难。
未集,8829,17，18,整顿自然，不负良辰美景。
未集,8830,71,龟鹤之期，高寿之年。
未集,8831,27,君子思古，屡辞小人。
未集,8832,,正妻本无子，偏房许生儿。
未集,8833,64,风中之烛，光摇不定。
未集,8834,,问文无益，问武有余。
未集,8835,,身虽无子，赖有继孙。
未集,8836,45，46,保邦保民，万国安宁。
未集,8837,59,耗星相照，钱财难守。
未集,8838,23，24,操调中舟当，风波之鼎沸。
未集,8839,,命有关煞，一周而亡。
未集,8840,,武曲照命，弓马入泮。
未集,8841,60,耗星照命，其年破耗。
未集,8842,61,南极吉星照，其年瑞气多。
未集,8843,,命带孤寡宿，实恐无妻曰。
未集,8844,,姊妹四人，前缘注定。
未集,8845,69，70,问晴求雨，心腹羲皇。
未集,8846,,以监而纳中书，出入荣显。
未集,8847,49，50,喜事逢泰安，乐日渐渐长。
未集,8848,,任君学尽千般艺，不离行伍一兵丁。
未集,8849,25，26,林木春将近，芳菲景色新。
未集,8850,9,生来未满旬，徒增父母悲。
未集,8851,61,阳关一曲断肠声，草木青山别故人。
未集,8852,37，38,武场合式入泮。
未集,8853,51，52,呦呦鹿鸣，天赐麟儿。
未集,8854,61，62,黄菊绽东篱，秋色胜春光。
未集,8855,35，36,建国安邦比牧侯，救民畜众乐忘忧。
未集,8856,53，54,暗箭飞来，当防险处。
未集,8857,63，64,常鼓其腹，歌乐太平。
未集,8858,37，38,财帛勃发，涌泉而至。
未集,8859,17，18,丽日正芳菲，春风吹柳丝。
未集,8860,15，16,狂风叶难长，波浪孤舟橹不宁。
未集,8861,38,晦气相侵，流年不利。
未集,8862,49，50,高忱北窗下，悠林自得乐。
未集,8863,,阵伍中姓名不扬。
未集,8864,61，62,朝霞映画堂，彩色龙凤飞。
未集,8865,27,金风萧杀不可当，空中萱花别故乡。
未集,8866,24,科甲及第。
未集,8867,,拮据不求，克享其子。
未集,8868,,数定三军客，终身乘一马。
未集,8869,29，30,林木春将近，焕然景色新。
未集,8870,13，14,安然获福，俾尔渐昌。
未集,8871,,此刻生人，死于木火年方合。
未集,8872,3,幼年承继数，该处双亲人。
未集,8873,31，32,前途有推呼，惊防一点无。
未集,8874,7，8,此日虽憔翠，当年有吉星。
未集,8875,69，70,花移春苑娇娆好，全赖栽培雨露深。
未集,8876,51，52,莫道浮云无骤雨，须防尺水起波涛。
未集,8877,67，68,风前之烛，危而难免。
未集,8878,63，64,竹松鼓劲日，秋色正春容。
未集,8879,47，48,水涨长江两岸平，孤舟自在皆前行。
未集,8880,24,乡试中式。
未集,8881,73,孝子至此之称，不亚斑烂之乐。
未集,8882,31,寿少一春，一命归天。
未集,8883,,秋风桂子花开晚，海棠蟠桃结子迟。
未集,8884,3，4,其年虽好，难免啾唧。
未集,8885,42,一片白云迷户内，孝服相催泪两行。
未集,8886,43，44,一泓清水映满堂，春色光明照乾坤。
未集,8887,35，36,恍恍惚惚，不但人嗔且有鬼。
未集,8888,59，60,瑞气祥光珠翠现，轻风吹动绮罗香。
未集,8889,24,名登黄甲。
未集,8890,,务本营生理，一世便无忧。
未集,8891,31，32,病符相照，浮灾意外。
未集,8892,43，44,凿井得泉，其水汪然。
未集,8893,55，56,许多烦恼许多忧，变幻兴亡事事愁。
未集,8894,22,严亲数尽，三年泣血。
未集,8895,41，42,雨沾春色园林茂，日遍秋天宇宙清。
未集,8896,,子息虽有生，难育寿天年。
未集,8897,32,移花接木，运未得舒。
未集,8898,54，55,命照武曲，殿试中式。
未集,8899,56,天命加六数，大限黄泉人。
未集,8900,37，38,演武及第。
未集,8901,61,耗星照命，其年破耗。
未集,8902,69，70,云收雨散，日月光明。
未集,8903,57，58,闲把酒怀消日月，名利无关乐意浓。
未集,8904,,操持器量，畏首畏尾。
未集,8905,75,老年丧父，三年泣血亦英雄。
未集,8906,49,自叹夫君先去世，空余银烛伴黄昏。
未集,8907,33,断弦之忧，是年之咎。
未集,8908,,鸩毒亡身，妻该乐死。
未集,8909,62,此年有耗星，只恐破财帛。
未集,8910,45,琴瑟无音，皆因弦断。
未集,8911,,病符相照，浮灾意外来。
未集,8912,48，49,静中心地泰，喜色上眉头。
未集,8913,52,母赴瑶池，三年泣血。
未集,8914,,承异姓祀，缔百年好。
未集,8915,35，36,玉轮光皎洁，景色焕新艳。
未集,8916,23，24,暗中措索处，特见一天星。
未集,8917,15，16,红鸾相照。
未集,8918,,早淹暮安然，中间别有好花香。
未集,8919,,以财发身曰监。
未集,8920,33，34,灾晦缠身，流年不利。
未集,8921,93，94,寿至于此，一命归天。
未集,8922,79,天不绝人后，临终却有娠。
未集,8923,,财帛不谨，是后有祸。
未集,8924,3，4,拨云见青天，今年胜去年。
未集,8925,81，82,华堂八旬零，灾晦又相缠。
未集,8926,,终身监生，亦可见矣。
未集,8927,25,乡榜及第。
未集,8928,,送老以女为儿。
未集,8929,,少年多灾，忧常不足。
未集,8930,17,日是辰斗现，光暗各分明。
未集,8931,50,年满五旬，堂上萱花萎。
未集,8932,57，58,老年生子。
未集,8933,41，42,中秋望月，光圆千里。
未集,8934,71，72,便把阴功修福寿，栽培不至老枯松。
未集,8935,55，56,房考之年。
未集,8936,29，30,雨滋芳草润，转眼绿萋萋。
未集,8937,22,琴瑟弦又断，必须更换韵方和。
未集,8938,,承祖居而广大，不止守成。
未集,8939,64,破耗财帛，人财两空。
未集,8940,37，38,贵人点头，其利可求。
未集,8941,49，50,所得惟中正，安然不须忧。
未集,8942,33,堂上萱草落，三年泣血悲。
未集,8943,55，56,老年益壮，探花玩月醉长流。
未集,8944,39,数该生子。
未集,8945,23，24,太阳相照，人物光华。
未集,8946,56,好花不常嫌春冷，皓月关门不怕寒。
未集,8947,53，54,卜云其吉，终焉允藏。
未集,8948,39，40,数该生子。
未集,8949,9,九岁丧父，刑莫大焉。
未集,8950,29，30,过险方为福，逢吉自可升。
未集,8951,,姊妹六人，同父不同母。
未集,8952,9，10,莫嫌早运晦，须待水年荣。
未集,8953,15，16,胜地不常，盛筵难再。
未集,8954,,女命操持，丈夫之度。
未集,8955,19，20,不名不利，时运未至。
未集,8956,53，54,中秋云掩月，黄昏难辨时。
未集,8957,28,母赴瑶池，三年泣血。
未集,8958,,官讼勾连，是非难免。
未集,8959,,命带文星，天招秀士作夫人。
未集,8960,59，60,已喜鹿鸣宴，又羡产麒麟。
未集,8961,,三军队内我堪羡，轰轰烈烈迥出群。
未集,8962,,数注寒窗名未成，不如市上利盈盈
未集,8963,73，74,莫信时运好，须防有灾耗。
未集,8964,,造物多福，贵人妻宣。
未集,8965,47，48,好意催人，图谋事成。
未集,8966,49，50,波静浪平，扁舟稳渡。
未集,8967,53，54,终日福无疑，安常福自随。
未集,8968,,莫道老景无限好，好似黄花晚节香
未集,8969,21，22,云雨浓浓，运至时通。
未集,8970,60,朱颜易老，亦犹桃木。
未集,8971,37，38,好运恰相逢，福禄处处通。
未集,8972,46,游子归乡，浪子回头。
未集,8973,,大利北方。
未集,8974,,临事慷慨，喜气融和。
未集,8975,53，54,玉树琼树方得荣，忽被狂风吹折根。
未集,8976,45，46,太阳照耀，人物光华。
未集,8977,51,轻舟将近浪，一喜又一忧。
未集,8978,48,片帆遇逆流，急舟则蹉跎。
未集,8979,42,数该生子。
未集,8980,,老椿先作游仙客，萱草桃花在后归。
未集,8981,,五雁同飞，一只先入罗网。
未集,8982,54,生子之年。
未集,8983,,一树名花今既谢，从来无子结枝头。
未集,8984,,命犯孤刑，姻缘不宜早配。
未集,8985,33，34,凶神前后扰，吉神拥扶持。
未集,8986,49，50,兴尽悲来识，盈虚之有数。
未集,8987,72,此时称孤子，人生一慊事。
未集,8988,60,道途皆坦平，步动履无忧。
未集,8989,69，70,朔望之月，其光渐减。
未集,8990,23,喜之又不喜，日月有盈亏。
未集,8991,45，46,元亨利贞，大有所获。
未集,8992,3，4,此年无灾，略见平安。
未集,8993,15，16,天喜吉来临，天灾又无难。
未集,8994,,同飞四雁，我何受伤。
未集,8995,70,前有余月，万以进步。
未集,8996,37，38,夜雨正逢春，万物生和气。
未集,8997,,不从文武科中出，另有黄堂一丈夫。
未集,8998,,虎年文昌照命，必有青衣换锦袍。
未集,8999,,高云锦帐诚堪羡，冷落青毡不用忧。
未集,9000,,夫大一年，前生注定。
申集,9001,,花前谐私盟到底，鸳鸯得成合。
申集,9002,27，28,图谋顺利，运至时亨。
申集,9003,,父命鼠年生方合。
申集,9004,33，34,勇往直前，行之无阻。
申集,9005,,同榜进士，天发善门。
申集,9006,,进退皆五位，兴师出中凶
申集,9007,,夫小一年，姻缘前定。
申集,9008,,借问欲栖林树鹊，何年却向帝城飞
申集,9009,,甲子之年，武举及第。
申集,9010,29，30,利牝马之贞，冲人之吉。
申集,9011,57，58,为福又为祥，得到又得安。
申集,9012,43，44,君今欲渡为何事，如此风波未可行。
申集,9013,,父命丙子年生方合。
申集,9014,,今带地因好，相邀无本生。
申集,9015,,天公散人长，花前醉酒乡。
申集,9016,15，16,土计犯木星，注有牢刑灾。
申集,9017,,夫小二年，姻缘注定。
申集,9018,57，58,元亨利贞，大有所获。
申集,9019,,丙子之年，武举及第。
申集,9020,6，7,祖坟应出身，五七童儿忧。
申集,9021,,一字避忌曰火。
申集,9022,,妻小一年，姻缘定数。
申集,9023,,父子戊子年生方合。
申集,9024,,父母同属鼠。
申集,9025,39，40,孝服弥门，披麻照命。
申集,9026,17，18,火罗入水星，难免狱中刑罪苦。
申集,9027,,小小经营，自能白手成家。
申集,9028,,桂子丛中双结实，数中注定。
申集,9029,,戊子之年，武科中选。
申集,9030,13，14,柳花扑面，孝服之忧。
申集,9031,27，28,笑把粉香归绣户，坐垂帘幕避尘埃。
申集,9032,,妻小二年，姻缘注定。
申集,9033,,父子庚子年生方合。
申集,9034,,父属鼠母属牛，数由前定。
申集,9035,26,名登黄甲，身赴琼林。
申集,9036,,气星照命，注定牢灾刑罪苦。
申集,9037,,夫小四岁。
申集,9038,37，38,无妄之灾，其年不利。
申集,9039,,庚子之科，武举题名。
申集,9040,,夫妻同庚。
申集,9041,66,人立危桥下，舟行起恐情。
申集,9042,,取四方之市利，积后福而悠悠。
申集,9043,,父子壬子年生方合。
申集,9044,,父鼠母虎，先天注定。
申集,9045,29，30,月照楼台，以外光明。
申集,9046,21，22,木星照命，定为牢灾刑罪苦。
申集,9047,,夫小五岁。
申集,9048,65，66,际会和平，无边光景。
申集,9049,,壬子之年，宴会鹰扬。
申集,9050,27，28,墙边杨柳依依绿，若问年华处处闻。
申集,9051,47，48,闭户静生，是非临门。
申集,9052,,早运迟迟晚运美，梅花只到雪时奇。
申集,9053,,父子丑年生方合。
申集,9054,,父母属兔，先天注定。
申集,9055,,无本手艺虽然好，失多得少见阴功。
申集,9056,23，24,金木相克，难免狱中刑罪苦。
申集,9057,,夫小六岁。
申集,9058,21,大小安然，福禄绵绵。
申集,9059,,温柔而能刚，不类颂仲山。
申集,9060,,一字避忌曰水。
申集,9061,,数定幼年不学艺，去邪归正发财源。
申集,9062,,妻小五岁，命中注定。
申集,9063,,父子丁丑年生方合。
申集,9064,,父鼠母龙，数由前定。
申集,9065,,命带天雄犯计星，无本生理好难免。
申集,9066,23，24,天囚化马难免监，破财之悔逢盛年。
申集,9067,,夫小七岁。
申集,9068,,好读奇书字博士，孙杨不遇枉然。
申集,9069,,学得一般好手艺，刚而能温柔。
申集,9070,19，20,乍暖梅花犹半吐，初开柳眼未全舒。
申集,9071,,命犯恶曜，有耳不闻言。
申集,9072,,早运迟晚运美花，结子福悠悠。
申集,9073,,父命己丑年生方合。
申集,9074,,父鼠母蛇，数由前定。
申集,9075,3,依嫩竹成竿，赖祖宗庇佑。
申集,9076,27，28,计如相刑，难免牢中刑罪苦。
申集,9077,,夫小八岁。
申集,9078,30,洞房之年。
申集,9079,63，64,多箱多仓，福禄且康。
申集,9080,,乙卯之年，宴饮鹰扬。
申集,9081,9,窥春柳眼微微绿，笑日梅花淡淡红。
申集,9082,,妻小七岁，姻缘注定。
申集,9083,,父命辛丑年生方合。
申集,9084,,父鼠母马，先天定数。
申集,9085,37,科甲及第。
申集,9086,29，30,罗星入命，数注牢中刑罪苦。
申集,9087,,夫小九年方合。
申集,9088,47，48,知进知退，居安虑危。
申集,9089,39，40,画水无声山有浪，绣花虽美不闻香。
申集,9090,,丁卯之年，武场中选。
申集,9091,,赖祖宗庇佑，能方成大业。
申集,9092,,妻小八岁。
申集,9093,,父命癸丑年生方合。
申集,9094,,父鼠母未，数内先祥。
申集,9095,,数有五子，四子送终。
申集,9096,,天囚到鼠厄，定为牢灾刑罪苦。
申集,9097,,夫小十岁。
申集,9098,,梅花始发，万卉稳妍。
申集,9099,,梨花带雨，柳絮随风。
申集,9100,,己卯之年，宴饮鹰扬。
申集,9101,19，20,落日平原寂，苍苍薄雾飞。
申集,9102,,妻小九年。
申集,9103,,父命寅年生方合。
申集,9104,,父鼠母猴，先天注定。
申集,9105,,风吹碧桃落尘埃，花开无子出虚胎。
申集,9106,33，34,亲厄犯罗星，难免牢灾刑罪苦。
申集,9107,,夫小十一岁。
申集,9108,29，30,柳树怕经寒夜雨，梅花带雪隔年春。
申集,9109,67，68,虽喜未为喜，逢凶不是凶。
申集,9110,,辛卯之年，武场得志。
申集,9111,50,蒙蒙云迷月，霏霏雨湿花。
申集,9112,,妻小十岁。
申集,9113,,父命戊寅年生方合。
申集,9114,33，34,父鼠母鸡，先天注定。
申集,9115,,出胎便无母，幼时失所恃。
申集,9116,35，36,流年犯白虎，注定牢灾刑罪苦。
申集,9117,,夫小十二岁。
申集,9118,,妻生三子，妾生二儿。
申集,9119,27,坤命元亨，夫明子秀。
申集,9120,,癸卯之年，武场捷报。
申集,9121,47，48,轻轻风雨拂沉沉，红已消疏绿未明。
申集,9122,,妻小十一岁。
申集,9123,33，34,父命庚寅年生方合。
申集,9124,,父鼠母犬，先天注定。
申集,9125,31,雷声虽大全无雨，放下心肠且自修
申集,9126,37，38,罗计相犯，定主牢刑罪苦。
申集,9127,,夫小十三年。
申集,9128,,桂子兰孙天，家庭和气兴。
申集,9129,,须知两雁同飞下，一只先投入网中。
申集,9130,35,吉凶同途，宜慎则慎。
申集,9131,,命犯流霞，数注伤其手。
申集,9132,,妻小十二岁。
申集,9133,,父命壬寅生方合。
申集,9134,,父鼠母猪，先天定数。
申集,9135,,一字切忌曰羊，信不得。
申集,9136,39，40,火罗流年，定主牢狱刑罪苦。
申集,9137,,夫小十四年。
申集,9138,21，22,乡科及第，天赐佳儿。
申集,9139,,行为害人反害己，子息有亏报无穷。
申集,9140,31，32,祥光相照神，人足畅所怀。
申集,9141,51，52,望梅止渴，究难宴济。
申集,9142,,妻小十三年。
申集,9143,57，58,父命甲寅年生方合。
申集,9144,,父母同牛，先天定数。
申集,9145,,罗计相争，有损死于水火厄。
申集,9146,41，42,金水相犯，难免牢狱刑罪苦。
申集,9147,,夫小十五年。
申集,9148,38,进士及第，人生大幸。
申集,9149,29,自思运未转，谋事反成凶。
申集,9150,83，84,柳絮怕惊新岁雨，桃花随风逐水流。
申集,9151,,其乐杜康，顺境相忘。
申集,9152,,妻小十四岁。
申集,9153,,父命卯年生方合。
申集,9154,,父牛母鼠，先天定数。
申集,9155,,一字切忌曰狗，信得过。
申集,9156,33，34,水土相犯，牢灾刑罪之苦难。
申集,9157,33，34,君老矣何当重任。
申集,9158,,曾皙之子得一面。
申集,9159,83，84,风月无边有，人间好事无。
申集,9160,,妻生一子，妾生五儿。
申集,9161,,穿僧家衣服为俗，家事业辱我梵王。
申集,9162,,妻小十五年。
申集,9163,,父命丁卯年生方合。
申集,9164,,父牛母虎，先天数定。
申集,9165,29,乐水乐山育圣书，礼忏焚香念道经。
申集,9166,45，46,天囚入命，莫醉刑罪牢狱苦。
申集,9167,26,生子之年。
申集,9168,,注定先天少雁行，到底兄弟不成双。
申集,9169,,先做香花，后入禅林。
申集,9170,58,名登黄甲。
申集,9171,,幼年出家，中年还俗。
申集,9172,,妻小十六年。
申集,9173,,父命辛卯年生方合。
申集,9174,,父牛母兔。
申集,9175,,妻擅夫权，狮吼之风。
申集,9176,47，48,天狗犯岁厄，注有牢灾刑罪苦。
申集,9177,53，54,欲得心事胜天公，散人长受花前醉。
申集,9178,30,神人律管换年华，次第开时有好花。
申集,9179,45，46,红袖影孤鹰境破，玉箫声断凤台空。
申集,9180,,妻生一子，妾生四儿。
申集,9181,19，20,庇荫之下，祖宗阴德。
申集,9182,,妻小十七岁。
申集,9183,,父命辛卯年生方合。
申集,9184,,父牛母龙，先天定数。
申集,9185,25，26,红绿交新，大称心怀。
申集,9186,49，50,水火相犯，注定牢中刑罪苦。
申集,9187,27,不如意事常八九。
申集,9188,,老夫少妻，相差十载。
申集,9189,,兄在东时弟在西，一双鸿雁两分飞。
申集,9190,,火在水上，未济之象。
申集,9191,,幼年出家，先天注定。
申集,9192,,妻小十八岁。
申集,9193,,父命乙卯年生方合。
申集,9194,,父牛母蛇，先天定数。
申集,9195,39，40,琴瑟和鸣细，拨朱弦和凤再舞。
申集,9196,51，52,岁厄犯木星，命招牢狱刑罪苦
申集,9197,5,安乐之象。
申集,9198,6,新竹无端破，荟苔满绿阶。
申集,9199,,父母生年虽不同，注定同亲寿元终。
申集,9200,87，88,淹留岁月，混沌乾坤。
申集,9201,,千万身家，毁于一旦。
申集,9202,,妻小十九年。
申集,9203,,父命龙年生方合。
申集,9204,,父牛母马，数定无差。
申集,9205,49，50,一林又一林，撑过前途好稍停
申集,9206,53，54,天囚入岁厄，注定牢狱刑罪苦。
申集,9207,33，34,钦命典试。
申集,9208,18,早运淹沉志未伸，不如待等好运临。
申集,9209,27,莺因雨久声犹滞，月为云遮不放光。
申集,9210,,六阴之象，事不安康。
申集,9211,,早年妻离子散，中年数当出家。
申集,9212,,妻小二十年。
申集,9213,,父命丙辰年生方合。
申集,9214,,父牛母羊，先天定数。
申集,9215,33，34,寻花问柳，千红万紫乐意浓。
申集,9216,53，54,金星犯天囚，数定牢中刑罪苦。
申集,9217,40,名登黄甲。
申集,9218,23，24,万里春风布暖，一天秋月扬辉。
申集,9219,,一字切忌曰香，百业兴隆。
申集,9220,,云里明月，雨中鲜花。
申集,9221,,父母生年合土，死于水年方合。
申集,9222,,休说六韬三略，只从远路扬名
申集,9223,,父命戊辰年生方合。
申集,9224,,父牛母猴，先天定数。
申集,9225,19，20,时未至兮君宜守，何必徒劳费精神。
申集,9226,56，57,天囚犯流霞，难免牢中刑罪苦。
申集,9227,32,功名成就日，一旦姓名扬。
申集,9228,,前生凤缘，数当披剃。
申集,9229,27，28,钓于渭水，时运未遇。
申集,9230,45，46,披麻无情，门庭闹乱。
申集,9231,,中年出家，数由前定。
申集,9232,,妻小二十二岁。
申集,9233,,父命庚辰年生方合。
申集,9234,,父牛母鸡，先天定数。
申集,9235,,虽是出家僧，常作俗家事。
申集,9236,69，70,金木相犯，主有牢中刑罪苦。
申集,9237,,天配水火子，招金土方合。
申集,9238,21,撑过山时又是关，缓辔徐行兔见伤。
申集,9239,91，92,五福寿为先，平安乐天年。
申集,9240,,与人慈悲，可以成佛。
申集,9241,38,名登金榜。
申集,9242,33，34,禅房却被雪花侵。
申集,9243,,父命壬辰年生方合。
申集,9244,,父牛母犬，先天定数。
申集,9245,,修造殿宁旺释家，日新佛像旺僧门。
申集,9246,61,天囚入岁厄，定招牢中刑罪苦。
申集,9247,31,雨妍桃花，云迷秋月。
申集,9248,120,百岁有几人，天赐我百零。
申集,9249,19,乍雨乍晴春无定，花开花落雨无情。
申集,9250,39，40,拮据不遑之象。
申集,9251,,名登黄甲。
申集,9252,,妻小二十四岁。
申集,9253,,父命蛇年生方合。
申集,9254,,父牛母猪，先天定数。
申集,9255,93，94,篱中金菊耐霜寒。
申集,9256,65，66,命带天囚星，难免牢中刑罪苦。
申集,9257,51，52,明花满庭，时时乐意。
申集,9258,19,衣帛食肉，不负天年。
申集,9259,21，22,半帘秋叶碧，满园春花寂。
申集,9260,95，96,屯蒙之象，事不安宁。
申集,9261,,若问寿元何日止，花甲将周是归期，
申集,9262,27，28,水满池塘花满枝，青青叶里自闻香。
申集,9263,,父母丁巳年生方合。
申集,9264,,父母全属虎，先天定数。
申集,9265,93，94,查得寿元足矣。
申集,9266,65，66,天内人命，定招定中刑罪苦。
申集,9267,33，34,乡科捷报，天赐佳儿。
申集,9268,19,七夕有云天淡淡，中秋无月夜蒙蒙。
申集,9269,,木年死子方合。
申集,9270,95，96,满眼儿孙多富贵，福如东海寿南山。
申集,9271,33，34,春风吹雨遍残枝，无数花飞水一池。
申集,9272,43，44,万恨愁人方易老，春回依旧生芳草。
申集,9273,,父命己巳年生方合。
申集,9274,,父虎母鼠，先天定数。
申集,9275,,招得土木之夫，木火之子方合。
申集,9276,67，68,命犯天囚，注定牢中刑罪苦。
申集,9277,75,苦命阳年何日止，七锂加五是归期。
申集,9278,,喜怒不形，物我无问。
申集,9279,53，54,不知气力寒多少，但觉新愁夜上楼。
申集,9280,35，36,无语对斜晖，万恨千悉只处知。
申集,9281,,甲午之年，宴食鹰扬。
申集,9282,37，38,黄叶无风落，秋云雨长阴。
申集,9283,,父命辛巳年生方合。
申集,9284,,父虎母牛，先天定数。
申集,9285,79，80,数该生子。
申集,9286,69，70,天囚入命，定招牢狱之苦。
申集,9287,53，54,借流荧之光，若隐又若现。
申集,9288,23,潦金大运地，当入宫墙时。
申集,9289,,文武科中出，命有千总升。
申集,9290,97，98,黄金不为贵，老安值钱多。
申集,9291,,丙午之年，武扬捷报。
申集,9292,53，54,不必问荣枯，荣枯未有期。
申集,9293,,父命癸巳年生方合。
申集,9294,,父虎母兔，先天定数。
申集,9295,57，58,逐鹿还失鹿，求名未得名。
申集,9296,,老来借三春，以足八旬数。
申集,9297,27，28,锦绣堂中列绮罗，春风八户鸟声和。
申集,9298,77,生子之年。
申集,9299,29，30,事遇从容怀抱安，金风一阵夜生寒。
申集,9300,,沐恩三十年，子贵妻荣。
申集,9301,,戊午之年，宴饮鹰扬。
申集,9302,11，12,灾晦相侵，流年不利。
申集,9303,,父命午年生方合。
申集,9304,,父虎母龙，先天定数。
申集,9305,,夫大一年，婚姻前定。
申集,9306,,数有偏枯，子当瞽目。
申集,9307,,名登黄甲。
申集,9308,,不幸双亲俱欠寿，自成自立苦伶仃。
申集,9309,11,人道流年美，梨花一枝春带雨。
申集,9310,97，98,美景良辰君莫负，老来行乐享天年。
申集,9311,,庚午之年，宴饮鹰扬。
申集,9312,79,八旬欠一是归期，算来易数已先知。
申集,9313,,父命午年生方合。
申集,9314,,父虎母蛇。
申集,9315,,夫大二年，先天注定。
申集,9316,18,佳期在即。
申集,9317,46，47,衣食饶足，家门迪吉。
申集,9318,45，46,犹如秋雨夜雨，一点一声愁。
申集,9319,25，26,一日暴未乾，何堪十日寒。
申集,9320,27，28,六阴之象，事不能安。
申集,9321,,壬午之年，宴食鹰扬。
申集,9322,68,本是同林鸟，雄者恨先飞。
申集,9323,,父命戊午年生方合。
申集,9324,,父虎母马，先天定数。
申集,9325,,夫大三年，姻缘注定。
申集,9326,,齐眉称举案，戒蛙有鸡鸣。
申集,9327,29，30,饱食暖衣，无求之乐。
申集,9328,10,年逢十岁亦堪夸，风前之烛雨中花。
申集,9329,92,坐临活水襟怀净，卧坐淡云世虑深
申集,9330,53,名登黄甲。
申集,9331,57，58,因木而择垒，松树耐岁寒
申集,9332,35，36,远蚰出云催薄雾，微风细雨弄轻烟。
申集,9333,,父命庚午年生方合。
申集,9334,,父虎母羊，易数先详。
申集,9335,,夫大四年，姻缘注定。
申集,9336,47，48,松树清风堪说法，竹林明月任谈经
申集,9337,,空看雨涨秋池水。
申集,9338,15,风折梅花，雨打梨花。
申集,9339,,近贵日久，亦可荣身
申集,9340,23，24,勤俭持家，只深惆怅。
申集,9341,,位尊五品，得结一生之局
申集,9342,,月光当头可奈何，头男长女泪痕多
申集,9343,,父命壬年生方合。
申集,9344,,父虎母猴，先天定数。
申集,9345,,夫大五年，姻缘注定。
申集,9346,,前途未定，八千里路云和月。
申集,9347,53，54,人事得周全，春花秋月满目前。
申集,9348,10,流年交一旬，灾晦未相侵
申集,9349,,兄妹四人，我居幼。
申集,9350,24,取用有余，闺中快乐
申集,9351,55,名登黄甲。
申集,9352,51，52,欢娱正好愁夜短，洗脱东风志不迁。
申集,9353,,父命羊年生方合。
申集,9354,,父虎母鸡，先天定数
申集,9355,,夫大六年，姻缘注定。
申集,9356,,往事如烟，白了少年头。
申集,9357,,欲图黄卷春风暖，须耐青灯夜雨寒。
申集,9358,,招得金水年，死于水火年。
申集,9359,,名子补入蟾宫里，十里杏花堪跨马。
申集,9360,64,动有悔成尤，不动方有益。
申集,9361,,戊子拜师，方合此刻。
申集,9362,19，20,身字意稳，动用不竭。
申集,9363,39,父命丁未年生方合。
申集,9364,,父虎母犬，先天定数。
申集,9365,,夫大七年，前生注定。
申集,9366,,老夫少妻，久旱逢雨。
申集,9367,37，38,好个春光遍，恨妒风疾雨。
申集,9368,13,幼年不堪，犹如雨中花。
申集,9369,,无分嫡庶，总叶熊罴。
申集,9370,45,露冷莲房，粉痕欲坠。
申集,9371,35，36,展开凤阁消残梦，静对开花满目中。
申集,9372,55,名登金榜。
申集,9373,,父命己未年生方合。
申集,9374,,父虎母猪，前天定数。
申集,9375,,夫大八年，前生注定。
申集,9376,,兄弟二人，乐奏几般音。
申集,9377,57，58,高枕北窗下，谨慎勿妄动。
申集,9378,63，64,离卦中虚之象。
申集,9379,,妻生一子，妾生一儿。
申集,9380,47，48,阴雨连绵，闺中愁怨。
申集,9381,53，54,莫道春花好，风雨又相催。
申集,9382,,红杏出墙，流水风吹。
申集,9383,,父命辛未年生方合。
申集,9384,,父母同属兔，先天定数。
申集,9385,,夫大九年，前生注定。
申集,9386,,月暗风涌，篱花落落。
申集,9387,47，48,一树梨花白玉开，丧门照命有忧来。
申集,9388,87,驾鹤乘云去，飘然竟不回。
申集,9389,,子结二枝，正副同产。
申集,9390,19，20,福自降兮禄自臻，衬时称赏庆芳辰。
申集,9391,67,水涨渔翁泊柳桥，披蓑戴笠过江臬。
申集,9392,23,黄金埋土，未得施为。
申集,9393,,父命癸未年方合。
申集,9394,,父兔母鼠，先天定数。
申集,9395,,夫大十年，姻缘注定。
申集,9396,,性急偏向虎山行。
申集,9397,,桂子丛中，初结实数中注定。
申集,9398,,官至都司，不能高擢。
申集,9399,69，70,元旦不传云外信，三春空结雨中愁。
申集,9400,,不读诗书千万卷，只求榛粟数株多。
申集,9401,31,乍雨乍晴春易老，闲愁闲闷日偏长。
申集,9402,,操持未久鬓斑竹，一点雄心尚未阑。
申集,9403,,父命猴年生方合。
申集,9404,,父兔母牛，先天定数。
申集,9405,,夫大十一年，婚姻注定。
申集,9406,,一字记住曰刚。
申集,9407,49，50,丧门相照，有哭泣之哀。
申集,9408,13,流年不宁，临灾不免。
申集,9409,23，24,园圃春长在，闺门吉庆多。
申集,9410,22,喜气盈门，事事从容。
申集,9411,,妻生四子，妄亦如之。
申集,9412,,月字当头，子女定有损耗。
申集,9413,,父命丙申年生方合。
申集,9414,,父兔母虎，先天定数。
申集,9415,,夫大十二年，婚姻注定。
申集,9416,33,兄妹四人，我为兄。
申集,9417,,勤俭持家，内助良人游国学。
申集,9418,59，60,人事无关心意足，梦魂不扰兴偏长。
申集,9419,,父母同年生，享寿自不同。
申集,9420,25，26,顺遂韶光，安闲获福。
申集,9421,,粗茶淡饭，闺房欢乐。
申集,9422,28,人口平安家财旺，海棠不与旧时同。
申集,9423,,父命戊申年生方合。
申集,9424,,父兔母龙，先天定数。
申集,9425,,粗袈淡食消，白昼养禅心。
申集,9426,,妻生二子，妾生四子。
申集,9427,35，36,六阴之象，事不安宁。
申集,9428,26,福禄随天降，财源逐日新。
申集,9429,13,细雨沾花不发，淡云迷日还沉。
申集,9430,102,世上难逢百岁人，君今百岁有二春。
申集,9431,42,秋风萧飒，闺阁凄然。
申集,9432,29,日正光辉月下正圆，眼前美景乐无边。
申集,9433,,父命庚申年生方合。
申集,9434,,父兔母蛇易数无差。
申集,9435,,夫大十四年，婚姻注定。
申集,9436,,衣食有余，禅门享福。
申集,9437,,一些闲福享不得，碌碌营生独自辛。
申集,9438,52，53,犹如秋夜雨，一点一声愁。
申集,9439,,玉楼烟锁一春寒，满园桂子发秋香。
申集,9440,,一肩风雨任平生。
申集,9441,29,门庭多吉庆，财福自天来。
申集,9442,45，46,一点福星当牖户，满庭春色蔼闾门。
申集,9443,,父命壬申年生方合。
申集,9444,,父兔母马，先天定数。
申集,9445,,夫大十五年，婚姻注定。
申集,9446,,秋风露滴迎花月，孤雁湘江任来去。
申集,9447,,乙酉之年，宴饮鹰扬。
申集,9448,61，62,借流萤之光，或隐或现。
申集,9449,10，11,时人不识予心乐，将谓偷闲学少年。
申集,9450,33,时来风送滕王阁，君家百事任施为。
申集,9451,49，50,运迷皎月无人赏，雨打梨花结不成。
申集,9452,,子有三凤夺，锦标以扬名。
申集,9453,,父命鸡年生方合。
申集,9454,,父兔母羊，先天定数。
申集,9455,,夫大十六年，命中注定。
申集,9456,,一字切忌曰猴，疏不得。
申集,9457,,丁酉之科，武扬得意。
申集,9458,,其人住居，香花僧院。
申集,9459,61,抢攘未有宁，内外俱焦心。
申集,9460,,家业兴隆，喜子又昌。
申集,9461,29,琅琊竹报平安日，锦绣花开满目中。
申集,9462,47，48,日正端阳，吉祥之中又吉庆。
申集,9463,,父命丁酉年生方合。
申集,9464,,父兔母猴，先天定数。
申集,9465,,夫大十七年，婚姻注定。
申集,9466,,兄妹四人，我居次。
申集,9467,,己酉之年，宴饮鹰扬。
申集,9468,65,灾晦相侵，流年不利。
申集,9469,24,心中多少忧愁事，冷落凄凉人自知。
申集,9470,33,桃红柳绿，大称心怀。
申集,9471,41,上苑春回花正发，云静新秋月正明。
申集,9472,27，28,人从运转，福自天来。
申集,9473,,父命乙酉年生方合。
申集,9474,,父兔母鸡，先天定数。
申集,9475,,夫大十八年，婚姻注定。
申集,9476,,哑巴得一，心满意足。
申集,9477,,辛酉之科，宴饮鹰扬。
申集,9478,,子多惹事，一枝足矣。
申集,9479,,先迷后得，利有攸往。
申集,9480,,宁可修德避难，不可行险以求。
申集,9481,39，40,田园广阔声名重，家业兴隆气象新。
申集,9482,53,数注良人难共老，一朝辞世别阳关。
申集,9483,,父命辛酉年生方合。
申集,9484,,父兔母犬，先天定数。
申集,9485,,夫大十九年，婚姻注定。
申集,9486,,有子虽多，易数仅知其一。
申集,9487,,癸酉之年，武扬捷报。
申集,9488,42,满眼春花好，一天秋月明。
申集,9489,24,泽上有水，困厄之象。
申集,9490,103,一百零三春，安然往西行。
申集,9491,32，33,房考之年。
申集,9492,,三子送老。
申集,9493,,父命癸酉年生方合。
申集,9494,,父兔母猪，先天定数。
申集,9495,,作事常存思孝道，妻亲不失孩儿心。
申集,9496,,兄弟四人，非一母所生。
申集,9497,73，74,花絮叶落，五女送终。
申集,9498,33，34,运行光明地，时当几机为。
申集,9499,37，38,不中不庸，其道坦荡。
申集,9500,,夫妻六冲，一刚一柔皆到老。
申集,9501,46,夜深明月更添愁。
申集,9502,,天涯海角任飘蓬，数注驿马在命中。
申集,9503,,父命戌年生方合。
申集,9504,,父母俱属龙，数定在其中。
申集,9505,,夫大二十一年，命中注定。
申集,9506,,醉倒杏花村，一字记之酒。
申集,9507,51，52,天哭催人，难免孝服。
申集,9508,46,和风丽日时，财兴喜气多。
申集,9509,107,寿域弘开，福常厚享。
申集,9510,40,日暖桃花放，泥融燕子飞。
申集,9511,,玉楼烟锁三春冷，桂子秋生八月香。
申集,9512,,乙丑之年，名登黄甲。
申集,9513,,命父丙戌生方合。
申集,9514,,父龙母鼠。
申集,9515,,夫人二十二年，婚姻注定。
申集,9516,73,理数算来原有定，七十有三是归程。
申集,9517,,其形如石，其姓如朱。
申集,9518,59,双双燕侣两分飞，自恨不齐眉。
申集,9519,,二旬之外，得子结实。
申集,9520,46，47,日暖东园花绽锦，雨晴北岸柳摇金。
申集,9521,53，54,田园广阔声名重，喜气峥嵘子又昌
申集,9522,,丁丑之年，名登黄甲。
申集,9523,,父命戊戌年生方合。
申集,9524,,父龙母牛，先天定数。
申集,9525,,夫大二十三年，婚姻注定。
申集,9526,49，50,花木深时香自满，尘绿空处性常明。
申集,9527,44,名登金榜。
申集,9528,60,柳发何愁堤岸峭，桃开正喜日光融。
申集,9529,52,雨后江山争秀丽，风前花柳正繁华。
申集,9530,,木年克子，火年又克。
申集,9531,82,九九还有一年寿。
申集,9532,,己丑之年，名登黄甲。
申集,9533,,父命庚戌年生方合。
申集,9534,,父龙母虎，先天注定。
申集,9535,,发财创业兴家富，湖海经营有路通。
申集,9536,64,人生八八，荷叶凋谢。
申集,9537,,数有偏枯，长子瞽目。
申集,9538,60,桃红柳绿三春景，日暖风和二月天。
申集,9539,30,名登金榜，天赐佳儿。
申集,9540,55，56,轻之半步难动，重之千里易行。
申集,9541,,以秀才而辞监，数自前定。
申集,9542,,辛丑之年，名登黄甲。
申集,9543,,父命壬戌年生方合。
申集,9544,,父龙母兔，先天定数。
申集,9545,,夫大二十五年，婚姻注定。
申集,9546,,一字切记曰红，吉利矣。
申集,9547,57,良人先去世，独自守黄昏。
申集,9548,31，32,主持闺门风光好，内外心闲乐意多。
申集,9549,61，62,喜气人增彩，财源日日昌。
申集,9550,74,人生七十古来稀，更添四载是归期。
申集,9551,49，50,暗天雷鸣，无风浪生。
申集,9552,,癸丑之年，进士必得。
申集,9553,,父命亥年生方合。
申集,9554,,父龙母蛇，先天定数。
申集,9555,,夫大二十六，婚姻前定。
申集,9556,,全凭神力成终始，自有麟儿结实来。
申集,9557,45,兄妹五人，我居长。
申集,9558,21，22,相夫子以富贵，厉甘苦以辛勤。
申集,9559,27，28,得意须防失意，无心务要留心。
申集,9560,,老妻少夫，方合此刻。
申集,9561,,君知先天数，有子不如徒。
申集,9562,,命不由人，次子瞽目。
申集,9563,,父命丁亥年生方合。
申集,9564,,父龙母马，先天定数。
申集,9565,,夫大二十七年，婚姻前定。
申集,9566,,为人孝悌，为人忠厚。
申集,9567,66,天降财源盛，人谋福道昌。
申集,9568,63，64,春光多富贵，皎月正光辉。
申集,9569,76,柳絮随风舞，桃花逐水流。
申集,9570,35,易消易长沟中水，时卷时舒天上云。
申集,9571,25，26,旧恨新苦，蹙在眉尖。
申集,9572,,命虽薄而遇好境，生平及禄贵人家。
申集,9573,,父命己亥年生方合。
申集,9574,,父龙母羊，先天定数。
申集,9575,57，58,幽室雪侵，菩提惨淡。
申集,9576,47，48,汲水烹茶，优游多福。
申集,9577,45,不用谋衣食，饱暖足无求。
申集,9578,,烹之硬砍之，空世上奇人
申集,9579,69,寿元花甲外，前生注定。
申集,9580,65，66,知君老至精神旺，还言晚景子又昌
申集,9581,11，12,嫩竹成林，指日畅茂。
申集,9582,,三子不成人，前生注定。
申集,9583,,父命辛亥年生方合。
申集,9584,,父龙母猴，先天注定。
申集,9585,37，38,丧门照命，师当归西。
申集,9586,,及水烹茶，优游多福。
申集,9587,,乡科及第，又兆熊罴。
申集,9588,,莫道秋容冷淡，自然晚景光辉。
申集,9589,29，30,日暖桃花放，呢喃燕子飞。
申集,9590,13，14,事事称人怀，少年行乐欢。
申集,9591,11，12,无灾无难，流年之庆。
申集,9592,,居安思危，思则有备。
申集,9593,,父命癸亥年生方合。
申集,9594,,父龙母鸡，先天定数。
申集,9595,,夫大三十，婚姻注定。
申集,9596,,妻生三子，妾生三儿。
申集,9597,,有禄有财过晚景，无忧无虑乐平平。
申集,9598,13,灾晦不生，平安之福。
申集,9599,,寿元花甲外，一生得安然。
申集,9600,14,不幸少灾殃，自新喜气临。
申集,9601,13，14,少年得意，一生成气。
申集,9602,53，54,诸事徘徊人，深闺美容开。
申集,9603,,甲辰之年，敕赐进士。
申集,9604,,父龙母犬，先天定数。
申集,9605,,母命子年生方合。
申集,9606,,有子虽多，易数仅知其三。
申集,9607,23，24,缓辔徐行自驾程，月沉东海日东升。
申集,9608,,喜逢身外地，连年卜卦宜。
申集,9609,68,杨柳维新，万家舒泰。
申集,9610,14,春回花正发，雨后草长生。
申集,9611,33，34,上苑奇花呈富贵，庭前翠竹发新枝。
申集,9612,,中馈有主，频繁可托。
申集,9613,,丙辰之年，得中进土。
申集,9614,,父龙母猪，先天定数。
申集,9615,,母命丙子年生方合。
申集,9616,,木年克妻，金年再娶。
申集,9617,,好花栽满园，绿竹影长亭。
申集,9618,14,时来堪富贵，安享福盈盈。
申集,9619,39，40,丧门相照，师不能延。
申集,9620,55，56,闺中福禄，无常深恼。
申集,9621,,上苑花发，待续东宫。
申集,9622,15,万里春光先布暖，一天秋月正扬辉。
申集,9623,,戊辰之年，进士必得。
申集,9624,,父母全属蛇，先天数不差。
申集,9625,,母命戊子生方合。
申集,9626,,兄妹五人，我居幼。
申集,9627,,火年妻故，一命归天。
申集,9628,,双目不明，前生注定。
申集,9629,82,风和日暖梅花吐，水润泥融燕子居
申集,9630,69,岁寒之时，松柏独秀。
申集,9631,16,幼年造化奇，一天星斗正光辉。
申集,9632,,虽然富足，子孙难招。
申集,9633,,庚辰之年，进士必得。
申集,9634,,父蛇母鼠，先天定数。
申集,9635,,母命庚子年生方合。
申集,9636,46,科甲及第。
申集,9637,74，75,绸缪不少，快意无多。
申集,9638,,一字须记曰忍，忍之海阔天空。
申集,9639,,兄弟虽多，易数只有其二。
申集,9640,15,夜月彩花影，春风报佳音。
申集,9641,18,桃红柳绿，大称心怀。
申集,9642,,佳儿佳妇，老有所养。
申集,9643,,壬辰之年，进士注定。
申集,9644,,父蛇母牛，先天定数。
申集,9645,,母命壬子年生方合。
申集,9646,42,七六大造化，腾云又揽月。
申集,9647,,数注偏枯，父当瞽目。
申集,9648,17，18,一朵名花果出奇，不因风雨两相催
申集,9649,16,眉头不挂别烦恼，无闷心闲竟安舒。
申集,9650,79，80,风里落花谁是主，丁香空结雨中愁。
申集,9651,19,不劳于事，自合其宣。
申集,9652,52，53,门外流莺啼，落花兰房寂寞人。
申集,9653,,乙未之年，进士及第。
申集,9654,,父蛇母虎，先天定数。
申集,9655,,母命牛年生方合。
申集,9656,42,老师得道日，何怕雪夜侵。
申集,9657,,一子送老，先天注定。
申集,9658,17，18,安享福自然，神人内助总无牵。
申集,9659,15，16,风卷灯花暗，扶摇风雨影纵横。
申集,9660,,明月春风，挥洒自如。
申集,9661,19,嫩蕊初吐秀，好运又及时。
申集,9662,,此卦招妻水命生，金木之年寿元终。
申集,9663,,丁未之年，进士及第。
申集,9664,,父蛇母兔，先天注定。
申集,9665,,母命丁丑生方合。
申集,9666,,命照武曲星，招来壮土作夫人。
申集,9667,,二子送终，先天注定。
申集,9668,23，24,花落万事愁，家计事事忧。
申集,9669,25，26,颠沛流漓，穷愁自苦。
申集,9670,79，80,莫信时运好，须防有灾侵。
申集,9671,20,好景须记之，梅黄橘绿时。
申集,9672,32,房孝之年。
申集,9673,,己未之年，进士必得。
申集,9674,,父蛇母龙，先天定数。
申集,9675,,母命己丑年生方合。
申集,9676,62,一心闲处心，如水万法空。
申集,9677,,三子送老，先天注定。
申集,9678,23,乾坤有道门庭旺，福禄无亏造化亨。
申集,9679,21,洛阳花发春光艳，玉井莲开夏景浓。
申集,9680,,不贪美酒，则祸无生。
申集,9681,29，30,天赐其庥，福祉直臻于绣户。
申集,9682,39，40,运来何必劳心力，人旺财兴事业增。
申集,9683,,辛未之年，进士必得。
申集,9684,,父蛇母马，先天注定。
申集,9685,,母命辛丑年生方合。
申集,9686,,未娶妻先立妾，数有前定。
申集,9687,,四子送终，先天注定。
申集,9688,15，16,室中欢笑，事事呈祥。
申集,9689,25，26,日烘春色侵衣艳，风送衣来扑鼻香。
申集,9690,23,门庭多吉庆，人事倍精神。
申集,9691,69，70,南极祥光照我身，此年幸得吉星临。
申集,9692,,事可以称心，交友可称信。
申集,9693,,癸未之年，进士必得。
申集,9694,,父蛇母羊，先天定数。
申集,9695,,母命癸丑年生方合。
申集,9696,,一朝春尽红颜老，花落人亡两不知。
申集,9697,,五子送终，先天注定。
申集,9698,47，48,龙在山中，心向贵人。
申集,9699,45，46,旺夫益子，精神湛玉壶。
申集,9700,,夫大三岁，百依百顺。
申集,9701,,夫妻仝暮景，兰桂喜芬芳。
申集,9702,31,钦命典试。
申集,9703,,甲戌之年，进士必得。
申集,9704,,父蛇母猴，先天定数。
申集,9705,,母命虎年生方合。
申集,9706,,恩爱夫妻，时有且吾。
申集,9707,,六子送终，先天注定。
申集,9708,47,兄妹五人，我居次。
申集,9709,55，56,满门诸事喜，闺中富自来。
申集,9710,49，50,运际其亨，闺中吉庆。
申集,9711,65，66,眉尖开扬，事得施张闺中祥。
申集,9712,17，18,利牝马之贞，享安然之福。
申集,9713,,丙戌之年，进士必得。
申集,9714,,父蛇母鸡，数定不差。
申集,9715,,母命丙寅年生方合。
申集,9716,,数有偏枯，欠子不幸短命。
申集,9717,,数有七子，得以送终。
申集,9718,53，54,福自天申人财旺，事遂谋为子又昌。
申集,9719,67，68,依然无事纳祯祥，几朵梅花扑鼻香。
申集,9720,63，64,芦花红绿晚花秋，催得芙蓉点鬓周。
申集,9721,67，68,灾晦不侵，平安之福。
申集,9722,65，66,深院锁黄昏，阵阵芭蕉雨。
申集,9723,,戊戌之年，进士必得。
申集,9724,,父蛇母犬，先天注定。
申集,9725,,母命戊寅年生方合。
申集,9726,,有子虽多，易数仅得其三。
申集,9727,,八子送终，先天注定。
申集,9728,19，20,花沾春色园林茂，月布秋天绣幔光。
申集,9729,69，70,阳春万象然，新闺满春院。
申集,9730,49，50,流年吉又祥，淑贤内助得安康。
申集,9731,35，36,梅花含却杏花新，一日白来一日红。
申集,9732,23，24,绿竹林中花出色，白莲池上蕊生香。
申集,9733,,庚戌之年，进士必得。
申集,9734,,父龙母猪，先天定数。
申集,9735,,母命庚寅年生方合。
申集,9736,39，40,寂寞妆台夜气寒，朦胧月色度栏杆。
申集,9737,,九子送终，先天注定。
申集,9738,57，58,庭前细雨飘无迹，雨后清风爽气生。
申集,9739,59，60,好将事事传儿辈，乐我余年尽素心。
申集,9740,,百花未发，争鲜沟艳。
申集,9741,33，34,洛阳花发春光艳，玉井莲开夏景浓。
申集,9742,61,夫君难共老，先我数春秋。
申集,9743,,壬戌之年，进士必得。
申集,9744,,父母同属马，先天数不差。
申集,9745,,母命壬寅年生方合。
申集,9746,33，34,朝夕勤劳，支持度日。
申集,9747,,十儿送老，先天注定。
申集,9748,16，17,灾晦相侵，闺中欠顺。
申集,9749,17，18,画水无声空有浪，绣花虽美不闻香。
申集,9750,37，38,清风拂拂雨沉沉，红折消疏绿未明。
申集,9751,59，60,绣户深无语，叶上数声雨。
申集,9752,,利名终有望，寒门绿出头。
申集,9753,52,身带暗疾，定数先详。
申集,9754,,父马母鼠，先天注定。
申集,9755,,母命兔年生方合。
申集,9756,27，28,时限运阻碍，人物不安宁。
申集,9757,37，38,往往皆如意，春光处处全。
申集,9758,,分有嫡母，我生庶母。
申集,9759,62，63,池上春归何处去，日残花絮逐人飞。
申集,9760,,水火性情发则焚，燎原静则渊潮平。
申集,9761,,妻大一年，姻缘前定。
申集,9762,,妻生一子，妾生二儿。
申集,9763,,欲赴瑶池会，无奈色心何。
申集,9764,,父马母牛，先天定数。
申集,9765,,母命丁卯年生方合。
申集,9766,71,沉疴不起，一命归西。
申集,9767,,妻命甲子生，姻缘注定。
申集,9768,,数载饥鬼道，不能拜禅林。
申集,9769,16,父亡生子，一忧一喜。
申集,9770,21,一胎生二子，定在此年。
申集,9771,,妻大二年，姻缘前定。
申集,9772,50,子死立妾，同在此年。
申集,9773,,同房之年。
申集,9774,,父马母牛，先天定数。
申集,9775,,母命己卯年生方合。
申集,9776,45，46,猴马忘机，日满帘明。
申集,9777,,妻命丙子生，姻缘定数。
申集,9778,,岁至花甲，还有一纪。
申集,9779,17,父亡生子，一忧一喜。
申集,9780,20,一胎生二子，见于此年。
申集,9781,,妻大三年，姻缘前定。
申集,9782,,子登科甲。
申集,9783,,马妻亡，再娶羊妾。
申集,9784,,父马母蛇，先天定数。
申集,9785,,母命辛卯年生方合。
申集,9786,,兄妹二人，我居二。
申集,9787,,妻命戊子生，先天注定。
申集,9788,87,驾鹤乘云去，飘然竟不回。
申集,9789,18,父亡生子，忧喜全至。
申集,9790,23,一胎生二子，定在此年。
申集,9791,,妻大四岁，命中注定。
申集,9792,,同本双莲出，奇开两朵花。
申集,9793,,一生二妻，一母所生。
申集,9794,,父马母龙，数定其中。
申集,9795,,母命癸卯年生方合。
申集,9796,71，72,解印荣归，享生平福。
申集,9797,,妻命庚子生，前缘注定。
申集,9798,72,人生过花甲，加二见阎君。
申集,9799,19,父亡生子，忧喜全至。
申集,9800,24,一胎生二子，定于此年。
申集,9801,,妻大五岁，姻缘前定。
申集,9802,,兄弟二人，瞽瑟琴和乐有助。
申集,9803,33，34,同房之年。
申集,9804,,父马母蛇，易数不差。
申集,9805,,母命龙年生方合。
申集,9806,61,八卦减三爻，花甲加一见阎君。
申集,9807,,妻命壬子生，姻缘注定。
申集,9808,63,问子息六旬外，得之方实际。
申集,9809,20,父亡生子，忧喜全见。
申集,9810,25,一胎生二子，见于此年。
申集,9811,,妻大六岁。
申集,9812,30,果然春去花无色，静结栏杆更暗然。
申集,9813,21,钦命典试。
申集,9814,,父马母羊，易数先详。
申集,9815,,母命丙辰年生方合。
申集,9816,55，56,谢却人间事，常纳祯祥福。
申集,9817,,妻命乙丑生，姻缘注定。
申集,9818,,玉人有刑，再娶甲子。
申集,9819,21,父亡生子，一忧一喜。
申集,9820,26,一胎生二子，见于此年。
申集,9821,,妻大七岁，姻缘前定。
申集,9822,,可惜挥金如粪土，乐山乐水误功名。
申集,9823,,父亥年生方合。
申集,9824,,父马母猴，先天注定。
申集,9825,,母命戊辰年生方合。
申集,9826,55，56,寸心常伴白云间。
申集,9827,,妻命丁丑生，先天注定。
申集,9828,,玉人有刑，再娶丙子。
申集,9829,22,父亡生子，一忧一喜。
申集,9830,27,一胎生二子，见于此年。
申集,9831,,妻大八岁，命中注定。
申集,9832,,雁门品字方成阵，二凤标名万国中。
申集,9833,,菩提已种前生福，乐得优游静室中。
申集,9834,,父马母鸡，先天注定。
申集,9835,,母命庚辰年生方合。
申集,9836,,兄妹五人，我居四。
申集,9837,,妻命己丑生，姻缘注定。
申集,9838,,玉人有刑，再娶戊子。
申集,9839,23,父亡生子，忧喜同至。
申集,9840,28,一胎生二子，见于此年。
申集,9841,,妻大九年，先天定数。
申集,9842,,花开并蒂，先天之数。
申集,9843,37，38,倚杖听鸣泉，写经翻贝叶。
申集,9844,,父马母犬，先天数定。
申集,9845,,母命壬辰年生方合。
申集,9846,,有子虽多，易数仅得其四。
申集,9847,,妻命辛丑生，前缘注定。
申集,9848,,玉人有刑，再娶庚子。
申集,9849,24,父亡生子，一忧一喜。
申集,9850,29,一胎生二子，定于此年。
申集,9851,43，44,师傅当归，一命西天。
申集,9852,59，60,当庭月色空，时到三阴中。
申集,9853,,一父一母，兄妹三人。
申集,9854,,父马母猪，先天注定。
申集,9855,,母命蛇年生方合。
申集,9856,,兄妹六人，我居长。
申集,9857,,妻命癸丑生，姻缘注定。
申集,9858,,玉人有刑，再娶壬子。
申集,9859,25,父亡生子，一忧一喜。
申集,9860,30,一胎生二子，定于此年。
申集,9861,,妻大九岁，命中注定。
申集,9862,,一夫一妻，举案齐眉。
申集,9863,,兄弟一人，数中注定。
申集,9864,,父母全属羊，数内先祥。
申集,9865,,母命丁巳年生方合。
申集,9866,,兄妹六人，我居次。
申集,9867,,妻命甲寅生，姻缘注定。
申集,9868,,玉人有刑，再娶乙丑。
申集,9869,26,父亡生子，一忧一喜。
申集,9870,31,一胎生二子，定于此年。
申集,9871,,妻大十岁，结缘夫妻。
申集,9872,32,三十而立，过二得妻。
申集,9873,,兄弟二人，数中注定。
申集,9874,,父羊母鼠，先天定数。
申集,9875,,母命己巳年生方合。
申集,9876,,兄弟虽多，易数只得其三。
申集,9877,,妻命丙寅生，先天注定。
申集,9878,,玉人有刑，再娶丁丑。
申集,9879,27,父亡生子，忧喜同至。
申集,9880,32,一胎生二子，定于此年。
申集,9881,,妻大十一岁，姻缘注定。
申集,9882,,粗絮淡饭，清白而养禅心。
申集,9883,,兄弟三人，数中定数。
申集,9884,,父羊母牛，易数先知。
申集,9885,,母命辛巳年生方合。
申集,9886,,兄弟虽得，只得其二。
申集,9887,,妻命戊寅生，先天注定。
申集,9888,,玉人有刑，再娶己丑。
申集,9889,28,父亡生子，一忧一喜。
申集,9890,33,一胎生二子，定在此年。
申集,9891,,妻大十一岁，父母结缘。
申集,9892,,数有四女，婚配不同。
申集,9893,,兄弟四人，数中注定。
申集,9894,,父羊母虎，易数前定。
申集,9895,,母命癸巳年生方合。
申集,9896,61，62,超身物外，享乐无边。
申集,9897,,妻命庚寅生，数由前定。
申集,9898,,玉人有刑，再娶辛丑。
申集,9899,29,父亡生子，忧喜同至。
申集,9900,34,一胎生二子，见于此年
申集,9901,,妻大十二岁，父母结缘。
申集,9902,,妻有六甲之喜。
申集,9903,,兄弟五人，数中注定。
申集,9904,,父羊母兔，易数先知。
申集,9905,,母命马年生方合。
申集,9906,,因作东床婿，富贵一朝夫。
申集,9907,,妻命壬寅生，姻缘注定。
申集,9908,,玉人有刑，再逢癸丑。
申集,9909,30,父亡生子，一忧一喜。
申集,9910,35,一胎生二子，见于此年。
申集,9911,,占人之时，双亲已逝。
申集,9912,45，46,丧门相照，正当雪衣。
申集,9913,,兄弟六人，数中注定。
申集,9914,,父羊母龙，数注其中。
申集,9915,,母命丙午年生方合。
申集,9916,64,老年丧母，亦是悲伤。
申集,9917,,妻命乙卯生，姻缘注定。
申集,9918,,玉人有刑，再娶甲寅。
申集,9919,31,父亡生子，忧喜全至。
申集,9920,36,一胎生二子，定在此年。
申集,9921,,一父二母，我为嫡出。
申集,9922,,兄弟六人，方合此刻。
申集,9923,,兄弟七人，一定之数。
申集,9924,,父羊母蛇，数定无差。
申集,9925,,母命戊午年生方合。
申集,9926,60,兄妹六人，我居三。
申集,9927,,妻命丁卯生，姻缘前定。
申集,9928,,玉人有刑，再娶丙寅。
申集,9929,32,父亡生子，一忧一喜。
申集,9930,31,一胎生二子，定在此年。
申集,9931,,一死一生，独子送老。
申集,9932,,发财创业自家富，湖海经营有路通。
申集,9933,,兄弟八人，数中载定。
申集,9934,,父羊母马，易数无差。
申集,9935,,母命庚午年生方合。
申集,9936,,天上玉书诏，地下失英雄。
申集,9937,,妻命己卯生，姻缘注定。
申集,9938,,玉人有刑，再娶戊寅。
申集,9939,30,父亡生子，一忧一喜。
申集,9940,38,一胎生二子，定在斯年。
申集,9941,27,红白相同悲复喜。
申集,9942,47，48,丧门相照，忧及于师。
申集,9943,,兄弟九人，数中注定。
申集,9944,,父羊母猴，易数不差。
申集,9945,,母命午年生方合。
申集,9946,64,兄妹虽多，易数只得其四。
申集,9947,,妻命辛卯生，前缘注定。
申集,9948,,玉人有刑，再娶庚寅。
申集,9949,31,父亡生子，忧喜全至。
申集,9950,39,一胎生二子，定于此年。
申集,9951,,揩官得子，家门之幸。
申集,9952,,作事常有思孝道，事亲不失孩儿心。
申集,9953,,兄弟十人，数定其中。
申集,9954,,父羊母鸡，先天注定。
申集,9955,,母命羊年生方合。
申集,9956,,佳儿佳妇，未来无忧。
申集,9957,,妻命癸卯生，数中注定。
申集,9958,,玉人有刑，再娶壬寅。
申集,9959,35,父亡生子，一忧一喜。
申集,9960,40,一胎生二子，见于此年
申集,9961,64,数尽八人，一命归西。
申集,9962,,幽思雪侯，苦修惨淡。
申集,9963,,兄弟十一人，乐奏几般音。
申集,9964,,父羊母犬，先天所注。
申集,9965,,母命丁未年生方合。
申集,9966,,失臂独立难支柱。
申集,9967,,妻命甲辰生，先天注定。
申集,9968,,玉人有刑，再娶乙卯。
申集,9969,36,父亡生子，一忧一喜。
申集,9970,41,一胎生二子，见于此年。
申集,9971,,聘妻未识妻，其妻已死
申集,9972,,自典探花，数中前定。
申集,9973,,兄弟十二人，乐奏几般音。
申集,9974,,父羊母猪，先天定数。
申集,9975,,母命己未年生方合。
申集,9976,,命途多蹇人缠累。家业消磨不可当。
申集,9977,,妻命丙辰生，姻缘注定。
申集,9978,,玉人有刑，再娶丁卯。
申集,9979,37,父亡生子，忧中有喜。
申集,9980,42,一胎生二子，定于此年。
申集,9981,,子贵妻荣，花絮叶茂。
申集,9982,,一字须记曰淫，做不得。
申集,9983,,兄弟十三人，天发其祥。
申集,9984,,父母同属猴，易数先祥。
申集,9985,,母命辛未年生方合。
申集,9986,,双眉锁愁容终日。
申集,9987,,妻命戊辰生，姻缘定数。
申集,9988,,玉人有刑，再娶己卯。
申集,9989,,父亡生子，一忧一喜。
申集,9990,42,一胎生二子，定于此年。
申集,9991,,独自蚊龙人不识，风云际会自有为。
申集,9992,,人带破相，方合此刻。
申集,9993,,兄弟十四人，一门之盛。
申集,9994,,父猴母鼠，先天注定。
申集,9995,,母命癸末年生方合。
申集,9996,,父母如宾，自吾无妨。
申集,9997,,妻命庚辰生，先天定数。
申集,9998,,玉人有刑，再娶辛卯。
申集,9999,39,父亡生子，忧喜全至。
申集,10000,44,一胎生二子，定见此年。
酉集,10001,,幼年孝服重重至，三载难酬怙恃恩。
酉集,10002,,鼠年父六十华诞。
酉集,10003,,数止于此。
酉集,10004,,父猴母牛，易数先知。
酉集,10005,,母命猴年生方合。
酉集,10006,,职至数官，先天注定。
酉集,10007,,妻命壬辰生，姻缘注定。
酉集,10008,40,玉人有刑，再嫁癸卯。
酉集,10009,,父亡生子，一忧一喜。
酉集,10010,45,一胎生二子，定在此年。
酉集,10011,4,孝服重重，父母双亡。
酉集,10012,,牛年父六十华诞。
酉集,10013,,数止人亡。
酉集,10014,,父猴母虎，易数先知。
酉集,10015,,母年丙申年生方合。
酉集,10016,,扬名副魁，未入正榜。
酉集,10017,,妻命乙巳生，天所定也。
酉集,10018,,玉人有刑，再娶甲辰。
酉集,10019,41,父亡生子，一忧一喜。
酉集,10020,46,一胎生二子，定见此年。
酉集,10021,5,少年重孝临，父母同归土。
酉集,10022,21,虎年父六十华诞。
酉集,10023,15，16,子死妻亡，二度刑伤。
酉集,10024,,父猴母兔，数中预注。
酉集,10025,,母命戊申年生方合。
酉集,10026,,副魁名扬中，龙虎榜中人。
酉集,10027,,妻命丁巳生，天所定也。
酉集,10028,,玉人有刑，再娶丙辰。
酉集,10029,42,父亡生子，一忧一喜。
酉集,10030,47,一胎生两子，定在此年。
酉集,10031,6,六岁双亲亡，少年大不幸。
酉集,10032,,卯年父六十华诞。
酉集,10033,17,妻亡子死，二度刑伤。
酉集,10034,,父猴母龙，易数注定。
酉集,10035,,母命庚申年生方合。
酉集,10036,,兄弟六人，我居四。
酉集,10037,,妻命己巳生，姻缘前定。
酉集,10038,,玉人有刑，再娶戊辰。
酉集,10039,43,忧喜同临，父亡生子。
酉集,10040,48,一胎生二子，见于此年。
酉集,10041,7,父母双亡，幼年重孝。
酉集,10042,,龙年父六十华诞。
酉集,10043,19，20,命犯白虎，子死妻亡。
酉集,10044,,父猴母蛇，易数无差。
酉集,10045,,母命壬申年生方合。
酉集,10046,,兄妹六人，我居五。
酉集,10047,,妻命辛巳生，姻缘前定。
酉集,10048,,玉人有刑，再娶庚辰。
酉集,10049,44,生子一喜，父死见忧。
酉集,10050,49,一胎生二子，定在此年。
酉集,10051,7，8,父母双亡，一年二孝。
酉集,10052,,蛇年父六十华诞。
酉集,10053,21，22,子死妻亡，二度刑伤。
酉集,10054,,父猴母马，易数无差。
酉集,10055,,母命鸡年生方合。
酉集,10056,39，40,风雨无凭，菩提飞舞。
酉集,10057,,妻命癸巳生，数定前缘。
酉集,10058,,玉人有刑，再娶壬辰。
酉集,10059,45,父亡生子，一忧一喜。
酉集,10060,60,双喜临门，一胎二子。
酉集,10061,9,幼年两刑伤，一年父母亡。
酉集,10062,,马年父六十华诞。
酉集,10063,23，24,子死妻亡，命犯刑伤。
酉集,10064,,父猴母羊，易数先详。
酉集,10065,,母命丁酉年生方合。
酉集,10066,,副魁扬名，未列正榜。
酉集,10067,,妻命甲午生，姻缘注定。
酉集,10068,,玉人有刑，再娶乙巳。
酉集,10069,46,悲中有喜，父亡生子。
酉集,10070,51,一胎生二子，见于此年。
酉集,10071,10,父母双亡，二度刑伤。
酉集,10072,,羊年父六十华诞。
酉集,10073,35，36,子死妻亡，大不幸也。
酉集,10074,,父猴母鸣，易数注定。
酉集,10075,,母命己酉年生方合。
酉集,10076,23，24,空门无阻碍，清晨一炷香。
酉集,10077,,妻命丙午生，赤绳定矣。
酉集,10078,,再娶丁巳之妻，方得谐老。
酉集,10079,,父亡生子，一忧一喜。
酉集,10080,52,红鸾相照，一胎二男。
酉集,10081,11,双亲同亡，一年二孝。
酉集,10082,,猴年父六十华诞。
酉集,10083,27，28,子死妻亡，二度刑伤。
酉集,10084,,父猴母犬，易数先知。
酉集,10085,,母命辛酉年生方合。
酉集,10086,,兄弟四人，如鼓瑟琴和乐眈。
酉集,10087,,妻命戊午生，姻缘注定。
酉集,10088,,现娶己巳之妻方合。
酉集,10089,48,父亡生子，一忧一喜。
酉集,10090,53,一胎生二子，定于此年。
酉集,10091,12,双亲同亡，一年二孝。
酉集,10092,,鸡年父六十华诞。
酉集,10093,29，30,伤哉妻亡，痛哉子死。
酉集,10094,,父猴母猪，易数先知。
酉集,10095,,母命癸酉年生方合。
酉集,10096,,武学而选左堂。
酉集,10097,,妻命庚午生，数定前缘。
酉集,10098,,再娶丁巳之妻，方得偕老。
酉集,10099,49,哀哉母亡，喜得生子。
酉集,10100,54,一胎生双子，定在此年。
酉集,10101,13,重孝临门，父母双亡。
酉集,10102,,狗年父六十华诞。
酉集,10103,31，32,妻死子亡，二度刑伤。
酉集,10104,,父母同属鸡，数中注定。
酉集,10105,,母命狗命生方合。
酉集,10106,,金木之外而选左堂。
酉集,10107,,妻命壬午生，姻缘注定。
酉集,10108,,再娶癸巳之妻，方得齐眉。
酉集,10109,50,哀哉父亡，喜也生子。
酉集,10110,55,门临双喜，一胎生二子。
酉集,10111,14,双亲同亡，一年二孝。
酉集,10112,,猪年父六十华诞。
酉集,10113,33，34,鼓盆歌未了，哭子又丧明。
酉集,10114,,父鸡母鼠，数中注定。
酉集,10115,,母命丙戌年生方合。
酉集,10116,,木火之年而选知州。
酉集,10117,,妻命乙未生，天所定也。
酉集,10118,,再娶甲午之妻，方免其刑。
酉集,10119,51,父亡生子，一忧一喜。
酉集,10120,56,天喜临门，一胎生二子。
酉集,10121,15,重孝临门，父母双亡。
酉集,10122,,鼠年夫五十华诞。
酉集,10123,35，36,喜盆歌款，哭子又丧明。
酉集,10124,,父属鸡母属牛，先天定数。
酉集,10125,,母命戊戌年生方合。
酉集,10126,,金火之年进痒，土木之年拔贡。
酉集,10127,,妻命丁巳生，姻缘注定。
酉集,10128,,玉人有刑，再娶丙午。
酉集,10129,52,悲中有喜，父亡生子。
酉集,10130,57,双喜临门，一胎生二子。
酉集,10131,16,父亡母死，同在一年。
酉集,10132,,牛年夫五十华诞。
酉集,10133,37，38,子死妻亡，二度刑伤。
酉集,10134,,父属鸡母属虎，一定之数。
酉集,10135,,母命庚戌年生方合。
酉集,10136,19,久雨天晴精神爽。
酉集,10137,,妻命己未生，姻缘注定。
酉集,10138,,玉人有刑，再娶戊午。
酉集,10139,53,悲喜同至，父亡生子。
酉集,10140,58,一胎生二子，定在此年。
酉集,10141,27,一年重孝，父母双亡。
酉集,10142,,寅年夫五十华诞。
酉集,10143,39，40,哭子痛未了，又接鼓盆歌。
酉集,10144,,父鸡母兔，一定之数。
酉集,10145,,母命壬戌年生方合。
酉集,10146,,中年夫妻，晚年失子。
酉集,10147,,妻命生于辛未年方合。
酉集,10148,,玉人有刑，再娶庚午。
酉集,10149,53,父亡生子，一忧一喜。
酉集,10150,59,一胎生二子，定于此年。
酉集,10151,18,父母同亡，在此一年。
酉集,10152,,兔年夫五十华诞。
酉集,10153,41,子死妻亡，两度悲伤。
酉集,10154,,父属鸡母属龙，数定其中。
酉集,10155,,母命猪年生方合。
酉集,10156,,荫祖父而得州官，数由前定。
酉集,10157,,妻命癸未生，姻缘注定。
酉集,10158,,玉人有刑，再娶壬午。
酉集,10159,55,父亡生子，一忧一喜。
酉集,10160,60,其年双喜，一胎二子。
酉集,10161,19,双亲同亡，重孝临门。
酉集,10162,,龙年夫五十华诞。
酉集,10163,43，44,子死妻亡，两度悲伤。
酉集,10164,,父鸡母蛇，易数先知。
酉集,10165,,母命丁亥年生方合。
酉集,10166,,金水之年，初任知州方合。
酉集,10167,,妻命甲申生，姻缘注定。
酉集,10168,,玉人有刑，再娶乙未。
酉集,10169,56,悲喜同临，父亡生子。
酉集,10170,,荫祖父而得贡，数由前定。
酉集,10171,20,父母双亡，一年二孝。
酉集,10172,,蛇年夫五十华诞。
酉集,10173,43，44,丧明哀未了，又叹鼓盆歌。
酉集,10174,,父鸡母马，易数无差。
酉集,10175,,母命己亥年生方合。
酉集,10176,,木火之年，初任知县。
酉集,10177,,妻命丙申生方合。
酉集,10178,,玉人有刑，再娶丁未。
酉集,10179,57,父亡生子，一悲一喜。
酉集,10180,,财多喜气，荣耀门庭。
酉集,10181,21,双亲同亡，一年二孝。
酉集,10182,,马年夫五十华诞。
酉集,10183,47，48,子死妻亡，两度刑伤。
酉集,10184,,父鸡母羊，一定之数。
酉集,10185,,母辛亥年生方合。
酉集,10186,,以财而选左堂，数由前定。
酉集,10187,,妻命戊申生，姻缘注定。
酉集,10188,,玉人有刑，再娶己未。
酉集,10189,58,悲哉父亡，喜也生子。
酉集,10190,39，40,东风入津，南极光辉。
酉集,10191,22,双孝临门，父母俱亡。
酉集,10192,,羊年夫五十华诞。
酉集,10193,49，50,妻死子亡，二度刑伤。
酉集,10194,,父鸡母猴，先天定数。
酉集,10195,,母命癸亥生方合。
酉集,10196,,以武学而选左堂，水火之年出仕。
酉集,10197,,妻命庚申生，姻缘注定。
酉集,10198,,再娶辛未之妻，方能偕老。
酉集,10199,59,哀哉父亡，喜也生子。
酉集,10200,,风外平和，万事顺成。
酉集,10201,23,孝服重重至，一年丧双亲。
酉集,10202,,猴年夫五十华诞。
酉集,10203,,百般皆可做，劝君莫作屠。
酉集,10204,,父鸡母犬，易数先知。
酉集,10205,,一阴一阳之谓道。
酉集,10206,,金木之年，而选左堂方合。
酉集,10207,,妻命壬申生，姻缘前定。
酉集,10208,,玉人有刑，再娶癸未。
酉集,10209,60,父亡生子，忧喜同至。
酉集,10210,,父母同年亡，二孝临门。
酉集,10211,,律管宽裕不用忧，钓得金鳞已上钩。
酉集,10212,,鸡年夫五十华诞。
酉集,10213,,赈卖度日过年华，公平升斗便兴家
酉集,10214,,父鸡母猪，先天定数。
酉集,10215,,初年未分荆与璞，中年国学可荣身
酉集,10216,,木火之年，以监而选知州方合。
酉集,10217,,妻命乙酉生，数由前定。
酉集,10218,,玉人有刑，再娶甲申。
酉集,10219,16,喜也生子，谁知母亡。
酉集,10220,,家有贤妻，不惹横祸。
酉集,10221,25,父母双亡，同在一年。
酉集,10222,,狗年夫五十华诞。
酉集,10223,,贩卖千山树，穷学朱买臣。
酉集,10224,,父母同属犬，先天定数。
酉集,10225,,朝廷敬老尊贤，高堂献酒歌诗。
酉集,10226,,木火之年，以监而就司职方合。
酉集,10227,,妻命相酉生，姻缘定数。
酉集,10228,,玉人有刑，再娶丙申。
酉集,10229,17,母亡生子，一忧一喜。
酉集,10230,,心性多语，位称僧纲。
酉集,10231,26,父母同年亡，人子两不幸。
酉集,10232,,猪年夫五十华诞。
酉集,10233,51，52,妻死子又亡，二度悲伤。
酉集,10234,,父犬母猪，先天定数。
酉集,10235,,食禄登廊庙，人品列金阶。
酉集,10236,,父故于金水之年，母死于木火之年。
酉集,10237,,妻命己酉生，姻缘前定。
酉集,10238,,玉人有刑，再娶戊申。
酉集,10239,18,母亡生子，忧中有喜。
酉集,10240,,放下屠刀，立地成佛。
酉集,10241,27,哀哀父母同年丧，罔极深恩未报时。
酉集,10242,,父子同属鼠。
酉集,10243,59，60,一路平途骑骏马，清宁四海建勋业。
酉集,10244,,父犬母牛，易数先知。
酉集,10245,,知谋终远大，富贵压蓬蒿。
酉集,10246,,金水之年中副榜，金木之年出仕。
酉集,10247,,妻命辛酉生，数定前缘。
酉集,10248,,玉人有刑，再娶庚申。
酉集,10249,29,母亡生子，一忧一喜。
酉集,10250,,拮据不须忧，守心务田畴。
酉集,10251,28,父母同年亡，一年二孝。
酉集,10252,,父子同属牛。
酉集,10253,,运至科甲文星拱，帘幕风尘锦绣中。
酉集,10254,,父犬母虎，先天预定。
酉集,10255,61，62,母犯白虎，子死妻亡。
酉集,10256,,木年中副榜方合。
酉集,10257,,妻命癸酉生，姻缘注定。
酉集,10258,,玉人有刑，再娶壬申。
酉集,10259,,母亡生子，忧喜同至。
酉集,10260,,点灯照路，来往无疑。
酉集,10261,29,二孝临门，父母双亡。
酉集,10262,,父子同属虎。
酉集,10263,56，57,白虎照命，子死妻亡。
酉集,10264,,父犬母兔，先天注定。
酉集,10265,,许君游泮春风暖，丹桂还须自厚培。
酉集,10266,,金水之年，武科中举。
酉集,10267,,妻命甲戌生，姻缘定数。
酉集,10268,,玉人有刑，再娶乙酉。
酉集,10269,21,母亡生子，一忧一喜。
酉集,10270,33，34,鸦鸣与鹊噪，吉里藏凶未有情。
酉集,10271,30,二孝临门，父母双亡。
酉集,10272,,父子同属兔。
酉集,10273,,贵比刘宽富石崇，富贵能有几人云。
酉集,10274,,父犬母龙，先天定数。
酉集,10275,57，58,命犯白虎，子死妻亡。
酉集,10276,,数定妻大，可免其刑。
酉集,10277,,妻命丙戌生，姻缘定数。
酉集,10278,,玉人有刑，再娶丁酉。
酉集,10279,22,母亡生子，一忧一喜。
酉集,10280,58，59,子死妻亡，二度刑伤。
酉集,10281,31,父母同年丧，人子孝服重。
酉集,10282,,父子同属龙。
酉集,10283,,亟乘屋播百谷，鼓腹羲皇之世。
酉集,10284,,父犬母蛇，先天定数。
酉集,10285,,往来俱是提壶客，醉倒一村沽酒人。
酉集,10286,,木火之年，武科中举方合。
酉集,10287,,妻命戊戌生，姻缘注定。
酉集,10288,,玉人有刑，再娶己酉。
酉集,10289,23,母亡生子，一忧一喜。
酉集,10290,,鸾胶弦断续，月缺复团圆。
酉集,10291,32,一年二孝，父母俱亡。
酉集,10292,,父子同属蛇。
酉集,10293,,欲得河中金巨熬，还须奋志结肉罟。
酉集,10294,,父犬母马，先天注定。
酉集,10295,,财源好似春江水，滚滚流来日夜长
酉集,10296,,金木之年，中举方合。
酉集,10297,,妻命庚戌生，姻缘前定。
酉集,10298,,玉人有刑，再娶辛酉。
酉集,10299,24，25,母亡生子，一忧一喜。
酉集,10300,59，60,命犯白虎，子死妻亡。
酉集,10301,33,父母同亡，定于此年。
酉集,10302,,父子同属马。
酉集,10303,,湖海经营大，发财源系创业时。
酉集,10304,,父犬母羊，易数先详。
酉集,10305,,橘井泉香丹桂现，杏花春暖玉生辉。
酉集,10306,,土年入泮，水年中举方合。
酉集,10307,,妻命壬戌，姻缘注定。
酉集,10308,,玉人有刑，再娶癸酉。
酉集,10309,25,母亡生子，一忧一喜。
酉集,10310,33，34,心和事又和，出门喜气多。
酉集,10311,34,重孝临门，父母俱亡。
酉集,10312,,父子同属羊。
酉集,10313,,济世有恒心，橘泉丹现色。
酉集,10314,,父犬母猴，先天定数。
酉集,10315,,从来好酒醉人迟，运至时中才发挥。
酉集,10316,,土火之年有进学方合。
酉集,10317,,妻命乙亥生，姻缘前定。
酉集,10318,,玉人有刑，再娶甲戌。
酉集,10319,26,母亡生子，一忧一喜。
酉集,10320,60，61,子死妻又亡，两度刑伤。
酉集,10321,35,双孝临门，父母同亡。
酉集,10322,,父子同属猴。
酉集,10323,,笔挥玉管，洞彻冰壶。
酉集,10324,,父犬母鸡，先天预定。
酉集,10325,,幼年月向云中隐，晚运花中锦上添。
酉集,10326,,金水之年有进学方合。
酉集,10327,,妻命丁亥生，姻缘注定。
酉集,10328,,再娶丙戌之妻，方免其刑。
酉集,10329,27,母亡生子，一忧一喜。
酉集,10330,65,子死妻亡，两度刑伤。
酉集,10331,36,孝服重重，父母双亡。
酉集,10332,,父子同属鸡。
酉集,10333,67，68,子死妻亡，两度刑伤。
酉集,10334,,父犬母猪，天所定也。
酉集,10335,,人生有数，劳劳碌碌总是空。
酉集,10336,,水木之年，娶妻得子方合。
酉集,10337,,妻命乙酉生，姻缘定矣。
酉集,10338,,再娶戊戌之妻，方免其刑。
酉集,10339,28,哀哉母亡，喜也生子。
酉集,10340,,兄属鼠，先天注定。
酉集,10341,37,双亲辞世日，总是一年同
酉集,10342,,父子同属狗。
酉集,10343,,笔绘干般景致，描来万里江山。
酉集,10344,,父母同属猪，先天注定。
酉集,10345,,金水之年，乐舞生方合。
酉集,10346,,东成西就般般遂，生意谋为事事亨。
酉集,10347,,妻命辛亥生，姻缘注定
酉集,10348,,玉人有刑，再娶庚戌。
酉集,10349,29,母死生子，一忧一喜。
酉集,10350,,兄属牛先天注定。
酉集,10351,38,双亲同亡，一年二孝。
酉集,10352,,父子同属猪。
酉集,10353,,金钟出治方成器，运至中年定起家。
酉集,10354,,父猪母鼠，先天预注。
酉集,10355,,幸有一艺荣身，终身衣禄无忧
酉集,10356,,水火之年，以贡而选知县。
酉集,10357,,妻命癸亥生，姻缘注定。
酉集,10358,,玉人有刑，再娶壬戌。
酉集,10359,30,哀哉母亡，喜也生子。
酉集,10360,,兄属虎，先天定数。
酉集,10361,39,父母俱亡，同在一年。
酉集,10362,71，72,命犯白虎，子死妻亡。
酉集,10363,,夫命甲子生，先天注定。
酉集,10364,,父猪母牛，先天预注。
酉集,10365,,中年运至财源厚，事遂谋为家道昌。
酉集,10366,,金水之年，以贡而选知县。
酉集,10367,,虽在衡门中，却是儒家子。
酉集,10368,,玉人有刑，再娶乙亥。
酉集,10369,31,母亡生子，一忧一喜。
酉集,10370,,兄属兔，先天注定。
酉集,10371,40,父母同年丧，人子大不幸。
酉集,10372,32,梦断北堂终夜泣，梨花千古恨难消。
酉集,10373,,夫命丙子生，天所定也。
酉集,10374,,父猪母虎，先天定数。
酉集,10375,,深得麻衣秘术，远宗风鉴真传。
酉集,10376,,土年木年，以监而选知州。
酉集,10377,51,其乐且康，顺境相忘。
酉集,10378,,玉人有刑，再娶丁亥。
酉集,10379,32,母亡生子，一忧一喜。
酉集,10380,,兄属龙，先天注定。
酉集,10381,41,孝服重重，父母双亡。
酉集,10382,,亲近贵人，大饶利益。
酉集,10383,,夫命戊子生，姻缘注定。
酉集,10384,,父猪母兔，先天注定。
酉集,10385,,一生享用多丰厚，财帛荣华家道昌。
酉集,10386,,火金之年，以贡而选教谕。
酉集,10387,16,夫当入泮。
酉集,10388,,玉人有刑，再娶己亥。
酉集,10389,33,母亡生子，一忧一喜。
酉集,10390,,兄属蛇，先天注定。
酉集,10391,42,父母双亡，孝服重重。
酉集,10392,,骨肉缘悭粗布衣，师徒份上最相宜。
酉集,10393,,夫命庚子生，姻缘定数。
酉集,10394,,父猪母龙，先天注定。
酉集,10395,,水火之年，以贡而选知县。
酉集,10396,,荫祖父而选州官，数由前定。
酉集,10397,17,有弄璋弄瓦之喜。
酉集,10398,,玉人有刑，再娶辛亥。
酉集,10399,34,哀哉母亡，喜也生子
酉集,10400,,兄属马，先天注定。
酉集,10401,43,父母双亡，全在一年
酉集,10402,,颠倒乾坤为道法，细推日月属明家。
酉集,10403,,夫命壬子生，姻缘定数。
酉集,10404,,父猪母蛇，易数先知。
酉集,10405,,丰姿富丽，明敏无双
酉集,10406,,木火之年，初任左堂之职。
酉集,10407,18,有弄璋弄瓦之喜。
酉集,10408,,玉人有刑，再娶癸亥。
酉集,10409,35,母亡生子，一忧一喜。
酉集,10410,,兄属羊，先天注定。
酉集,10411,44,父母同年丧，一年两孝服。
酉集,10412,,性通明敏，气度轩昂。
酉集,10413,,夫命乙丑生，姻缘定数。
酉集,10414,,父猪母马，先天定数。
酉集,10415,,当学名师攻书，切莫毁瓦画墁
酉集,10416,,土木之年，初任千总之职。
酉集,10417,19,有弄璋弄瓦之喜。
酉集,10418,,女貌生来性质聪，其中贤德且从容。
酉集,10419,36,母亡生子，一忧一喜。
酉集,10420,,兄属猴，先天注定。
酉集,10421,45,一年父母双亡，人子大不幸。
酉集,10422,21,数该生子。
酉集,10423,,夫命丁丑生，姻缘前定。
酉集,10424,,父猪母羊，易数先详。
酉集,10425,,剑匣生光彩，仓库日丰盈。
酉集,10426,77,严亲入于天曹。
酉集,10427,20,有弄璋弄瓦之喜。
酉集,10428,56,只宜闭户藏春色，未许开门纳晚凉。
酉集,10429,37,母亡生子。
酉集,10430,,兄属鸡，先天注定。
酉集,10431,46,父母俱亡，双孝临门。
酉集,10432,,兄弟虽聚，众心不同。
酉集,10433,,夫命己丑生，姻缘注定。
酉集,10434,,父猪母猴，先天定数。
酉集,10435,,绣房金屋一蝉娟，白璧无瑕赛力圆。
酉集,10436,,命中有子成龙。
酉集,10437,21,有弄璋弄瓦之喜。
酉集,10438,49，50,忧疑顿释，坐卧行止俱遂意。
酉集,10439,38,母亡生子，一忧一喜。
酉集,10440,,兄属狗，先天注定。
酉集,10441,47,父母同亡，定在一年。
酉集,10442,,佛门清静，修德行善。
酉集,10443,,夫命辛丑生，姻缘注定。
酉集,10444,,父猪母鸡，先天注定。
酉集,10445,,荣膺冠帔从夫贵，志切冰霜教子贤。
酉集,10446,,财产滔滔发，福厚胜为官。
酉集,10447,22,有弄璋弄瓦之喜。
酉集,10448,,文章独步夸粲，富贵双全比石崇。
酉集,10449,39,母亡生子。
酉集,10450,,兄属猪，先天注定。
酉集,10451,48,父母同年丧，人子大不幸。
酉集,10452,,游吴历楚，发福兴家。
酉集,10453,,夫命癸丑生，姻缘注定。
酉集,10454,,父猪母犬，数定先天。
酉集,10455,,术继柳庄，神传风鉴。
酉集,10456,,财如春水源源进，福似朝花朵朵新，
酉集,10457,23,有弄璋弄瓦之喜。
酉集,10458,,原来本是闺中秀，益得荣封下九天。
酉集,10459,40,母亡生子，一忧一喜。
酉集,10460,,鸟雀同巢，注定同父。
酉集,10461,49,二孝临门，父母双亡。
酉集,10462,,手艺学成日，工精可创家。
酉集,10463,,夫命甲寅生，姻缘注定。
酉集,10464,,丰姿气中和，性质聪明格玲珑。
酉集,10465,,逢犬功名遂，逢牛志气高。
酉集,10466,,胸中星斗才清楚，志在云霄性格奇。
酉集,10467,24,有弄璋弄瓦之喜。
酉集,10468,,青鳞不是池中物，性格由来席上珍。
酉集,10469,41,母亡生子，一忧一喜。
酉集,10470,,木火之年，初任知县方合。
酉集,10471,50,父母同年丧，二孝临门。
酉集,10472,,木火之年，初任把总方合。
酉集,10473,,夫命丙寅生，数定前缘。
酉集,10474,,运至丹书传凤阁，宣传天沼守尊成
酉集,10475,,难跳龙门高万丈，且将刀笔学萧曹。
酉集,10476,,名登辟雍，观光上国。
酉集,10477,25,有弄璋弄瓦之喜。
酉集,10478,,招得金水之徒，方合此卦。
酉集,10479,42,母亡生子，定在此年。
酉集,10480,,干仓万箱，富寿安康。
酉集,10481,51,双亲同弃世，人子两悲伤。
酉集,10482,,青灯能肄业，国学正标名。
酉集,10483,,夫命戊寅生，数定前缘。
酉集,10484,,德为一乡之表，朝廷冠带非轻。
酉集,10485,,文武丹成，朝廷一命。
酉集,10486,,身居辟雍地，白壁琮璜室。
酉集,10487,26,有弄璋弄瓦之喜。
酉集,10488,33，34,韶光明媚，禅室从容。
酉集,10489,43,母亡生子。
酉集,10490,,水土之年，初授知州方合。
酉集,10491,52,双亲同年亡，二孝临门。
酉集,10492,,活计在江边，稳坐钓鱼船。
酉集,10493,,夫命庚寅生，数定前缘。
酉集,10494,,睹镜时妆翡翠醉，筵著紫罗衣。
酉集,10495,,读书登黄甲，终作皇家一栋梁。
酉集,10496,,数罟不入污池，鱼鳖不可胜食。
酉集,10497,27,有弄璋弄瓦之喜。
酉集,10498,,金木之年，初任司职方合。
酉集,10499,44,母亡生子，一悲一喜。
酉集,10500,,一子一女，先天定数。
酉集,10501,53,二孝临门，父母双亡。
酉集,10502,39,子游泮水。
酉集,10503,,夫命壬寅生，姻缘定数。
酉集,10504,,吏部尚书，考勋依业。
酉集,10505,,牡丹原是百花王，开向人间分外香。
酉集,10506,,酿成春夏秋冬酒，醉倒东西南北人。
酉集,10507,28,有弄璋弄瓦之喜。
酉集,10508,,风尘岁月，坎坷凄凉。
酉集,10509,45,悲哉母亡，喜也生子。
酉集,10510,,礼部尚书，数由前定。
酉集,10511,54,椿萱凋谢一年同，怙恃深恩总是空。
酉集,10512,30,子游泮池。
酉集,10513,,夫命乙卯生，姻缘定数。
酉集,10514,,金木之年夫妻，方合此卦。
酉集,10515,,此刻生人，五旬之外必扬眉。
酉集,10516,,翡翠竹摇风袅娜，水晶帘卷月婵娟。
酉集,10517,29,有弄璋弄瓦之喜。
酉集,10518,,李靖忠而赞化成，百载规模基业颂。
酉集,10519,46,母亡生子，悲中有喜。
酉集,10520,17,枝头初嫩，春风萌芽。
酉集,10521,55,双亲俱有寿，何竟一年亡。
酉集,10522,31,子当入泮。
酉集,10523,,夫命丁卯生，姻缘定数。
酉集,10524,,虎守杏林春满，龙蟠橘井泉香。
酉集,10525,,凤折儿伤多寂寞，早凭神力保无虞。
酉集,10526,,插厥右谷，乐以忘忧。
酉集,10527,30,有弄璋弄瓦之喜。
酉集,10528,31，32,重舟滩头费扒移，移过滩头有好溪。
酉集,10529,47,母亡生子，悲中有喜。
酉集,10530,43,时来堪凑巧，门第生光辉。
酉集,10531,56,双亲俱有寿，不幸同年亡。
酉集,10532,32,子孙芹香，门庭生晖。
酉集,10533,,夫命己卯生，先天定数。
酉集,10534,,虽无埋救蝼蚁德，也有济人利物心。
酉集,10535,29，30,命照武曲，弓马入泮。
酉集,10536,,玉骨冰肌瑕玷绝，信如天上一蝉娟。
酉集,10537,,项庄舞剑，意在沛公。
酉集,10538,29，30,运筹帷幄，决胜千里。
酉集,10539,48,可哀者母亡，可喜者生子。
酉集,10540,,木火之年，任司职方合。
酉集,10541,57,椿萱俱有寿，同年而亡命。
酉集,10542,33,子当入泮。
酉集,10543,,夫命辛卯生，姻缘注定。
酉集,10544,63,且享平安福，莫管门外扰。
酉集,10545,,水火之年，以财而捐正堂。
酉集,10546,29，30,生计勃然兴，东西南北任君生。
酉集,10547,32,有弄璋弄瓦之喜。
酉集,10548,63，64,闲看牧童横牛背，静听农歌热闹声。
酉集,10549,49,一悲一喜，母亡生子。
酉集,10550,45，46,天恩下及，草木皆荣。
酉集,10551,58,父母双亡，同在一年。
酉集,10552,34,子当入泮。
酉集,10553,,夫命癸卯生，数定前缘。
酉集,10554,,姊妹并无，方合此卦。
酉集,10555,,艺学泥水，沙石难当。
酉集,10556,48,多因风雨花零落，欲渡清溪欠便船。
酉集,10557,33,有弄璋弄瓦之喜。
酉集,10558,36,谋事有巧，定有光辉。
酉集,10559,50,母亡生子，定在此年。
酉集,10560,39，40,劝君安心，重整家园。
酉集,10561,,父母同年丧，双孝临门。
酉集,10562,35,子当入泮。
酉集,10563,,夫命甲辰生，数定前缘。
酉集,10564,,辟雍泮水，绿柳桃花喜吐红。
酉集,10565,,大厦巍峨，惟有赖饰以金羡。
酉集,10566,37，38,人事无求，安估不用忧。
酉集,10567,34,有弄璋弄瓦之喜。
酉集,10568,,复任学政。
酉集,10569,51,母亡生子，一忧一喜。
酉集,10570,,以举人而授儒学，数由前定。
酉集,10571,60,双孝临门，父母俱亡。
酉集,10572,36,子当入泮。
酉集,10573,,夫命丙辰生，数定前缘。
酉集,10574,,百载科场难遂，一声乡荐即滕身。
酉集,10575,,创业发财终有望，只争来早与来迟。
酉集,10576,72,数当生子，老来见喜。
酉集,10577,35,有弄璋弄瓦之喜。
酉集,10578,,金水之年，进文学方合。
酉集,10579,52,哀哉母亡，喜也生子。
酉集,10580,,意外之色勿贪，省却多少麻烦。
酉集,10581,61,甲子己周双孝临，严慈连袂丧归阴。
酉集,10582,37,子当入泮。
酉集,10583,,夫命戊辰生，数定前缘。
酉集,10584,,才术不亚陶朱志，性质何如管仲先。
酉集,10585,,国学标名，黄金满屋。
酉集,10586,,衙门多少不平事，君须仔细同官喧。
酉集,10587,36,有弄璋弄瓦之喜。
酉集,10588,,修真功果，功养生成。
酉集,10589,53,悲中见喜，母亡生子。
酉集,10590,33，34,恩星拱照，官职高升。
酉集,10591,62,父母双亡，同在一年。
酉集,10592,38,子当入泮。
酉集,10593,,夫命庚辰生，姻缘注定。
酉集,10594,39，40,双喜临门科场，得意兆熊罴。
酉集,10595,76,七十有余子，世上难逢。
酉集,10596,45，46,不过而遇，攸往皆利。
酉集,10597,37,有弄璋弄瓦之喜。
酉集,10598,35，36,恩星照命，官职高升。
酉集,10599,54,母亡生子，一忧一喜。
酉集,10600,39，40,入春独是无多少，寒气侵入未及回。
酉集,10601,63,椿萱俱有寿，何竟一年亡。
酉集,10602,39,子入泮池。
酉集,10603,,夫命壬辰生，姻缘定数。
酉集,10604,59，60,祥光拥护画堂前，瑞气融和海屋新。
酉集,10605,,惟有公门易赚钱，呼奴饮酒乐无边。
酉集,10606,,财源有分终须有，空业兴隆到处通。
酉集,10607,38,有弄璋弄瓦之喜。
酉集,10608,33，34,错趾招悔吝，指日保初终。
酉集,10609,55,母亡生子，一忧一喜。
酉集,10610,,水土之年，初任教官方合。
酉集,10611,64,双亲辞世日，同在一年中。
酉集,10612,40,子采芹香。
酉集,10613,,夫命己已生，数由前定。
酉集,10614,,土年中举，木年会试方合。
酉集,10615,83,严亲年高，数入天曹。
酉集,10616,62,逢灾无咎，遇难一恩。
酉集,10617,39,有弄璋弄瓦之喜。
酉集,10618,39，40,钦命典试。
酉集,10619,56,悲中有喜，母亡生子。
酉集,10620,53，54,独足高楼上，更上一层楼。
酉集,10621,65,双亲年事高，何竟年同丧。
酉集,10622,,一妻一妻又一妻，三妻鼠命得相宜
酉集,10623,,夫命丁巳生，姻缘定数。
酉集,10624,,克勤克俭从妇道，三从四德两兼全。
酉集,10625,,沐恩食禄居知县，职位琴堂气象新。
酉集,10626,64,妻期死矣，何用多延。
酉集,10627,40,有弄璋弄瓦之喜。
酉集,10628,,志堪武路，勇冠三军。
酉集,10629,57,母亡生子，一忧一喜。
酉集,10630,,身荣登黄甲，天佑吉人。
酉集,10631,66,双亲原有寿，同在一年亡。
酉集,10632,,三妻牛命，方可偕老。
酉集,10633,,夫妻同己巳生，姻缘定数。
酉集,10634,,有子成人增门楣，晚来享福乐无边。
酉集,10635,,愁眠杨柳梢头月，雨湿桃花梦里云。
酉集,10636,42,二喜临门，乡科皆仲。
酉集,10637,41,有弄璋弄瓦之喜。
酉集,10638,55，56,清风明月，运至时行。
酉集,10639,58,母亡生子，一忧一喜。
酉集,10640,,以财而得县丞，数由前定。
酉集,10641,67,父母年高，何竟一年同死。
酉集,10642,,三妻虎命生，始得相宜。
酉集,10643,,夫命辛巳生，数由前定。
酉集,10644,,最苦为人尝独立，不堪羞见雁双飞。
酉集,10645,,家业财源生瑞气，绮罗席上日融融。
酉集,10646,27，28,淡淡凝烟迷远路，斜风细雨折春花。
酉集,10647,42,有弄璋弄瓦之喜。
酉集,10648,63，64,一曲鸦啼还送上，夕阳蝉噪劝君行。
酉集,10649,59,母亡生子，忧喜同至。
酉集,10650,,荫父而县丞，数由前定。
酉集,10651,68,双亲原有寿，全在一年亡。
酉集,10652,,三妻兔命，方可偕老。
酉集,10653,,夫命癸巳生，数有前定。
酉集,10654,,吏部大堂，数由前定。
酉集,10655,47，48,急波滩流天上月，狂风难打画上船。
酉集,10656,,工部尚书，志理国政。
酉集,10657,43,有弄璋弄瓦之喜。
酉集,10658,,水土佃官入命，中得之子命归期。
酉集,10659,60,悲喜同临，母亡生子。
酉集,10660,17,祸去还有灾，阴雨渡阴天。
酉集,10661,69,占稀将满丧双亲，世上难逢百岁人。
酉集,10662,,三妻龙命，方得相宜。
酉集,10663,,夫命甲午生，姻缘注定。
酉集,10664,,名镇三边，威权英显。
酉集,10665,,青灯白守三更水，银烛高烧半夜长。
酉集,10666,,招得金水之子，配得土木之妻。
酉集,10667,44,有弄璋弄瓦之喜。
酉集,10668,29，30,乍暗乍明云里月，半开半落雨中花。
酉集,10669,41,子游泮水。
酉集,10670,,金水之年得子，土木之年失子。
酉集,10671,70,双亲虽有寿，同在一年亡。
酉集,10672,,三妻蛇命，始得偕老。
酉集,10673,,夫命丙午生，姻缘注定。
酉集,10674,,都察院职，数由前定。
酉集,10675,,自怨红颜甘寂寞，不能脂粉污坚贞。
酉集,10676,,走遍江山千万里，徒劳心事想西东。
酉集,10677,45,有弄璋弄瓦之喜。
酉集,10678,41，42,犹如天和照日新，阳回宇宙尽沾恩。
酉集,10679,42,子采芹香。
酉集,10680,70,其妻亡命，人之不幸。
酉集,10681,,金土年入泮，水土年出贡。
酉集,10682,,三妻马命，始得相宜。
酉集,10683,,夫命戊午生，姻缘定数。
酉集,10684,,风折儿伤愁寂寞，恼人无语夜偏长。
酉集,10685,,成名得遂鱼龙变，膺贵还同爵禄华。
酉集,10686,,一生行藏多不利，恼人情绪正偏长。
酉集,10687,46,有弄璋弄瓦之喜。
酉集,10688,,不是松筠有节操，多因月老度姻缘。
酉集,10689,43,子采芹香。
酉集,10690,,是年恩荣翰林职，数由前定。
酉集,10691,,有孙入泮。
酉集,10692,,三妻羊命，方得相宜。
酉集,10693,,夫命庚午生，姻缘注定。
酉集,10694,,父子进士，天发善门。
酉集,10695,,兄弟进士，前生注定。
酉集,10696,,山溪水易涨易消，否极泰来或兴废。
酉集,10697,47,有弄璋弄瓦之喜。
酉集,10698,35，36,社稷而固封疆靖，中原而保邦家安。
酉集,10699,44,子采芹香。
酉集,10700,,临阵谋略有虚惊。
酉集,10701,,孙当入泮。
酉集,10702,,连刑三妻，申命犯克。
酉集,10703,,夫命壬午生，姻缘定数。
酉集,10704,,水火之年妻死方合此卦。
酉集,10705,,筋骨有疾伤，调治莫延迟。
酉集,10706,25，26,未逢其时，守贞无咎。
酉集,10707,48,有弄璋弄瓦之喜。
酉集,10708,,倾城倾国真堪羡，半点朱唇万客尝。
酉集,10709,45,子入泮池。
酉集,10710,25，26,向来枉费推移力，此日中流自在行。
酉集,10711,,喜孙入泮。
酉集,10712,,一妻一妻又一妻，鸡命得相宜。
酉集,10713,,夫命乙末生，姻缘注定。
酉集,10714,59，60,人生如醉谁知觉，月落青霄隐采薇。
酉集,10715,,满目笑容人待客，一双白手要拿钱。
酉集,10716,13，14,嫩竹出林风势恶，全凭老竹傍其身。
酉集,10717,49,有弄璋弄瓦之喜。
酉集,10718,,虽未窗前苦用功，终游国学列雍辟。
酉集,10719,46,子当入泮。
酉集,10720,,求谋得虚心，万事称人怀。
酉集,10721,58,喜孙入泮。
酉集,10722,,玉人多刑，三娶犬命夫人。
酉集,10723,,夫命丁未生，姻缘注定。
酉集,10724,,青宫放马，功名显赫。
酉集,10725,,枯松隐雀巢，难见嫩竹出林笋。
酉集,10726,,虽是女流终佛性，顿亡父母归姻缘。
酉集,10727,50,有弄璋弄瓦之喜。
酉集,10728,35，36,房考之年。
酉集,10729,47,子入泮年。
酉集,10730,39，40,房考之年。
酉集,10731,59,孙入泮池。
酉集,10732,,三妻猪命，方得偕老，
酉集,10733,,夫命己未生，姻缘注定。
酉集,10734,,正副齐生子，副先正于后。
酉集,10735,,异路功名，得选巡检。
酉集,10736,,国学标名，平生之志。
酉集,10737,51,有弄璋弄瓦之喜。
酉集,10738,,桓桓豹为，矫矫虎臣。
酉集,10739,48,喜子入泮。
酉集,10740,,土年中举，木年会试。
酉集,10741,60,孙当入泮。
酉集,10742,,刑部官政，数由前定。
酉集,10743,,夫命辛未生，姻缘注定。
酉集,10744,,半夜机梭常在手，终身衣冷不知春。
酉集,10745,,持钓江滨上，子陵一流人。
酉集,10746,,孤立孤身事莫陈，去年去岁费精神。
酉集,10747,52,有弄璋弄瓦之喜。
酉集,10748,,买田起屋人人羡，才郎冠乡村。
酉集,10749,49,子采芹香。
酉集,10750,,土年中举，水年会试。
酉集,10751,61,孙进泮宫。
酉集,10752,,水火之年国学，水土之年出贡。
酉集,10753,,夫命癸未生，数定前缘。
酉集,10754,,户部官政，数由前定。
酉集,10755,,乍雨乍晴寒共暖，堪叹春光不十分
酉集,10756,,柏舟立节冰霜操，断璧流光万古称，
酉集,10757,53,有弄璋弄瓦之喜。
酉集,10758,35，36,日晴月净僧，福快乐无忧。
酉集,10759,50,子采芹香。
酉集,10760,,一女一子，后女后子。
酉集,10761,62,吾孙入泮池。
酉集,10762,,君得大木，莫亏小用。
酉集,10763,,夫命甲申生，姻缘注定。
酉集,10764,,一妻一妻又一妻，三妻四妻得相宜。
酉集,10765,,四柱孤神太重，命当削发出家。
酉集,10766,,手艺莫嫌苦，发财图兴家。
酉集,10767,54,有弄璋弄瓦之喜。
酉集,10768,,师合金木之年生，死于水火之年
酉集,10769,51,子当入泮。
酉集,10770,,水土之年捐翰林，内杂职方合
酉集,10771,63,孙入泮池。
酉集,10772,,白入红了最伤性，劝君改过别途行。
酉集,10773,,夫命丙申生，姻缘注定。
酉集,10774,,四娶马命，方得相宜。
酉集,10775,,良人一去无踪迹，寂莫兰房掩绣帏
酉集,10776,,非富非贵真稳地，无忧无虑乐升平。
酉集,10777,55,有弄璋弄瓦之喜。
酉集,10778,,兵部官政，数由前定。
酉集,10779,52,子游泮水。
酉集,10780,,初任司职，略遂平生。
酉集,10781,64,喜孙入泮。
酉集,10782,,初任左堂之职，数由前定。
酉集,10783,,夫命戊申生，数中注定。
酉集,10784,,四娶马命，方能偕老。
酉集,10785,,莫怨蒿砧伤太早，只须来世再寻媒。
酉集,10786,,理达精微，恩叨一命。
酉集,10787,56,有弄璋弄瓦之喜。
酉集,10788,,徒招木火之年收方合。
酉集,10789,53,子入泮池。
酉集,10790,,漕抚军门，位高爵重。
酉集,10791,65,孙入泮池。
酉集,10792,,静日佛天行礼拜，生来应合入空门。
酉集,10793,,夫命庚申生，姻缘注定。
酉集,10794,,五行秀色气生财，天光霁月乐悠悠。
酉集,10795,,南方运转北方地，一生衣禄永无忧。
酉集,10796,,捐运粮千总之职，荣乐终身。
酉集,10797,57,有弄璋弄瓦之喜。
酉集,10798,37，38,聿修厥德，长发其祥。
酉集,10799,54,子当入泮。
酉集,10800,,以德而选州官，数有前定。
酉集,10801,,喜孙入泮。
酉集,10802,,玄冠重懈豹，金带膺兰香。
酉集,10803,,夫命壬中生，姻缘注定。
酉集,10804,,四娶羊命，方可偕老。
酉集,10805,,日间乌云现北斗，天上麒麟地下行。
酉集,10806,,黄卷青灯勤苦读，青云有分早标名。
酉集,10807,58,有弄璋弄瓦之喜。
酉集,10808,43，44,乡科及第，又叶熊罴。
酉集,10809,55,子采芹香。
酉集,10810,,以贡而授司训，靖平广大。
酉集,10811,67,有孙入泮。
酉集,10812,,姊妹四人，姻缘各配。
酉集,10813,,夫命乙酉生，姻缘注定。
酉集,10814,,肾病须调，且莫延迟。
酉集,10815,,胸中学成锦文章，异日扳龙对凤凰。
酉集,10816,,笔下精神夸手艺，胸中锦绣夺天机。
酉集,10817,59,有弄璋弄瓦之喜。
酉集,10818,,工部官政，数由前定。
酉集,10819,,子入泮池。
酉集,10820,35,以贡而选主簿，数由前定。
酉集,10821,68,喜孙入泮。
酉集,10822,,不岐不求真贵品，成人成已乐中人。
酉集,10823,,夫命已酉生，姻缘定数。
酉集,10824,,三妻四妾，马命相宜。
酉集,10825,,文质彬彬君子志，趋庭诗礼习儒宗。
酉集,10826,25,东风方到寒犹在，阳气初升暖尚微。
酉集,10827,60,有弄璋弄瓦之喜。
酉集,10828,,祥光叠叠现，晕映玉堂春。
酉集,10829,57,子入泮池。
酉集,10830,,禹门风雷动，波浪起龙吟。
酉集,10831,69,孙当入泮。
酉集,10832,27，28,墙上枝头花欲放，开时又遇雨和风。
酉集,10833,,夫命已酉生，姻缘定数。
酉集,10834,,四娶羊命，方能偕老。
酉集,10835,,以数推来知性巧，子秀孙贤世上奇。
酉集,10836,,记晦明之事，通阴阳之学。
酉集,10837,,姊妹三人，方合此刻。
酉集,10838,,恭敬方圆机见识，出处刚柔妙用多。
酉集,10839,58,子入泮池。
酉集,10840,,水火之年捐运粮，千总之职。
酉集,10841,70,孙采芹香。
酉集,10842,,朝廷有道心安乐，边塞无虞梦寐间。
酉集,10843,,夫命辛酉生，姻缘注定。
酉集,10844,,四妻方得白发，定配猴命人。
酉集,10845,,公门好修行，君今当效法。
酉集,10846,,奔东又走西，金银满载归。
酉集,10847,,性急心慈，不合人意。
酉集,10848,,芙蓉生在秋江上，石与群芳斗异香。
酉集,10849,59,子当入泮。
酉集,10850,,阎君本是无情主，数定于斯不过期。
酉集,10851,71,老来见喜，孙当入泮。
酉集,10852,,家有大财，自不能用。
酉集,10853,,夫命癸酉生，姻缘定数。
酉集,10854,,一妻一妻又一妻，酉命正相宜。
酉集,10855,,淑德和风面持家，有义主性格多纯。
酉集,10856,,金水之年，入泮方合。
酉集,10857,45，46,乡科及第，梦叶熊罴。
酉集,10858,,意中生羽翼，笔下起风云。
酉集,10859,60,子当入泮。
酉集,10860,,当娶偏房，以承宗祀。
酉集,10861,72,孙当入泮。
酉集,10862,,乌纱冠带全无分，创业兴家却有名。
酉集,10863,,夫命甲戌生，姻缘注定。
酉集,10864,,蛟龙变化终离海，鹏翮程途在半天。
酉集,10865,,艺精风鉴，术传麻衣。
酉集,10866,21,生一子死一子，悲喜交临。
酉集,10867,,木火之子，金水之妻。
酉集,10868,,少年丧鸳鸯，中年怕丹诗。
酉集,10869,61,子当入泮。
酉集,10870,,水火之年，以监而选司职方合。
酉集,10871,72,孙当入泮。
酉集,10872,,荣登月窟驭凤龙，双亲并茂诰命封。
酉集,10873,,夫命丙戌生，姻缘注定。
酉集,10874,,此刻生人，妻属水木。
酉集,10875,,子评理数皆通晓，不若此数可传人。
酉集,10876,,才德兼全，巡司之职。
酉集,10877,,巡漕之职，数中注定。
酉集,10878,59,夫主刑伤，妇之不幸。
酉集,10879,61,子游泮水。
酉集,10880,37，38,钦命典试。
酉集,10881,64,孙当入泮。
酉集,10882,49,佐邑无私宣德玫，泽民有道尚仁慈。
酉集,10883,,夫命戊戌生，姻缘定数。
酉集,10884,,辟雍恩波重，声名远近驰。
酉集,10885,15，16,风漾柳枝无气力，淡时月影未分明。
酉集,10886,,吏部官政，数由前定。
酉集,10887,,子招金水，妻配火土方合。
酉集,10888,27，28,不料云来蔽明月，谁知冷雪透衣襟。
酉集,10889,63,晚年喜子入泮宫。
酉集,10890,,疾病缠身，且莫延迟。
酉集,10891,75,孙入泮宫。
酉集,10892,,以财而得左堂，数由前定。
酉集,10893,,夫命庚戌生，姻缘注定。
酉集,10894,,初任修撰之职。
酉集,10895,,荫袭国公，数中注定。
酉集,10896,,初任县佐，次任邑侯。
酉集,10897,,秉性虎生翼，为人耀青毡。
酉集,10898,37，38,代天巡狩，才德兼全。
酉集,10899,,喜子入泮。
酉集,10900,,水火之年，以监而捐左堂。
酉集,10901,76,孙入泮林。
酉集,10902,,一枝铁笔分生死，三个金钱定吉凶。
酉集,10903,,夫命壬戌生，姻缘注定。
酉集,10904,,命中二子，鹏程万里。
酉集,10905,52,乡科及第，梦叶熊罴。
酉集,10906,,兵部尚书，至尊至贵。
酉集,10907,,白文至显官，数定有其人。
酉集,10908,,翰林由庶吉，佐理有国政。
酉集,10909,65,有子拜圣，祖宗荫德。
酉集,10910,,父先去世，母尚康宁。
酉集,10911,77,喜孙入泮。
酉集,10912,39，40,恩星正照，位至荣迁。
酉集,10913,,夫命乙亥生，姻缘注定。
酉集,10914,,气象峥嵘真间师，英雄超绝拟边官。
酉集,10915,,自幼明指巧，他日持家效益光。
酉集,10916,,身在官场，雍荣华贵。
酉集,10917,,不及鲁班巧，艺学师旷聪。
酉集,10918,37,房考之年。
酉集,10919,66,子入泮堂。
酉集,10920,48,满腹经纶，怀才不遇。
酉集,10921,78,孙当入泮。
酉集,10922,,一子一女，木火年生方合。
酉集,10923,,夫命丁亥生，姻缘定数。
酉集,10924,,读书终有望，他年及第早登科。
酉集,10925,,职居通政，数由前定。
酉集,10926,48,明月挂松稍，焚是礼忏宜。
酉集,10927,,初任主事，再任抽分。
酉集,10928,,督理学政，扒贤举能。
酉集,10929,69,子游泮水。
酉集,10930,,金土之年，以监而选县丞方合。
酉集,10931,70,孙入泮池。
酉集,10932,,千里荷花香馥郁，一生时事任施为。
酉集,10933,,夫命己亥生，姻缘定数。
酉集,10934,,初任检讨之职。
酉集,10935,,迎新送旧寻常态，弄巧装新反复情。
酉集,10936,,一子生年属水，此刻不差。
酉集,10937,,口念弥陀不脱尘，在家修道敬鬼神。
酉集,10938,,数定原来着紫衣，腰悬金印掌元成。
酉集,10939,58,喜吾子今入泮矣。
酉集,10940,,此病在脾。
酉集,10941,,孙入泮矣。
酉集,10942,,父母生于金年，终于水年方合。
酉集,10943,,夫命辛亥生，姻缘注定。
酉集,10944,,大理官政，数由前定。
酉集,10945,50,命理原微妙圣人，亦罕言词过群臣。
酉集,10946,49，50,乡科及第，梦叶熊罴。
酉集,10947,,钦赐中书，合家承恩。
酉集,10948,,一字切忌日黄，可免则免。
酉集,10949,69,子当入泮。
酉集,10950,,兄弟十余人，同父异母。
酉集,10951,81,孙当入泮。
酉集,10952,,一子生年属土方合。
酉集,10953,,夫命癸亥生，先天注定。
酉集,10954,,兄弟进士，天发善门。
酉集,10955,,手中娴美艺，不愁风雨不愁寒。
酉集,10956,,生子聪明超群，配于名门大家。
酉集,10957,,陈红贯朽尘无限，积玉堆金富有余。
酉集,10958,,有女亲生，有儿庶论。
酉集,10959,70,子当入泮。
酉集,10960,,幼年丧夫，中年守节。
酉集,10961,82,喜孙入泮。
酉集,10962,,一子生年属木方合。
酉集,10963,,花开金紫重重艳，竹带琅青节节高。
酉集,10964,,天不变，道意不变，道之大原出于天。
酉集,10965,,山中梧桐树，莫作烂紫看。
酉集,10966,,山钟夜渡空江水，秋月寒生古石楼。
酉集,10967,23，24,兵部之职，数由前定。
酉集,10968,,父子同榜，进士及第。
酉集,10969,71,子当入泮。
酉集,10970,,勤俭持家，享福过人。
酉集,10971,,喜孙入泮。
酉集,10972,,性情心慈敏精神，玷瑕牡丹春富贵。
酉集,10973,,临下以筒御众，仁心仁慈为人。
酉集,10974,,一子生年属火方合。
酉集,10975,,乍雨乍晴，好花不艳。
酉集,10976,,蚊龙变化终离海，鹏鸟飞滕大国中。
酉集,10977,,中年失节，当初免为。
酉集,10978,,巧写万般形象，号召丹青照人。
酉集,10979,,子入泮宫。
酉集,10980,,病在肝脏，且调莫延。
酉集,10981,84,孙入泮宫。
酉集,10982,41，42,不鸣则已，一鸣惊人。
酉集,10983,,戏抛莲子在池塘，会着今朝花含香。
酉集,10984,,一子生年属金方合。
酉集,10985,,官至同知，高擢待时。
酉集,10986,47，48,前途自有渔人引，不必迟疑自在行。
酉集,10987,67，68,拥膝北窗下，自有大吉人。
酉集,10988,47,三岛路峡空自有，十分花鸟不知春。
酉集,10989,73,子当入泮。
酉集,10990,,始见浮生无着住，不如回首好依依。
酉集,10991,80,孙当入泮。
酉集,10992,27，28,日就月将，学问充足。
酉集,10993,,初任典史，荣光耀祖。
酉集,10994,,子息之中女儿先，一胎二胎数亦然。
酉集,10995,,初任教职，果遂平生。
酉集,10996,,荫祖父而得司职，数由前定。
酉集,10997,,中年失夫守子，持家常洒泪。
酉集,10998,74,好生之德，治于民心。
酉集,10999,74,子当入泮。
酉集,11000,,桃花带路，灼灼怡人。
戌集,11001,,可怜不见严亲面，刻木人今羡古人。
戌集,11002,,克昌厥后，绥我眉寿。
戌集,11003,,夫妻同甲子，姻缘定数。
戌集,11004,,兄弟五人，鼎列分承。
戌集,11005,31，32,休道事无讹，其中进退多。
戌集,11006,,三复白圭诗，今日之南容。
戌集,11007,,妻妻子子，田歌之寿。
戌集,11008,3，4,啾唧不能免。
戌集,11009,,待得时业君展翅，万花相映马嘶蹄。
戌集,11010,23，24,虽是年来多不利，吉多凶少莫慌张。
戌集,11011,,熟识君闺范，夫家风度勤。
戌集,11012,46,可惜平生四十六，哀哀老幼徒知哭。
戌集,11013,,夫妻同丙子，姻缘定数。
戌集,11014,,弟命鼠年生方合。
戌集,11015,,少年蹉跎事不利，中年恍惚老年奇。
戌集,11016,,不历一番寒彻骨，怎得梅花扑鼻香。
戌集,11017,62,福寿两齐，敬佛上事。
戌集,11018,1,虽是朦胧眼，红花出水鲜。
戌集,11019,21,望月休从帘下立，踏花偏向草中寻。
戌集,11020,,寿元足矣。
戌集,11021,,病符入鼠年，灾晦来相缠。
戌集,11022,,张李结于官族，易数先知。
戌集,11023,,夫妻同戊子，姻缘定数。
戌集,11024,,弟命牛年生方合。
戌集,11025,13，14,一派顺风吹，云散月华明。
戌集,11026,9，10,九岁喜匆匆，十龄始吉祥。
戌集,11027,69，70,一池新水今朝雨，满地桃花昨夜风。
戌集,11028,7,连日雨沉沉，今日始见晴。
戌集,11029,,二岁之儿，如花不久。
戌集,11030,29,椿枝已折，三年泣血。
戌集,11031,102,寿元有一百零四，君今少二春。
戌集,11032,22,青年刑二室，数中不幸。
戌集,11033,,夫妻同庚子，姻缘前定。
戌集,11034,,弟命虎年生方合。
戌集,11035,61，62,中秋月朗十分明，万里无云一色天。
戌集,11036,47，48,良马始因离险路，梅花今已发阳春。
戌集,11037,45，46,不于己事休开口，合意人情只点头。
戌集,11038,46,一梦归阴府，飘然入华胥。
戌集,11039,41，42,一尘不染，幽室味长。
戌集,11040,,乡科中解元，易数注定。
戌集,11041,73，74,一夕风奋平地起，犬生两中过门来。
戌集,11042,23，24,青年刑二室，不幸之悲。
戌集,11043,,夫妻同壬子，姻缘注定。
戌集,11044,,弟命兔年生方合。
戌集,11045,,甲子拜师，天上大吉。
戌集,11046,,凶星到丑年，疾病来相侵。
戌集,11047,15,妻死之年，幼儿不幸。
戌集,11048,29，30,喜而不喜，忧中妨灾。
戌集,11049,,数注其人，经营湖海。
戌集,11050,,虽忧未忧，时运未至。
戌集,11051,91，92,老年运既否，莫惹是和非。
戌集,11052,25，26,青年刑二室，人之大不幸。
戌集,11053,,夫妻同乙丑，姻缘注定。
戌集,11054,,弟命龙年生方合。
戌集,11055,,师命丙子生。
戌集,11056,24,今年花胜去年红，可羡明年花更浓。
戌集,11057,45，46,时来行好运，一路吉祥亨。
戌集,11058,4,童年方四岁，嫩竹映光辉。
戌集,11059,,吏修生涯，性廉情淡。
戌集,11060,,静境修德，心诚则灵。
戌集,11061,47，48,淡淡轻烟迷芍药，微微细雨润芙蓉。
戌集,11062,27，28,青年刑二室，不幸之悲。
戌集,11063,,夫妻同丁丑，先天定数。
戌集,11064,,弟命蛇年生方合。
戌集,11065,,师命戊子生。
戌集,11066,3，4,童子一周三四岁，四时寒热光入侵。
戌集,11067,63，64,光阴不幸随人生，物外悠悠独自行。
戌集,11068,,有事定然反复去，只须忍耐免虚惊。
戌集,11069,67，68,运乖有解凶成吉，信是松柏耐岁寒。
戌集,11070,,一去三年不回顾，此情只待成追忆
戌集,11071,9，10,九十年来运正佳，清晨疾病免咨嗟。
戌集,11072,29，30,前妻丧未久，后妻今又亡。
戌集,11073,,夫妻同己丑，先天定数。
戌集,11074,,弟命马年生方合。
戌集,11075,,师命庚子生。
戌集,11076,,凶星到虎年，疾病来相缠。
戌集,11077,,饮酒茹荤无我份，数中注定一僧人
戌集,11078,57，58,过此迷津外，滔滔乐太平。
戌集,11079,,此刻生人命亦奇，虽为待获禄相依。
戌集,11080,,寿元一百零二春，悠然一梦往西行。
戌集,11081,91，92,老年获美景，身健子孙贤。
戌集,11082,31，32,前妻死未久，后妻今又亡。
戌集,11083,,夫妻同辛丑，姻缘注定。
戌集,11084,,弟命羊年生方合。
戌集,11085,,师命壬子生。
戌集,11086,,灾星到兔年，啾唧不安然。
戌集,11087,,饮酒茹荤无我份，数中注定一僧人。
戌集,11088,,有子健奇才，宏伟命中来。
戌集,11089,,一盘算尽人间事，得失荣枯总在天。
戌集,11090,65，66,老骥伏枥，志在千里。
戌集,11091,,未出胎而克父，是为贵腹子。
戌集,11092,33，34,前妻死未久，后妻今又亡。
戌集,11093,,夫妻同癸丑，数定先天。
戌集,11094,,弟命猴年生方合。
戌集,11095,,师命乙丑生。
戌集,11096,,妻招金火子，招金水方合。
戌集,11097,,恶晦临龙年，疾病来相缠。
戌集,11098,,花当春放好妍媚，月到天心分外明。
戌集,11099,27，28,一片白云头上过，钓斜秋月雨中明。
戌集,11100,,妻丧期年儿受克，数犯刑伤。
戌集,11101,87，88,松竹争夸耐寒冰，孤标劲节出儒林。
戌集,11102,35，36,前妻既死，后妻又亡。
戌集,11103,,夫妻同甲寅，姻缘前定。
戌集,11104,,弟命鸡年生方合。
戌集,11105,,师命丁丑生，先天定数。
戌集,11106,,猿鹤相依天外客，逍遥物外玉栏杆。
戌集,11107,,凶神到蛇年，疾病应多赘。
戌集,11108,15，16,父死妻亡，流年不利。
戌集,11109,,一岁父死，刑伤莫大。
戌集,11110,,贞静幽闲，囤中毓秀。
戌集,11111,65,天哭照命，母有刑伤。
戌集,11112,37，38,前妻死未久，后妻今又亡。
戌集,11113,,夫妻同丙寅，先天前定。
戌集,11114,,弟命狗年生方合。
戌集,11115,,师命己丑生，先天定数。
戌集,11116,80,庆羡无他说，惟说遐龄岁八旬。
戌集,11117,,扶人霄汉上，救人于水火。
戌集,11118,17，18,父亡妻亡，不幸之甚。
戌集,11119,53，54,鸿雁飞腾和，声断衡阳浦。
戌集,11120,,阴阳不识，乾坤难辩。
戌集,11121,,凶星到马年，身体不安然。
戌集,11122,39，40,前妻已死，后妻又亡。
戌集,11123,,夫妻同戊寅，姻缘注定。
戌集,11124,,弟命猪年生方合。
戌集,11125,,师命辛丑生，先天注定。
戌集,11126,,三嫁甲子之夫，方得相宜。
戌集,11127,,父母死于土木之年方合。
戌集,11128,19，20,风折椿枝，琴瑟又断。
戌集,11129,72,驾鹤腾云去，飘然竟不回。
戌集,11130,66,老来丧母之年。
戌集,11131,40,无母何恃，欲食难存。
戌集,11132,41，42,困于蔟藜，三刑其妻。
戌集,11133,,夫妻同庚寅，先生注定。
戌集,11134,33，34,春日春花红又绿，秋江秋水碧还青。
戌集,11135,,师命癸丑生。
戌集,11136,,三嫁丙子之夫，方得相宜。
戌集,11137,,妻命生于金年方合。
戌集,11138,21，22,二孝临身，父死妻亡。
戌集,11139,63，64,钦命典试。
戌集,11140,,木火之年进庠，金水之年食廪。
戌集,11141,51，52,雨近山川春别样，时来万里月光明。
戌集,11142,43，44,前妻已死，后妻又亡。
戌集,11143,,夫妻同壬寅，先天注定。
戌集,11144,75，76,菊花景好耐风霜，柏树春深日日长。
戌集,11145,,师命甲寅生。
戌集,11146,,良人有刑，三嫁戌子之夫。
戌集,11147,,命带刚烈性，果敢有为人。
戌集,11148,23，24,父死妻亡，二度刑伤。
戌集,11149,"99,100",人生五福寿为先，世上难逢百岁缘。
戌集,11150,67,丧母之年。
戌集,11151,25，26,财如皎月家家见，福似春深处处红。
戌集,11152,45，46,前妻已死，后妻又亡。
戌集,11153,,夫妻同乙卯，姻缘前定。
戌集,11154,,凶星坐羊年，疾病来相缠。
戌集,11155,,师命丙寅生。
戌集,11156,,命有刑克，三嫁庚子之夫。
戌集,11157,39，40,龙下碧潭添秀色，虎逢山谷转精神。
戌集,11158,25，26,不幸椿枝折，认知又断弦。
戌集,11159,37，38,千里暮云悉未尽，一江秋水恨无穷。
戌集,11160,,妻命属木命，先天定数。
戌集,11161,,从前一路平安过，今年明日又迷途。
戌集,11162,,前妻已死，后妻又亡。
戌集,11163,,夫妻同丁卯，先天注定。
戌集,11164,,姊妹属凰，数有前定。
戌集,11165,,师命戊寅生。
戌集,11166,,命有刑克，三嫁壬子之夫。
戌集,11167,,木火父母生年，金火父母死年方合。
戌集,11168,37，38,父死妻亡，二度刑伤。
戌集,11169,,病符相照，猴年祈保得安然。
戌集,11170,66,丧母之年。
戌集,11171,13，14,今岁来年是一津，花前无故犬吠人。
戌集,11172,49，50,困于蒺藜，上刑其妻。
戌集,11173,,夫妻同己卯，姻缘前定。
戌集,11174,,姊妹属牛，数有前定。
戌集,11175,,师命庚寅生。
戌集,11176,,命有刑克，三嫁乙丑之夫。
戌集,11177,,五岁母亡，人之不幸。
戌集,11178,29，30,父死妻亡，刑伤莫大。
戌集,11179,21，22,鼓盆之岁，三见于此。
戌集,11180,,病符到鸡年，保护灾可退。
戌集,11181,35，36,渺渺烟霞起，恹恹愁闷费精神。
戌集,11182,61,前妻已死，后妻又亡。
戌集,11183,,夫妻同辛卯，缘分所注。
戌集,11184,,姊妹属虎，数有前定。
戌集,11185,,师命壬寅生。
戌集,11186,,命有刑克，主嫁丁丑夫
戌集,11187,,双亲辞世许多年，椿树先枯萱后凋。
戌集,11188,21，22,父死妻亡，二度刑伤。
戌集,11189,23，24,三刑其妻，人之不幸。
戌集,11190,69,丧母之年，泣血悲伤。
戌集,11191,,奴婢有染，数有前定。
戌集,11192,,前妻已死，后妻又亡。
戌集,11193,53，54,夫妻同癸卯，先天注定
戌集,11194,,姊妹属兔，数有前定。
戌集,11195,,师命乙卯生。
戌集,11196,,命有刑克，再嫁己丑夫。
戌集,11197,25，26,五岁母亡，人子不幸。
戌集,11198,33，34,父死妻亡，刑伤莫大。
戌集,11199,25，26,困于蒺藜，主刑其妻。
戌集,11200,,一片彩云秋水至，时来风月一番新。
戌集,11201,14,青衿从此得，方显少年强。
戌集,11202,55，56,前妻已死，后妻又亡。
戌集,11203,,夫妻同甲辰，姻缘注定。
戌集,11204,,姊妹属龙，数有前定。
戌集,11205,,师命丁卯生。
戌集,11206,,命有刑克，主嫁辛丑夫。
戌集,11207,25，26,事或能断，无乐又堪忧。
戌集,11208,35，36,父死妻亡，同在一年。
戌集,11209,27，28,困于蒺藜，主刑其妻。
戌集,11210,,一片彩云秋水至，时来风月一番新。
戌集,11211,,父母生于木火年，同死于金水年。
戌集,11212,57，58,丧门相照，两刑其妻。
戌集,11213,,夫妻同丙辰，先天注定。
戌集,11214,,姊妹属蛇，数有前定。
戌集,11215,,师命己卯生。
戌集,11216,,命有刑克，主嫁癸丑夫。
戌集,11217,,数注紫衣人指引，财禄功名自有期。
戌集,11218,31，32,椿枝已折，琴治无音。
戌集,11219,29，30,鼓盆之戚，三见于斯。
戌集,11220,,刑妻于水年，娶继室于木年。
戌集,11221,27，28,二龙争一珠，一得一失。
戌集,11222,59，60,困于蒺蒺，两刑其妻。
戌集,11223,,夫妻同戊辰，姻缘前定。
戌集,11224,,姊妹属马，数有前定。
戌集,11225,,师命辛卯生。
戌集,11226,,主嫁甲辰之夫。
戌集,11227,,父死于木火之年，母死于金水之年。
戌集,11228,39，40,丧门兼白虎，父死妻又亡。
戌集,11229,31，32,鼓盆之戚，三见于斯。
戌集,11230,33，34,瓦砾之下，白虹于耀。
戌集,11231,46,可惜平生四十六，哀哀父母徒知哭。
戌集,11232,61，62,处处雉鸟两分飞，折断佳人不齐眉。
戌集,11233,,夫妻同庚辰，姻缘注定。
戌集,11234,,姊妹属羊，数有前定。
戌集,11235,,师命癸卯生。
戌集,11236,,命有刑伤，主嫁丙寅夫。
戌集,11237,,静坐有经消白日，闲来无事伴红尘。
戌集,11238,41，42,父死妻亡，一年二孝。
戌集,11239,33，34,三刑其妻，命犯刑伤。
戌集,11240,,妻命属水年生方合。
戌集,11241,,晚运胜于中年运。
戌集,11242,63，64,前妻已死，后妻又亡。
戌集,11243,,夫妻同壬辰，姻缘前定。
戌集,11244,,姊妹属猴，数有前定。
戌集,11245,,师命甲辰生。
戌集,11246,,良人有刑，主嫁戊寅夫。
戌集,11247,,父母死于金水之年方合。
戌集,11248,43，44,父死妻亡，二度刑伤。
戌集,11249,35，36,困于蒺藜，三刑其妻。
戌集,11250,,雁来嘹亮黄花发，好个声名处处闲。
戌集,11251,32,中年而亡，前生注定。
戌集,11252,65，66,前妻已死，后妻又亡。
戌集,11253,,夫妻同乙巳，姻缘注定。
戌集,11254,,姊妹属鸡，数有前定。
戌集,11255,,师命丙辰生。
戌集,11256,,良人有刑，主嫁庚辰夫。
戌集,11257,47，48,对酒邀明月，杯中酒不空。
戌集,11258,45，46,父死妻亡，两度刑伤。
戌集,11259,36，37,三刑其妻，命带刑克。
戌集,11260,18,丧母之年。
戌集,11261,19,二十欠一春，胡为寿不深。
戌集,11262,63，64,前妻已死，后妻又亡。
戌集,11263,,夫妻同丁巳，前生注定。
戌集,11264,,姊妹属狗，数有注定。
戌集,11265,,师命戊辰生，
戌集,11266,,主嫁壬辰之夫。
戌集,11267,,父母死于火土之年方合。
戌集,11268,43，44,父死妻亡，一年两伤。
戌集,11269,39，40,困于蒺藜，三刑其妻。
戌集,11270,,大限已停，纵有名医药不灵。
戌集,11271,,虚名虚利两不成，浪迹萍踪已半生。
戌集,11272,69，70,鼓盆之戚，又见于斯。
戌集,11273,,夫妻己巳，姻缘前定。
戌集,11274,,姊妹属猪，数有前定。
戌集,11275,,师命庚生。
戌集,11276,,主嫁乙卯之夫。
戌集,11277,33,天夺其算，为寿不稳。
戌集,11278,49，50,父死妻又亡，一年两度伤。
戌集,11279,41，42,三刑其妻。
戌集,11280,42,丧母之年。
戌集,11281,,父母生合木火之年，死于水土之年。
戌集,11282,21，22,琴弦已续，不是年年之曲。
戌集,11283,,夫妻同辛巳，缘分所注。
戌集,11284,,姊妹属鼠，数有前定。
戌集,11285,,师命壬辰生。
戌集,11286,,良人有刑，主嫁丁卯夫。
戌集,11287,21，22,禀膳名香甫，得皇家之禄。
戌集,11288,51，52,父死妻亡，一年二伤。
戌集,11289,43，44,困于蒺藜，三刑其妻。
戌集,11290,9,幼年失母，苦了何时。
戌集,11291,31，32,当年方进步，此岁寿元终。
戌集,11292,23，24,当年之曲不堪闻，弹出新声另有声。
戌集,11293,,夫妻同癸巳，姻缘已定。
戌集,11294,,姊妹属牛，数有前定。
戌集,11295,,师命乙巳生。
戌集,11296,,良人有刑，主嫁己卯夫。
戌集,11297,23，24,名当补禀幸，食皇家之禄，
戌集,11298,53，54,父死妻亡，两度刑伤。
戌集,11299,45，46,困于蒺藜，三刑其妻。
戌集,11300,,一字记之曰汝，用不得。
戌集,11301,,阡陌春色浓，常思良人在天涯。
戌集,11302,25，26,洞房荣乐事，花谢又花闲。
戌集,11303,,夫妻同甲午，姻缘前定。
戌集,11304,,姊妹属虎，数有前定。
戌集,11305,,师命丁巳生。
戌集,11306,,良人有刑，主嫁辛卯夫。
戌集,11307,25，26,喜逢黄道日，禀膳姓名香
戌集,11308,55，56,父死妻亡，两度刑伤。
戌集,11309,47，48,困于蒺藜，三刑其妻。
戌集,11310,,三岁母死，终天愁恨。
戌集,11311,61，62,去往犹如梁上燕，谋为却是水中月。
戌集,11312,27，28,破镜已分，鸳鸯再整。
戌集,11313,,夫妻同丙午，姻缘注定。
戌集,11314,,姊妹属兔，数有前定。
戌集,11315,,师命己巳生。
戌集,11316,,良人有刑，主嫁癸卯夫。
戌集,11317,27，28,喜逢黄道日，禀膳姓名香。
戌集,11318,57，58,父死妻亡，两度刑伤。
戌集,11319,49，50,困于蒺藜，三刑其妻。
戌集,11320,23,丧星照门，此年灾晦。
戌集,11321,43，44,萱花已落，三年泣血。
戌集,11322,29，30,鸳鸯浮水面，花谢又花开。
戌集,11323,,夫妻同戊午年，姻缘注定。
戌集,11324,,姊妹属龙，数有前定。
戌集,11325,,师命辛巳生。
戌集,11326,,主嫁丙辰之夫，方免其刑。
戌集,11327,29，30,喜迎黄道日，禀膳姓名香。
戌集,11328,59，60,父死妻亡，两度刑伤。
戌集,11329,52,三刑其妻。
戌集,11330,22,寿元无添日，一朵云雨载。
戌集,11331,39，40,病符照犬年，祈保得安然。
戌集,11332,31，32,革故鼎新，姻缘非偶。
戌集,11333,,夫妻同庚午，先天注定。
戌集,11334,,姊妹属蛇，数有前定。
戌集,11335,,师命癸巳生。
戌集,11336,,主嫁丙辰夫，方免其刑。
戌集,11337,31，32,喜逢黄道日，禀膳姓名香。
戌集,11338,61,父死妻亡，一年两伤。
戌集,11339,53，54,三刑其妻。
戌集,11340,21,寿足而亡夭。
戌集,11341,,萱花已落，三年泣血。
戌集,11342,35，36,鸳鸯浮水面，花谢又花开。
戌集,11343,,夫妻同壬午，姻缘定数。
戌集,11344,,姊妹属马，数有前定。
戌集,11345,,师命甲午生。
戌集,11346,,主嫁壬辰夫，方合此刻。
戌集,11347,33，34,遇考拔前茅，禀膳姓名香。
戌集,11348,63，64,父死妻亡，两度刑伤。
戌集,11349,55，56,困于蒺藜，三刑其妻。
戌集,11350,17,寿数已定，其奈之何。
戌集,11351,,可先祈福，以免是年之咎。
戌集,11352,35，36,鹊桥重流，花烛重新。
戌集,11353,,夫妻同乙未，姻缘定数。
戌集,11354,,姊妹属羊，数有前定。
戌集,11355,,师命丙午生。
戌集,11356,,主嫁庚辰夫，方免其刑。
戌集,11357,35，36,喜逢黄道日，禀膳姓名香。
戌集,11358,65，66,父死妻亡，一年两伤。
戌集,11359,57，58,困于蒺藜，三刑其妻。
戌集,11360,,天夺其寿，其可奈何。
戌集,11361,,秋夜春闺人，寂寞难睡眠。
戌集,11362,37，38,鸾姣弦又断，月缺复还圆。
戌集,11363,,夫妻同丁未，姻缘注定。
戌集,11364,,姊妹属猴，数有前定。
戌集,11365,,师命戊午生。
戌集,11366,,主嫁壬辰夫，方免其刑。
戌集,11367,37，38,遇考拔前茅，禀膳姓名香
戌集,11368,67，68,父死妻亡，二度刑伤。
戌集,11369,59，60,困于蒺藜，三刑其妻。
戌集,11370,33，34,终日经营事，闲来喜鹊临。
戌集,11371,101,寿元原有定，一百零一是归期
戌集,11372,39，40,琴弦复续，声音不是当年曲。
戌集,11373,,夫妻同己未，姻缘注定。
戌集,11374,,姊妹属鸡，数有前定。
戌集,11375,,师命庚午生。
戌集,11376,,主嫁乙巳夫，方免其刑。
戌集,11377,39，40,遇考拔前茅，禀膳姓名香。
戌集,11378,69，70,父死妻亡，两度刑伤。
戌集,11379,61，62,困于蒺藜，三刑其妻。
戌集,11380,50,母赴瑶池，三年泣血。
戌集,11381,15，16,虽是年来遭蹭蹬，只因几度欠调停。
戌集,11382,41，42,洞房荣乐事，花谢又花开。
戌集,11383,,夫妻同辛未，姻缘定数。
戌集,11384,,姊妹属狗，数有前定。
戌集,11385,,师命壬午生。
戌集,11386,,良人有刑，主嫁丁巳夫。
戌集,11387,15，16,遇考拔前茅，禀膳姓名香。
戌集,11388,,夫妻同属牛。
戌集,11389,63，64,三刑其妻。
戌集,11390,14,四岁母死，不幸之悲。
戌集,11391,,呕心沥血为财利，须防财来去。
戌集,11392,43，44,当年之曲不堪闻，弹出新声别有音。
戌集,11393,,夫妻同癸未，姻缘注定。
戌集,11394,,房考之年。
戌集,11395,,师命乙未生。
戌集,11396,,良人有刑，主嫁己巳夫。
戌集,11397,43，44,遇考高列，禀膳名香。
戌集,11398,31，32,虽有阳春舒柳眼，仍防夜月损花容。
戌集,11399,65，66,三见鼓盆之歌。
戌集,11400,,妻命属火，先天定数。
戌集,11401,46,萱花已落，泣血三年。
戌集,11402,,鼠年命犯桃花方合。
戌集,11403,,夫妻同甲申，姻缘前定。
戌集,11404,,父命金年生方合。
戌集,11405,,师命丁未生。
戌集,11406,,良人有刑，主嫁辛巳夫。
戌集,11407,45，46,禀膳名扬，皇家之禄。
戌集,11408,,平生志气三食粟，粟满五斗傲文儒。
戌集,11409,67，68,困于蒺藜，三刑其妻。
戌集,11410,104,寿元一百有四岁，悠然一梦渺无踪。
戌集,11411,69，70,树因风吹，花因雨露。
戌集,11412,,牛年犯桃花方合。
戌集,11413,,夫妻同丙申，姻缘注定。
戌集,11414,,父命木年生方合。
戌集,11415,,师命己未生。
戌集,11416,,良人有刑，主嫁癸巳夫。
戌集,11417,47，48,禀膳名扬，皇家之禄。
戌集,11418,15,夫妻本是同林鸟，宿在林中雉先飞
戌集,11419,68，69,三刑其妻。
戌集,11420,53，54,安然福寿福加音，敢有虎豹不危身。
戌集,11421,,黄昏光景，学尽凄鸦。
戌集,11422,,虎年命犯桃花方合。
戌集,11423,,夫妻同戊申，先天定数。
戌集,11424,,父命水年生方合。
戌集,11425,,师命辛未生。
戌集,11426,,良人多刑，主嫁甲午夫。
戌集,11427,49，50,禀膳名扬，皇家之禄。
戌集,11428,5，6,风轻云淡，日月太平。
戌集,11429,6,童年无顺到，三伏又生寒。
戌集,11430,68,丧父之年，泣血之悲。
戌集,11431,89，90,千载洪基锦簇簇，一团生意遂儿孙。
戌集,11432,,兔年命犯桃花方合。
戌集,11433,,夫妻同庚申，先天定数。
戌集,11434,,父命火年生方合。
戌集,11435,,师命癸未生。
戌集,11436,,良人多刑，主嫁丙午夫。
戌集,11437,51，52,禀膳名扬。
戌集,11438,,运临顺境地，早遂青云志。
戌集,11439,25，26,欲往且迟迟，留心还惜力。
戌集,11440,,妻命属土，先天定数。
戌集,11441,,姓名纳音有悖运，滞命多怜歉。
戌集,11442,,龙年命犯桃花方合。
戌集,11443,,夫妻同壬申，先天定数。
戌集,11444,,父命土年生方合。
戌集,11445,,师命甲申生。
戌集,11446,,良人多刑，主嫁戊午夫。
戌集,11447,53，54,禀膳名扬。
戌集,11448,43，44,运至时亨，知君获福。
戌集,11449,43，44,上菀可花呈富贵，庭前瑞草斗芒菲。
戌集,11450,,六岁母死，人之不幸。
戌集,11451,48,满目韶光观不尽，一旦无常作故人。
戌集,11452,,蛇年命犯桃花方合。
戌集,11453,,夫妻同属乙酉，先天定数。
戌集,11454,,母命金年生。
戌集,11455,,师命丙申生。
戌集,11456,,主嫁庚申夫，免于刑伤。
戌集,11457,55，56,遇考高列，应该补禀。
戌集,11458,83，84,行年到此日迟延，不必呈差命在天。
戌集,11459,45，46,白露收残月，清风散绮霞。
戌集,11460,,水火是父母年生，金水是父母年死。
戌集,11461,,女福不寻常，燕来衔得紫泥香。
戌集,11462,,马年命犯桃花方合。
戌集,11463,,夫妻同丁酉，先天注定。
戌集,11464,,母命木年生方合。
戌集,11465,,师命戊申生。
戌集,11466,,主嫁戊午夫，免于刑伤。
戌集,11467,57，58,文昌照命，廪补名扬。
戌集,11468,66,椿树风吹折，三年泣血悲。
戌集,11469,,三月尚圆明，花残子又新。
戌集,11470,,文昌照命，是年采芹。
戌集,11471,92,临风回首看，执辔而三叹。
戌集,11472,,羊年命犯，桃花方合。
戌集,11473,,夫妻同乙酉，先天注定。
戌集,11474,,母命水年生方合。
戌集,11475,,师命庚申生。
戌集,11476,,主嫁乙未夫，免于刑伤。
戌集,11477,59，60,补廪名扬，老来之庆。
戌集,11478,,有水无风，天意不顺。
戌集,11479,27，28,庭前花放艳，举雨又忧愁。
戌集,11480,38，39,上苑花枝正遇春，急逢风雨损精神。
戌集,11481,,经营四海，终至一富。
戌集,11482,,猴年命犯桃花方合。
戌集,11483,,夫妻同辛酉生方合。
戌集,11484,,母命火年生方合。
戌集,11485,,师命壬申生。
戌集,11486,,主嫁丁未夫，免于刑伤。
戌集,11487,,父母生于金火年，死于土木年。
戌集,11488,17，18,运到人得爽，春风草木荣。
戌集,11489,5,天地常存，年华始尽。
戌集,11490,25，26,半忧半喜，不为其时。
戌集,11491,51，52,仕途中正宜检点，德性同亦可熏陶。
戌集,11492,,鸡年命犯桃花方合。
戌集,11493,,夫妻同癸酉，先天注定。
戌集,11494,,母命土年生方合。
戌集,11495,,师命乙酉生。
戌集,11496,,良人有刑，主嫁己未夫。
戌集,11497,47，48,流年有悔，慎之无咎。
戌集,11498,67，68,渐渐春风化育生，悠悠红日上升。
戌集,11499,42,萱庭且作游仙梦，泣血悲伤心。
戌集,11500,,福神不遂，事业难全。
戌集,11501,,父母生于水火年，死于水土年。
戌集,11502,,狗年命犯桃花方合。
戌集,11503,,夫妻同甲戌，先天定数。
戌集,11504,,兄弟金年生方合。
戌集,11505,,师命丁酉生。
戌集,11506,,良人多刑，主嫁辛未夫。
戌集,11507,21，22,回禄焰屋，家业成灰。
戌集,11508,55，56,桑榆景色晚，五福乐绵绵。
戌集,11509,23,山花色甚香，不与君芳斗异香。
戌集,11510,85,红轮西坠，一命归天。
戌集,11511,7,流年防失跌，云蔽月无明。
戌集,11512,,猪年命犯桃花方合。
戌集,11513,,夫妻同丙戌，姻缘前定。
戌集,11514,,兄弟木年生方合。
戌集,11515,,师命乙酉生。
戌集,11516,,良人有刑，主嫁癸未夫。
戌集,11517,23，24,回禄之忧，此年难免。
戌集,11518,43，44,平地是非生羡里，西风着意瘐芙蓉。
戌集,11519,41，42,去年风雨近归程，今岁欣逢道坦平。
戌集,11520,52,大数已定，不必再卜。
戌集,11521,28,澄澄空有见杯盘，泪滴如珠不忍心。
戌集,11522,,当年提督，从官出入显赫。
戌集,11523,,夫妻同戊戌，姻缘前定。
戌集,11524,,兄命水年生方合。
戌集,11525,,师命辛未生。
戌集,11526,,良人有刑，主嫁甲申夫。
戌集,11527,25，26,回禄之灾，是年难免。
戌集,11528,3，4,三岁四岁，灾晦难免。
戌集,11529,49,天命少一年，母命入黄泉。
戌集,11530,74,南柯一梦入华胥，人忆英雄笑语中。
戌集,11531,49，50,今日恩星下九重，霭然佳气日匆匆。
戌集,11532,55，56,谋事合人意，流年多吉庆。
戌集,11533,,夫妻同庚戌，先天注定。
戌集,11534,,兄命火年生方合。
戌集,11535,,师命癸酉生。
戌集,11536,,主嫁丙申夫，免于刑伤。
戌集,11537,27，28,火星入屋，红焰生灰。
戌集,11538,,前妻水土命已克，复娶水命妻方合。
戌集,11539,,小人伤害，谨防不测灾。
戌集,11540,,孔怀应有四，同气只二人。
戌集,11541,23，24,目下数年犹末利，当防土计作灾殃。
戌集,11542,21，22,流年凶星，盗贼未相侵。
戌集,11543,,夫妻同戊戌，天所定也。
戌集,11544,,兄命土年生方合。
戌集,11545,,师命甲戌生。
戌集,11546,,良入有刑，主嫁戊戌夫。
戌集,11547,29，30,火焰将炽，尽其屋内。
戌集,11548,19,无母何恃，定在此年。
戌集,11549,47，48,琅圩竹报平安日，锦绣开花满户红。
戌集,11550,75,一梦入华胥，南柯一场空。
戌集,11551,21，22,福从天降禅林旺，事遂人谋徒又昌。
戌集,11552,23，24,盗贼相侵，流年不利。
戌集,11553,,夫妻同乙亥，姻缘前定。
戌集,11554,,弟命金年生方合。
戌集,11555,,师命丙戌生。
戌集,11556,,良人有刑，主嫁庚戌夫。
戌集,11557,31，32,火星入屋，流年犯凶星。
戌集,11558,21，22,正副生子，流年吉庆。
戌集,11559,,夫命属木，方合此刻。
戌集,11560,40,一进一退，吉里藏凶须仔细。
戌集,11561,34,灾厄难免，小心谨慎。
戌集,11562,25，26,盗贼相侵，流年不利。
戌集,11563,,夫妻同丁亥，先天定数。
戌集,11564,,弟命木年生方合。
戌集,11565,,师命戊戌生。
戌集,11566,,主嫁壬申夫，方得谐老。
戌集,11567,33，34,火星入宅，流年不宁。
戌集,11568,33，34,正副齐生子，两度红鸾。
戌集,11569,20,流年不安，灾病缠身。
戌集,11570,,夫命属金，方合此刻。
戌集,11571,,四岁而亡，先天注定。
戌集,11572,27，28,盗贼相侵，流年不宁。
戌集,11573,,夫妻同己亥，姻缘前定。
戌集,11574,,弟命水年生方合。
戌集,11575,,师命庚戌生。
戌集,11576,,良人有刑，主嫁乙酉夫。
戌集,11577,35，36,火星入屋，流年不利。
戌集,11578,35，36,双喜临门，妻妾生子。
戌集,11579,51,母赴瑶池，三年泣血。
戌集,11580,91,年高齿落，寿莫能延。
戌集,11581,13，14,今年交新运，一路胜前程，
戌集,11582,29，30,窃盗相侵，流年不宁。
戌集,11583,,夫妻同辛亥，数由前定。
戌集,11584,,弟命火年生方合。
戌集,11585,,师命壬戌生。
戌集,11586,,良人有刑，主嫁丁酉夫。
戌集,11587,37，38,火星入宅，焚尽其屋。
戌集,11588,37，38,正副皆生子，命照两红鸾。
戌集,11589,26,子规啼落，楼头月一梦南柯。
戌集,11590,31，32,日上三竿，阳光渐布。
戌集,11591,,年方五岁，不幸母亡。
戌集,11592,,窃盗相侵，流年不宁。
戌集,11593,,夫妻同癸亥，先天注定。
戌集,11594,,弟命土年生方合。
戌集,11595,,师命乙亥生。
戌集,11596,,良人有刑，主嫁己丑夫。
戌集,11597,39，40,火星入宅，流年不利。
戌集,11598,39，40,红鸾相照，正副生子。
戌集,11599,24,妾氏生子。
戌集,11600,21，22,三月杨柳新，二月桃花红。
戌集,11601,,流年有咎，谨防破财。
戌集,11602,33，34,窃盗相侵，流年不利。
戌集,11603,,兄弟二人，一人入泮。
戌集,11604,,姊命金年生方合。
戌集,11605,,师命丁亥生。
戌集,11606,,良人有刑，主嫁辛酉夫。
戌集,11607,42,火星入宅，焰尽其屋。
戌集,11608,41，42,红鸾相照，正副生子。
戌集,11609,25,宠室生子。
戌集,11610,78,大数已尽。
戌集,11611,54,母赴瑶池，三年泣血。
戌集,11612,35，36,窃盗相侵，流年不宁。
戌集,11613,,兄弟三人，一人入泮。
戌集,11614,,姊命木年生方合。
戌集,11615,,师命己亥生。
戌集,11616,,主嫁癸酉夫，方能谐老。
戌集,11617,43，44,火星入宅，流年损失。
戌集,11618,43，44,红鸾相照，妻妾生子。
戌集,11619,28,侧室生子。
戌集,11620,,运数已尽，天命注定。
戌集,11621,49，50,名进贤关，弓马入泮。
戌集,11622,37，38,窃盗相侵，流年有失。
戌集,11623,,兄弟四人，一人入泮。
戌集,11624,,姊命水年生方合。
戌集,11625,,师命辛亥生。
戌集,11626,,良人有刑，主嫁甲戌夫
戌集,11627,45，46,火星入宅，家业破耗。
戌集,11628,45，46,红鸾相照，正副生子。
戌集,11629,27,宠室生子香。
戌集,11630,55,母赴瑶池，三年泣血。
戌集,11631,,人在月镜中，花虚迷路人
戌集,11632,39，40,盗贼相侵，流年不利。
戌集,11633,,兄弟五人，一人入泮。
戌集,11634,,姊命火年生方合。
戌集,11635,,师命癸亥生。
戌集,11636,,主嫁丙戌夫，方得谐老。
戌集,11637,47，48,火星入宅，回禄生灾
戌集,11638,47，48,红鸾相照，正副生子。
戌集,11639,28,宠室生子。
戌集,11640,,二月桃花红，三月杨柳新。
戌集,11641,53，54,流年顺利，家室安宁。
戌集,11642,41,流年不利，盗贼相侵
戌集,11643,,兄弟六人，一人入泮。
戌集,11644,,姊命土年生方合。
戌集,11645,,母赴瑶池，三年泣血。
戌集,11646,,良人有刑，主嫁戊戌夫。
戌集,11647,49，50,火星入宅，流年有失。
戌集,11648,49，50,红鸾相照，妻妾生子。
戌集,11649,29,宠室生子。
戌集,11650,69,灾煞从前总是痴，今朝长别待何如
戌集,11651,49，50,大数已定莫可为，平生拮据总是虚。
戌集,11652,43，44,盗贼相侵，流年不利
戌集,11653,,兄弟七人，一人入泮。
戌集,11654,,姊命金年生方合。
戌集,11655,,妻命属牛，姻缘注定。
戌集,11656,,良人有刑，主嫁庚戌夫。
戌集,11657,51,回禄之灾，是年难免。
戌集,11658,57，58,有酒盈樽终迪吉。
戌集,11659,30,偏室生子。
戌集,11660,,数注其人，与人生理。
戌集,11661,,任他无数红尘绕，自有身心白昼闲。
戌集,11662,45，46,流年凶星犯，盗贼来相侵。
戌集,11663,,兄弟八人，一人入泮。
戌集,11664,,妹命木年生方合。
戌集,11665,63,母赴瑶池，三年泣血。
戌集,11666,,良人有刑，主嫁壬戌夫。
戌集,11667,53，54,火星入宅，回禄之忧。
戌集,11668,24,几年浪迹混红尘，一旦辞去归白云。
戌集,11669,31,侧室生子。
戌集,11670,61,母赴瑶池，三年泣血。
戌集,11671,39,杜鹃飞夜月，蝴蝶怨残红。
戌集,11672,47，48,盗贼相侵，流年不利。
戌集,11673,,兄弟九人，一人入泮。
戌集,11674,,妹命水年生方合。
戌集,11675,25,母赴瑶池，三年泣血。
戌集,11676,,良人有刑，主嫁乙亥夫。
戌集,11677,55，56,火星入宅，回禄之灾。
戌集,11678,9，10,月出不堪云淡淡，花开无奈雨淋淋。
戌集,11679,33,偏房生子。
戌集,11680,64,母赴瑶池，三年泣血。
戌集,11681,41，42,长眼幽室尘埃净，静对寒潭心境空。
戌集,11682,49，50,盗贼相侵，流年不利。
戌集,11683,93，94,盐梅妙有调羹才，到老还堪作钓竿。
戌集,11684,,妹命火年生方合。
戌集,11685,27，28,云散一天星斗换，风拔四海浪波平。
戌集,11686,,良人有刑，主嫁丁亥夫。
戌集,11687,57，58,火星入宅，流年有失。
戌集,11688,,五品大夫归故里，不摇金扇自然凉。
戌集,11689,35,侧室生子。
戌集,11690,49,数声鹏鸟啼，血泪洒西风。
戌集,11691,43,人事正当萧索处，春光又在风雨中。
戌集,11692,51，52,盗贼相侵，流年不利。
戌集,11693,49,秋高气爽，心平气和。
戌集,11694,,妹命土年生方合。
戌集,11695,61,老年泣血，萱堂寿终。
戌集,11696,,主嫁乙亥夫，方许白发
戌集,11697,59，60,回禄之灾，是年难免。
戌集,11698,21，22,财帛浑如新柳发，人情好似蚤花开。
戌集,11699,34,偏房生子。
戌集,11700,45,杜鹃啼落楼台月，寒鸦噪破夕阳春。
戌集,11701,30,恶有恶报，善有善报。
戌集,11702,53，54,盗贼相侵，流年不利。
戌集,11703,89，90,行年到此愁日暮，时光易迈远山空。
戌集,11704,,不肖子弱智，儿前恶报生。
戌集,11705,81，82,少年优悠到此境，白发犹是逞风流
戌集,11706,,良人有刑，主嫁辛亥夫
戌集,11707,61，62,火星入宅，回禄之灾。
戌集,11708,47，48,阴功祈善保，怨字无心一在头。
戌集,11709,35,侧室生子。
戌集,11710,35,母赴瑶池，三年泣血。
戌集,11711,53,大数已定，一樽美酒送行程。
戌集,11712,55，56,盗贼入室，大小齐惊
戌集,11713,97，98,行年一百生荆棘，西风吹落子猷舟。
戌集,11714,,菩提本是树明镜，亦非台前处尘埃
戌集,11715,57,母赴瑶池，三年泣血
戌集,11716,,良人有刑，主嫁癸亥夫。
戌集,11717,63，64,回禄之灾，是年难免。
戌集,11718,17，18,月出不堪云淡淡，花红无奈雨淋淋。
戌集,11719,36,妾氏生子。
戌集,11720,6,流年不顺，西风吹面青。
戌集,11721,95,大数已定，水向东流不复。
戌集,11722,57，58,窃盗相侵，流年不利。
戌集,11723,12,来年童运好，云开月正明。
戌集,11724,,贩卖度日过华年，公平交易便兴家。
戌集,11725,58,母赴瑶池，三年泣血。
戌集,11726,41，42,行运只防太岁冲，不能相克亦能空。
戌集,11727,71，72,娥眉懒画新时月，螺鬓常梳旧日容。
戌集,11728,9,花因雨滞容无色，草为春寒绿不明。
戌集,11729,37,侧室生子。
戌集,11730,37,无风起浪浪头高，纵欲停舟也见惊。
戌集,11731,6,六岁无母，莫大刑伤。
戌集,11732,59，60,盗贼相侵，流年有失。
戌集,11733,,辛苦泥瓦匠，衣食得丰荣。
戌集,11734,,东坡向禅寺，云龙山上色。
戌集,11735,29，30,一鞭快马岩前过，半叶孤舟浪里行。
戌集,11736,"99,100",枯枝遭雨打，槁叶被霜残。
戌集,11737,3，4,三四岁冲缝一阴，扬子江头苦叫天。
戌集,11738,23，24,庭帏昼永春如海，帘幕风悠月似钩。
戌集,11739,38,偏房生子。
戌集,11740,63，64,房考之年。
戌集,11741,40,中年夫妻，和气到老赛儿子。
戌集,11742,61，62,盗贼相侵，破家之祸。
戌集,11743,6,尧天舜日，往来皆亨。
戌集,11744,,文昌拱照，科甲及第。
戌集,11745,70,其年丧母，世上古稀。
戌集,11746,,招来火之子，配金水之妻方合。
戌集,11747,67，68,家自福兮隆，老来晚景乐融融。
戌集,11748,,离祖宗而事迁移，数由前定。
戌集,11749,39,侧室生子。
戌集,11750,7,十岁欠三春，母赴瑶池。
戌集,11751,6,数定幼年而亡，泣血西风泪几行。
戌集,11752,63，64,盗贼相侵，破家之祸。
戌集,11753,,迁他乡遂，创为始祖。
戌集,11754,,勤俭持家，衣禄无亏。
戌集,11755,25，26,自天佑之，无往不吉。
戌集,11756,,良玉深藏未，可量其蓄积。
戌集,11757,8,幼年防灾厄，恰似临深渊。
戌集,11758,25，26,年滞菱花藏袖里，金莲休向井中行。
戌集,11759,40,侧室生子。
戌集,11760,8,笑杀芝前总是痴，今朝作别待何如。
戌集,11761,85，86,闺中顺利，无是不悠悠。
戌集,11762,65，66,盗贼相侵，破家难免。
戌集,11763,,抚院职权，一省之事。
戌集,11764,15，16,翩翩黄鸟，集于泮林。
戌集,11765,,招得土木之子，配贤才之妻。
戌集,11766,11，12,家业财源生瑞气，绮罗席上日融融。
戌集,11767,56,母赴瑶池，三年泣血。
戌集,11768,45,数注中年而亡方合。
戌集,11769,41,侧室生子。
戌集,11770,40,花放随风情切切，水流叶落恨汪汪。
戌集,11771,30,母赴瑶池，三年泣血。
戌集,11772,65，66,盗贼相侵，被家难免。
戌集,11773,7，8,泮池之年。
戌集,11774,17,幼年入泮，身沐皇恩。
戌集,11775,21，22,官事缠身，流年之晦。
戌集,11776,69，70,花开当午日，犹如嫩柳遇春风。
戌集,11777,69，70,那有期颐寿，五福之中屈一指。
戌集,11778,,不是儒生，实是吏员。
戌集,11779,42,侧室生子。
戌集,11780,38,异路而选经历，数由前定。
戌集,11781,25,困于蒺藜，难免刑妻。
戌集,11782,69，70,盗贼相侵，流年有咎。
戌集,11783,,乍雨乍晴云里月，半开半路雨中花。
戌集,11784,,性悟不知身外事，不期恩命自天来。
戌集,11785,33，34,命犯朱雀，官事监事。
戌集,11786,,父子同黄甲，天发慈善门。
戌集,11787,,谈经留月夜，说法有清风。
戌集,11788,31,其年有纳宠之喜。
戌集,11789,31,夫死之年，悲莫大焉。
戌集,11790,45，46,卜商之叹，见于此年。
戌集,11791,26,困于蒺藜，不见其妻。
戌集,11792,25,宜家贞吉，闺门顺遂。
戌集,11793,,庭前春色，景致宜人。
戌集,11794,,名进贤关，身洒皇恩。
戌集,11795,39，40,科考之年，名当高列。
戌集,11796,,良人有刑，再嫁癸未。
戌集,11797,53，54,人情莫道春光暖，只恐秋来月夜寒。
戌集,11798,33，34,是年纳宠之喜。
戌集,11799,32,夫年之死，女之不幸。
戌集,11800,47，48,卜商之叹，定见此年。
戌集,11801,34,母赴瑶池，三年泣血。
戌集,11802,31,斯时无所求，闲中自优游。
戌集,11803,33，34,盗贼相侵，破家之灾。
戌集,11804,15,出于幽谷，迁于乔木。
戌集,11805,41，42,科岁之年，考必高列。
戌集,11806,21，22,良人有刑，再嫁甲申夫。
戌集,11807,,门内起干戈，家庭内不和。
戌集,11808,,冰冻三尺，非一日之寒。
戌集,11809,33,夫死之年，妇之不幸。
戌集,11810,49，50,卜商之叹，定见此年。
戌集,11811,28,困于蒺藜，难免刑妻。
戌集,11812,23,相安相乐庆流年，闺中人事幸无牵。
戌集,11813,,壬癸无情，闺中被溺。
戌集,11814,21,名登甲科。
戌集,11815,43，44,科考之年，名列超等。
戌集,11816,23，24,良人有刑，再嫁丙申。
戌集,11817,,天不变，道义不变，道之大原出于天。
戌集,11818,,天高皇帝远，人穷志气短。
戌集,11819,34,丧门相照，夫君难留。
戌集,11820,81，82,卜商之叹，其年定见。
戌集,11821,29,数该刑妻之年。
戌集,11822,24,斯时无所求，终日得优游。
戌集,11823,,东坡向禅寺，云龙山上色。
戌集,11824,,九州鼎沸，四海平安。
戌集,11825,45，46,科考之年，名必高列。
戌集,11826,25，26,门内起干戈，家庭内不和。
戌集,11827,,大椿八千岁，庄子游仙境。
戌集,11828,,椿庭萱堂寿为仙。
戌集,11829,35,夫死之年，人之不幸。
戌集,11830,53，54,卜商之叹，定见此年。
戌集,11831,30,数注其人难到老，琵琶拔山断肠声。
戌集,11832,27,闺中和顺，快乐优游。
戌集,11833,24,春色惨淡，栏杆黯然。
戌集,11834,52,中馈人亡，未免寂寞。
戌集,11835,33，34,命犯朱雀，官事难免。
戌集,11836,27，28,门内起干戈，家庭内不和。
戌集,11837,29，30,清风为友，明月相知。
戌集,11838,,万里无云天一色，长江水静浪无痕。
戌集,11839,36,夫死之年，人之不幸。
戌集,11840,55，56,卜商叹财，君今亦然。
戌集,11841,,不是忧愁，就是疾病。
戌集,11842,41，42,破家之祸，罗陀入限。
戌集,11843,53，54,半夜有人酬夙债，两年无事入公门。
戌集,11844,24,名登庠序，光宗耀祖。
戌集,11845,25，26,命犯朱雀，官事临身。
戌集,11846,29，30,门外起干戈，家庭内不和。
戌集,11847,55，56,杨花飞点点，保慎越前溪。
戌集,11848,,十岁父亡，为命不坚。
戌集,11849,49,侧室生子。
戌集,11850,41,母赴瑶池，三年泣血。
戌集,11851,29,母赴瑶池，三年泣血。
戌集,11852,43，44,破家之祸，火星入限。
戌集,11853,,不及调和盐梅，乃为商贾之客。
戌集,11854,25,名进贤关，身沐皇恩。
戌集,11855,37，38,命犯朱雀，官事临身。
戌集,11856,31，32,门庭起干戈，家庭总不和。
戌集,11857,53，54,家肥屋润般般遂，子秀荣华事事昌。
戌集,11858,45，46,喜庆重重得，登科兆熊罴。
戌集,11859,50,侧室生子。
戌集,11860,13,幼年丧母，人生不幸。
戌集,11861,,三月残花，花落花开。
戌集,11862,45，46,蹉跎之年，破家之祸。
戌集,11863,65，66,钦命典试。
戌集,11864,26,出于幽谷，迁于泮林。
戌集,11865,39，40,命犯朱雀，官事临身。
戌集,11866,33，34,门庭起干戈，家内事不和。
戌集,11867,19，20,时也通运也通，恰如杨柳遇春风。
戌集,11868,40,乡科及第。
戌集,11869,51,妾氏生子。
戌集,11870,,土木之年刑妻方合。
戌集,11871,59,细雨霏霏逐暗尘，阳台关上送行人。
戌集,11872,47,晦气之年，破家之祸。
戌集,11873,,娶女为室，数由前定。
戌集,11874,27,名登庠序。
戌集,11875,41，42,命犯朱雀，官事难免。
戌集,11876,35，36,门外起干戈，家庭总不和。
戌集,11877,,五六年来多晦咎，七八岁内亦如之。
戌集,11878,,金木之年进庠，水火之年出贡。
戌集,11879,52,侧室生子。
戌集,11880,,祖宗寿有残，数注有其中。
戌集,11881,69,晚年夫妻，难免其悲。
戌集,11882,49，50,晦气之年，破家之祸。
戌集,11883,,桃花带路，灼灼宜人。
戌集,11884,28,名登庠序。
戌集,11885,43，44,命犯朱雀，官事临身。
戌集,11886,37，38,门内起干戈，庭内家不和。
戌集,11887,,王侯之位，五福俱备。
戌集,11888,19,喜也生子，不幸妻亡。
戌集,11889,53,妾氏生子。
戌集,11890,10,年方十岁，其数已完。
戌集,11891,83,落花春去矣，飞絮景萧然。
戌集,11892,51,晦气之年，破家之祸。
戌集,11893,41,乡科及第。
戌集,11894,29,名登庠序。
戌集,11895,45，46,命犯朱雀，官事难免。
戌集,11896,39，40,门内起干戈，家庭事不和。
戌集,11897,53，54,家庭赓关雎之化，内助叶麟趾之休。
戌集,11898,,金水之年进庠，木火之年补廪。
戌集,11899,54,妾氏生子。
戌集,11900,,夫命属水，命中注定。
戌集,11901,37,母赴瑶池，三年泣血。
戌集,11902,53，54,蹉跎不利，破家之祸。
戌集,11903,65，66,从此数年无阻碍，殷勤教子得前贤。
戌集,11904,34,出于幽谷，迁于泮林。
戌集,11905,47，48,命犯朱雀，官事临身。
戌集,11906,41，42,门内起干戈，家庭事不和。
戌集,11907,,数注其人，针工之业。
戌集,11908,15,志学丧慈亲，终天之恨。
戌集,11909,52,侧室生子。
戌集,11910,49，50,演武及第。
戌集,11911,69,人生七十古来稀，胡为六九竟归期。
戌集,11912,57，58,盗贼相侵，破财之象。
戌集,11913,,连理枝头花正开，有女入泮来。
戌集,11914,31,出于幽谷，迁于泮林。
戌集,11915,49，50,命犯朱雀，官事缠身。
戌集,11916,41，42,门内不和，家室口舌。
戌集,11917,63，64,梅向腊中呈玉蕊，菊从霜下绽金英。
戌集,11918,7,幼年生疑忌，俄惊月夜霜。
戌集,11919,56,妾氏生子。
戌集,11920,78,大数已定，何必复查。
戌集,11921,8,命岁不坚，八岁登仙。
戌集,11922,5,乱年破家，一生难顺。
戌集,11923,8,命逢美运滔滔好，耿耿长明不夜天。
戌集,11924,32,出于幽谷，迁于泮林。
戌集,11925,51，52,命犯朱雀，官事难免。
戌集,11926,45，46,门内不和平，口舌起干戈。
戌集,11927,,三岁无母，人生不幸。
戌集,11928,68,将至古稀，一梦入华胥。
戌集,11929,57,妾氏生子。
戌集,11930,,幼年破家，一生不幸。
戌集,11931,8,八岁无恃，母赴瑶池。
戌集,11932,59，60,盗贼破家，钱财难留。
戌集,11933,9，10,童年小恙，乍雨乍风。
戌集,11934,33,名登庠序。
戌集,11935,53，54,命犯朱雀，官非本侵。
戌集,11936,47，48,门内起干戈，家庭事不和。
戌集,11937,59，60,水大有船休过渡，月明无伴勿登程。
戌集,11938,25，26,安然无事，家室康宁。
戌集,11939,58,侧室生子。
戌集,11940,,喜也生子，不幸妻亡。
戌集,11941,25，26,闺中愁怀，无计消解。
戌集,11942,19,此年丧母，人生不幸。
戌集,11943,75，76,夜雨洗开翁促眼，西风摇动伯牙琴。
戌集,11944,24,出于幽谷，迁于泮林。
戌集,11945,55，56,命犯朱雀，官非难免。
戌集,11946,49，50,门内干戈，家庭不和。
戌集,11947,,终日昏昏，酒醉人间。
戌集,11948,,有弄璋弄瓦之喜。
戌集,11949,59,侧室生子。
戌集,11950,,百年一岁，万物总空。
戌集,11951,34,十事心头总未全，幽魂早已入黄泉。
戌集,11952,,荫荣千总，数由前定。
戌集,11953,19，20,早晨已过无此事，帘幕风生锦绣香。
戌集,11954,78,泮池之年。
戌集,11955,57，58,命犯朱雀，官非难免。
戌集,11956,51，52,门内干戈，家庭不和。
戌集,11957,61,花甲云周风飞西。
戌集,11958,25，26,家庭迪吉，喜气盈门。
戌集,11959,60,妾氏生子。
戌集,11960,38,母赴瑶池，三年泣血。
戌集,11961,,大椿八千岁，庄子游仙境。
戌集,11962,,喜也生子，不幸妻亡。
戌集,11963,,饮酒茹劳无我份，数中注定学道真。
戌集,11964,36,出于幽谷，迁于泮林。
戌集,11965,59，60,命犯朱雀，官事临身。
戌集,11966,53，54,家庭不和，门内干戈。
戌集,11967,,招木金之子，配水之妻方合。
戌集,11968,27，28,喜中之喜生憔悴，灾处生灾事不成。
戌集,11969,61,妾氏生子。
戌集,11970,9,流年九岁，母赴瑶池。
戌集,11971,19，20,风急漫行江上艇，雨寒休向客中居。
戌集,11972,77，78,马行不觉逢中陷，宿鸟宁知暗里弓。
戌集,11973,,屋连三五座，闲立一庭园。
戌集,11974,37,名登庠序。
戌集,11975,,只念弥陀不脱尘，在家修道一俗人。
戌集,11976,55，56,门内干戈，家庭不和。
戌集,11977,,房考之年。
戌集,11978,,祖亚不靠，自创家园。
戌集,11979,62,侧室生子。
戌集,11980,12,母赴瑶池，三年泣血。
戌集,11981,83,驾鹤乘云去，飘然竟不回。
戌集,11982,89，90,桃嫩不禁三月雨，杜鹃啼血五更天。
戌集,11983,78,菊花霜威重，苍天雨露浓。
戌集,11984,38,名登庠序。
戌集,11985,,中年食素，前生善报。
戌集,11986,57，58,家庭不和，门内干戈。
戌集,11987,,义女为役，前生注定。
戌集,11988,,此数甚奇，定国安邦。
戌集,11989,63,侧室生子。
戌集,11990,4,幼年丧母，人之不幸。
戌集,11991,,父子同登科，天发善门兴。
戌集,11992,,一周二岁多疾厄。
戌集,11993,23，24,闺中春暖，兰馨处处挂沉香。
戌集,11994,39,名进贤关，身沐皇恩。
戌集,11995,39，40,不觉一番风雨至，不关情处也关情。
戌集,11996,59，60,门内起干戈，家庭内不和。
戌集,11997,95，96,忙来不觉春风暖，吹落冰霜满华堂。
戌集,11998,1,童年一二岁，杨柳风寒水面生。
戌集,11999,64,妾氏生子。
戌集,12000,,一字记之曰忍，忍之海阔天空。
亥集,12001,,一周而父亡，女之不幸。
亥集,12002,,玉人有刑，四娶甲子妻。
亥集,12003,,子年有婚配之喜。
亥集,12004,40,翩翩黄鸟，入于泮林。
亥集,12005,,桂籍板登难重遂，桥关由发心高飞。
亥集,12006,21，22,出门交友有功无咎。
亥集,12007,25,是年子，不幸妻亡。
亥集,12008,15，16,母死妻又亡，命带两度刑伤。
亥集,12009,,理达阴阳，隆恩宠赐。
亥集,12010,,一品夫人贵，人间国学妻。
亥集,12011,,二岁父亡，女之不幸。
亥集,12012,,玉人有刑，四娶丙子。
亥集,12013,,丑年有婚配之喜。
亥集,12014,41,名进宫墙，弓马入泮。
亥集,12015,,夜寒鸳帐衾懒展，日锁妆台镜少开。
亥集,12016,23，24,琅圩竹照平安日，禅室幽闲祸不生。
亥集,12017,26,喜生一人，不幸妻亡。
亥集,12018,17，18,不幸萱花坠，谁知镜破分。
亥集,12019,,云鬓蓬松心懒整，玉颜消瘦有忧疑。
亥集,12020,,人生由命，富贵在天。
亥集,12021,,三岁父亡，女之不幸。
亥集,12022,,玉人有刑，四娶戊子。
亥集,12023,,寅年有婚配之喜。
亥集,12024,42,名进贤关，身沐皇恩。
亥集,12025,,姓名芳香传万古，君门彪炳最英奇。
亥集,12026,25，26,上苑奇花呈富贵，禅门翠竹绿云华。
亥集,12027,27,喜生一子，不幸妻亡。
亥集,12028,19，20,母赴瑶池，妻游阆苑。
亥集,12029,29，30,日丽野梅犹带雪，风和杨柳更含烟。
亥集,12030,30,克俭克勤称淑女，内助持家数有方。
亥集,12031,,四岁父亡，女之不幸。
亥集,12032,,玉人有刑，四配庚子。
亥集,12033,,卯年有婚配之喜。
亥集,12034,43,名登学册，身沐皇恩。
亥集,12035,43,平生慈善乐天真，磨节流芳启后人。
亥集,12036,27，28,访友寻师，有吉有利。
亥集,12037,28,喜生一子，又见妻亡。
亥集,12038,27，28,不幸母广，妻又见伤。
亥集,12039,,阴籴阳籴非可效，插沙入水必招灾。
亥集,12040,,岁在甲子，天下大吉。
亥集,12041,,五岁父亡，女之不幸。
亥集,12042,,玉人有刑，四娶壬子。
亥集,12043,,辰年有婚配之喜。
亥集,12044,44,名进贤关，身沐皇恩。
亥集,12045,,清风明月夜，涧边听猿声。
亥集,12046,29，30,寂寂入空门，徜徉自得乐。
亥集,12047,29,是年生子，谁料妻亡。
亥集,12048,23，24,母赴瑶池，三年泣血。
亥集,12049,,鹿鸣沾宠宴，桃花浪暖听春雷。
亥集,12050,,岁在甲子，天下大吉。
亥集,12051,,六岁父亡，女之不幸。
亥集,12052,,玉人有刑，四娶乙丑。
亥集,12053,,巳年有婚配之喜。
亥集,12054,45,名进贤关，身沐皇恩。
亥集,12055,,圭璋自是清闲福，格局偏谐治世音。
亥集,12056,31，32,福享安然清风，明月乐无边。
亥集,12057,30,喜生一子，不幸妻亡。
亥集,12058,25，26,母死妻亡，两度悲伤。
亥集,12059,,春风荡万里，迎来百花香。
亥集,12060,,岁在甲子，天下大吉。
亥集,12061,,七岁父亡，女之不幸。
亥集,12062,,四娶丁丑之妻，方免刑克。
亥集,12063,,午年有婚配之喜。
亥集,12064,46,身登泮宫，名入贤关。
亥集,12065,,少年生计未全成，中道运来必是荣。
亥集,12066,23，24,清闲浑无事，卓立出风尘。
亥集,12067,31,是年生子，不幸妻亡。
亥集,12068,27，28,母死妻亡，两度悲伤。
亥集,12069,,妻命宜配小，方可得白头。
亥集,12070,,一周刑母，女之不幸。
亥集,12071,,父亡于八岁，女命带刑。
亥集,12072,,四娶己丑之妻，方免刑克。
亥集,12073,,未年有婚配之喜。
亥集,12074,47,名登泮林，身沐皇恩。
亥集,12075,35，36,日离海角千山秀，月到中天分外明。
亥集,12076,36,如松之盛，兆瑞祯祥。
亥集,12077,32,喜生一子，又见妻亡。
亥集,12078,29，30,萱草凋琴音，两度刑伤人。
亥集,12079,,此刻逢长生，发财得鸿运。
亥集,12080,,二岁母亡，女之不幸。
亥集,12081,9,数未满旬，女刑父亲。
亥集,12082,,四配辛丑妻，先天注定。
亥集,12083,,申年婚配之喜。
亥集,12084,48,名进贤关，身沐皇恩。
亥集,12085,,此刻生人，兄弟不多。
亥集,12086,47，48,日清月静，禅林心怡。
亥集,12087,32,喜生一子，谁料妻亡。
亥集,12088,31，32,二杀相临，母妻俱故。
亥集,12089,,公平正直，冠带临身。
亥集,12090,,三岁母亡，女命刑伤。
亥集,12091,20,白虎照闺门，父死泪涟涟。
亥集,12092,54,四配癸丑妻，方免再刑。
亥集,12093,,酉年有婚配之喜。
亥集,12094,,名列贤关，身游泮水。
亥集,12095,,云髻梳困凤折，又无男女孤身。
亥集,12096,34,诸吉悉至，光被四表。
亥集,12097,33，34,喜生一子，不幸妻亡。
亥集,12098,,母妻俱死，一年两刑。
亥集,12099,,辰时贵人逢，财运必盈盈。
亥集,12100,,四岁刑母，女之不幸。
亥集,12101,11,白虎照闺门，父死女不幸。
亥集,12102,,四配甲寅妻，方得到老。
亥集,12103,,戌年有婚配之喜。
亥集,12104,50,足步青云，名列庠序。
亥集,12105,,良人割断中天路，孤身青春守节人。
亥集,12106,23，24,朝功暮课，享福悠悠。
亥集,12107,35,喜生一子，不幸妻亡。
亥集,12108,35，36,二杀临门，母妻俱故。
亥集,12109,,午时贵人逢，财运必丰盈。
亥集,12110,,五岁母亡，女之不幸。
亥集,12111,12,白虎临门，女刑父亲。
亥集,12112,,四配丙寅妻，先天注定。
亥集,12113,,亥年有婚配之喜。
亥集,12114,50,名列贤关，身沐皇恩。
亥集,12115,43，44,幽冥有路途，茫茫入西京。
亥集,12116,43，44,天官地符，禅僧作福。
亥集,12117,36,喜生一子，不幸妻亡。
亥集,12118,37，38,母妻俱故，命带两刑。
亥集,12119,,未时贵人逢，财运必丰盈。
亥集,12120,,六岁克母，女之不幸。
亥集,12121,,白虎临门，女刑父亲。
亥集,12122,,四配戊寅妻，先天注定。
亥集,12123,,子属鼠，先天定数。
亥集,12124,52,身列黄宫，名挂青衿。
亥集,12125,,官居极品，东西南北总兵权。
亥集,12126,45，46,良宵有景皆堪羡，满院谈经伴月明。
亥集,12127,37,是年生子，谁料钗分。
亥集,12128,39，40,风落萱花，琴弦又断。
亥集,12129,,申时贵人逢，财运必丰盈。
亥集,12130,,七岁刑母，女失所依。
亥集,12131,14,白虎照闺门，父死女不幸。
亥集,12132,,四娶庚寅妻，方免再刑。
亥集,12133,,子属牛，先天定数。
亥集,12134,53,高登天榜，鸿案标名。
亥集,12135,27,身赴翰苑，明星璀烁。
亥集,12136,47，48,不但师徒无厄难，更言福寿又加增。
亥集,12137,38,喜生一子，不幸妻亡。
亥集,12138,41，42,母死妻亡，两度刑伤。
亥集,12139,,操生杀之权，寄封疆之职。
亥集,12140,,八岁母亡，女之不幸。
亥集,12141,15,白虎临门，女刑父亲。
亥集,12142,,四娶壬寅妻，方免刑克。
亥集,12143,,子属虎，先天定数。
亥集,12144,54,身入泮林，芹香可美。
亥集,12145,,燕子未逢旧故主，黄泥衔尽不成巢。
亥集,12146,49，50,禅林寂静处，红尘哪里来。
亥集,12147,39,喜生一子，悲亡其妻。
亥集,12148,43，44,萱花琴弦断，悲中加悲。
亥集,12149,,无缘祖业，自创成家。
亥集,12150,,岁未满旬，闺中失母。
亥集,12151,16,白虎临门，女刑其父。
亥集,12152,,玉人屡刑，四娶乙卯妻。
亥集,12153,,子属兔，先天定数。
亥集,12154,55,数当入泮，老来之荣。
亥集,12155,,历事能干持家有，火性治事最温良。
亥集,12156,51，52,及时花果献，风到佛堂前。
亥集,12157,40,喜生一子，不幸妻亡。
亥集,12158,45，46,母死妻亡，两度刑伤。
亥集,12159,,羡君毕世路坦夷，宛然春色满皇州。
亥集,12160,10,少年刑母，女之不幸。
亥集,12161,17,白虎照命，女刑父亲。
亥集,12162,,主人屡刑，四娶丁卯妻。
亥集,12163,,子属龙，先天定数。
亥集,12164,56,老年入泮，晚运通达。
亥集,12165,,所行正大，人道之义。
亥集,12166,53，54,寻师访友，泉流岩畔遇知音。
亥集,12167,41,喜生一子，谁料妻亡。
亥集,12168,47，48,母死妻亡，两度刑伤。
亥集,12169,,本是方寸地，能画虎雕龙。
亥集,12170,11,少年母死，人之不幸。
亥集,12171,18,父死之年，女之不幸。
亥集,12172,,玉人多刑，四娶己卯妻。
亥集,12173,,子属蛇，先天定数。
亥集,12174,57,数该入泮，晚运通达。
亥集,12175,,酉时贵人逢，财运必丰盈。
亥集,12176,55，56,内处康宁，师徒亨福。
亥集,12177,42,喜生一子，不料钗分。
亥集,12178,49，50,母死妻亡，一年两伤。
亥集,12179,,清夜不闻芹香雨，东风时凑五弦琴。
亥集,12180,12,是年丧母，女之不幸。
亥集,12181,19,父死之年，女之不幸。
亥集,12182,,玉人有刑，四娶辛卯妻。
亥集,12183,,子属马，先天定数。
亥集,12184,58,身当入泮，得挂青衿。
亥集,12185,,继业更新业，财广二字重圭璋。
亥集,12186,57，58,内外安宁师徒庆，芒鞋踏破没处寻。
亥集,12187,43,喜生一子，悲也妻亡。
亥集,12188,52,不幸萱花萎，谁知又断弦。
亥集,12189,,夕阳故道谁人识，禾黍秋风听马嘶。
亥集,12190,13,是年母死，女之不幸。
亥集,12191,20,父死之年，女之不幸。
亥集,12192,,四配癸卯妻，先天注定。
亥集,12193,,子属羊，先天定数。
亥集,12194,59,老年入泮，喜也何如。
亥集,12195,,生平多巧计，白手自兴家。
亥集,12196,59，60,好将善诀传徒弟，乐我逍遥一片心。
亥集,12197,44,喜生一子，不料妻亡。
亥集,12198,53，54,母死妻亡，两度悲伤。
亥集,12199,,一生富贵命荣华，无刑无灾锦中花。
亥集,12200,14,母死之年，女之不幸。
亥集,12201,21,父死之年，女之不幸。
亥集,12202,,四娶甲辰妻，先天注定。
亥集,12203,,子属猴，先天定数。
亥集,12204,60,花甲入泮，老当益壮。
亥集,12205,60,鸳鸯酒醉心未死，鸾台重下换新衣。
亥集,12206,,兴家创业人财旺，锦上添花气象新
亥集,12207,45,喜生一子，不幸妻亡。
亥集,12208,55，56,母死妻亡，两度之悲。
亥集,12209,,宏开利路，十几年来大发财。
亥集,12210,15,母死之年，女之不幸。
亥集,12211,22,父死之年，女之不幸。
亥集,12212,,四娶壬辰妻，先天注定。
亥集,12213,,子属鸡，先天定数。
亥集,12214,,有子先生女，数注于前。
亥集,12215,,彭城白璧出蓝田，丹凤高翔上九天。
亥集,12216,,壮观出门从此显，那空那色上人名。
亥集,12217,46,喜生一子，谁料妻亡。
亥集,12218,57，58,母死妻亡，悲中见伤。
亥集,12219,,戌时贵人逢，财运必丰盈。
亥集,12220,,母死之年，女之不幸。
亥集,12221,23,父死之年，女之不幸。
亥集,12222,,四娶戊辰妻，先天注定。
亥集,12223,,子属狗，先天定数。
亥集,12224,,借老二春足，古稀之数。
亥集,12225,,双亲归世在何日，数定母先赴瑶池，
亥集,12226,25，26,丧门相照，忧及于师。
亥集,12227,47,喜生一子，谁料妻亡。
亥集,12228,59，60,母死妻亡，两度刑伤。
亥集,12229,,不求名达受奔波，啸傲林泉乐意多。
亥集,12230,17,母死之年，女之不幸。
亥集,12231,24,父死之年，女之不幸。
亥集,12232,,四娶庚辰妻，先天注定。
亥集,12233,,子属猪，先天定数。
亥集,12234,,卜君阳年，终于八九。
亥集,12235,41,房内闻香。
亥集,12236,,荒村客路眠宜早，野店风霜起要迟。
亥集,12237,48,喜生一子，谁料妻亡。
亥集,12238,61,母死妻亡，一年两伤。
亥集,12239,,亥时贵人逢，财运必丰盈。
亥集,12240,18,母死之年，女之不幸。
亥集,12241,25,父死之年，女之不幸。
亥集,12242,,四娶壬辰妻，先天注定。
亥集,12243,,女属鼠，数中注定。
亥集,12244,,一窗明月供孤灯。
亥集,12245,,此刻生人，夫妇必齐眉。
亥集,12246,,不敛生涯不耕田，一生常在贵人边。
亥集,12247,49,产儿妻故，两处生悲。
亥集,12248,63，64,母死妻亡，两不幸也。
亥集,12249,,秋月梧桐经夜雨，春风桃李一番新。
亥集,12250,19,母死之年，女之不幸。
亥集,12251,26,父死之年，女之不幸。
亥集,12252,,四娶乙巳妻，先天注定。
亥集,12253,,女属牛，数中注定。
亥集,12254,,善始善终，天报善人。
亥集,12255,,父先母后，数前注定。
亥集,12256,,利夫益子，正助夫贤。
亥集,12257,50,喜生一子，不幸妻亡。
亥集,12258,57，58,母死妻亡，一年两悲。
亥集,12259,,驿马照命，早离乡井。
亥集,12260,20,母死之年，女之不幸。
亥集,12261,27,父死之年，女之不幸。
亥集,12262,,四娶丁巳妻，先天注定。
亥集,12263,,女属虎，数中注定。
亥集,12264,69,卜君之寿，古稀欠一春。
亥集,12265,,贵人逢之，鸿运亨达。
亥集,12266,,节干青春如玉洁，老艳乌云乱惹飞。
亥集,12267,51,喜生一子，不幸妻亡。
亥集,12268,57，58,母死妻亡，不幸之甚。
亥集,12269,,专在衙门手，有余钱妻子光辉。
亥集,12270,21,母死之年，女之不幸。
亥集,12271,28,父死之年，女之不幸。
亥集,12272,,四娶己巳妻，先天注定。
亥集,12273,,女属兔，数中注定。
亥集,12274,,借老三春，以足古稀。
亥集,12275,,贵人逢之，鸿运亨达。
亥集,12276,,数注腰横犀角带，金花衔洒沐皇恩。
亥集,12277,52,喜生一子，谁知妻亡。
亥集,12278,69，70,母死妻亡，一年两度刑伤。
亥集,12279,,贵人逢之，鸿运亨达。
亥集,12280,22,母死之年，女之不幸。
亥集,12281,29,父死之年，女之不幸。
亥集,12282,,四娶辛巳妻，先天注定。
亥集,12283,,女属龙，数中注定。
亥集,12284,,借老三春，凑成花甲。
亥集,12285,,贵人逢之，鸿运亨通。
亥集,12286,37，38,师传涅槃，雪衣临身。
亥集,12287,53,喜生一子，不幸妻亡。
亥集,12288,,吉人必有天相。
亥集,12289,,辟雍成名，琼林夺锦。
亥集,12290,23,母死之年，女之悲也。
亥集,12291,30,父死之年，女之不幸。
亥集,12292,,四娶癸巳妻，先天注定。
亥集,12293,,女属蛇，数中注定。
亥集,12294,,为人言行笃信中，堂堂活泼聪俊人。
亥集,12295,,时来运至精神爽，好向蟾宫折桂枝。
亥集,12296,,乍雨乍晴犹未雪，东风布暖不生寒。
亥集,12297,54,妙风生一子，哀哉妻又亡。
亥集,12298,,吉人天相，恶人暴光。
亥集,12299,,有禄有财过晚景，无忧无虑乐升平。
亥集,12300,24,母死之年，女之不幸。
亥集,12301,31,父死之年，女之不幸。
亥集,12302,,四娶甲午妻，先天注定。
亥集,12303,,女属马，数中注定。
亥集,12304,,云鬓宁无重整理，娥眉应有再加妆。
亥集,12305,,道衿承命，宠赐荣身。
亥集,12306,,禄到生长兼才印，任君加官入朝堂。
亥集,12307,55,喜生一子，不幸妻亡。
亥集,12308,43，44,鸾风和谐，难免中天笑。
亥集,12309,,贵人逢之，鸿运亨达。
亥集,12310,25,母死之年，女之不幸。
亥集,12311,32,父死之年，女之不幸。
亥集,12312,,四娶丙午妻，先天注定。
亥集,12313,,女属羊，数中注定。
亥集,12314,70,寿元何日止，须待七旬终。
亥集,12315,,以财发身曰吉。
亥集,12316,,暖风初报朝雨，凉雪迷于隔岁梅。
亥集,12317,56,喜生一子，不幸妻亡。
亥集,12318,,为人慷慨气宇昂，无方无骄不岐求。
亥集,12319,,气宇轩昂，超出寻常。
亥集,12320,26,母赴瑶池，深阁悲伤。
亥集,12321,33,父死之年，女之不幸。
亥集,12322,,四娶戊午妻，先天注定。
亥集,12323,,女属猴，数中注定。
亥集,12324,,卜君之寿，未满五旬。
亥集,12325,,一生之苦受他方，有甘有苦有高低。
亥集,12326,,为人夫死之年，人生不幸。
亥集,12327,57,喜生一子，不幸妻亡。
亥集,12328,,有高俅之技艺，无高俅之性情。
亥集,12329,,明伦堂上文风蔼，诗学窗前化雨新。
亥集,12330,27,母死之年，女之悲饬。
亥集,12331,34,父死之年，女之悲也。
亥集,12332,,四娶庚午妻，先天注定。
亥集,12333,,女属鸡，数中注定。
亥集,12334,,知君寿数，八旬有余。
亥集,12335,,巫峡云高峰十二，栏杆风静水无痕
亥集,12336,,送至时逢泮水融，才华滚滚送秋香。
亥集,12337,58,喜生一子，不幸妻亡。
亥集,12338,,虎头蛇尾须当忌。
亥集,12339,,识见机谋有性情，不同如雷怒顺风。
亥集,12340,28,母死之年，女之悲也。
亥集,12341,35,父死之年，女之悲也。
亥集,12342,,四娶壬午妻，先天注定。
亥集,12343,,女属狗，数中注定。
亥集,12344,,数定官居北阙，宝剑锋气莫遮。
亥集,12345,,术数绍岐黄，皇恩赐一命。
亥集,12346,,中年时运几风光，历尽风光梅始香
亥集,12347,59,喜生一子，悲没荆花。
亥集,12348,,借问寿元何日尽，七旬之年是归期。
亥集,12349,,索履轻裳甘寂静，齐心洗性语长生。
亥集,12350,,母死之年，女之不幸。
亥集,12351,36,父死之年，女之不幸。
亥集,12352,,四娶乙未妻，先天注定。
亥集,12353,,女属猪，数中注定。
亥集,12354,67,古稀欠三春，无病入黄泉。
亥集,12355,,舞低杨柳台前月，歌尽桃花扇底风
亥集,12356,,济世无婆心，恩光有意后。
亥集,12357,60,喜生一子，不幸妻亡。
亥集,12358,,马背扬威，富也甚绔。
亥集,12359,,万绿丛中红一点，动人春色不须疑。
亥集,12360,30,母死之年，女之不幸。
亥集,12361,37,父死之年，女之不幸。
亥集,12362,,四娶丁未妻，先天注定。
亥集,12363,,净地何须扫，空门不用关。
亥集,12364,,如花向日枝枝秀，似草穿林节节高。
亥集,12365,,为人机智且喜，暗渡陈仓彪炳。
亥集,12366,,一生气焰摩星斗，品格威严振雷霆。
亥集,12367,,心善到头身心善，风亭复整钓鱼竿。
亥集,12368,,维持屋里春风满，织锦机中夜月寒。
亥集,12369,,修真悟道，恩自九重。
亥集,12370,31,母死之年，女之不幸。
亥集,12371,38,父死之年，女之不幸。
亥集,12372,,四娶己未妻，先天注定。
亥集,12373,,谈经翻见叶，扫石落旗杆。
亥集,12374,,志气尚同唐李杜，轩昂不让汉班超。
亥集,12375,,五行秉德中和气，烈烈轰轰迥出群。
亥集,12376,,掌握貅秉节钺，惟从边塞播声名。
亥集,12377,,后运正兴家业盛，光风霁月乐悠悠。
亥集,12378,,双喜临门，聚家欢乐。
亥集,12379,,斜倚花街迎客惯，笑生桃李可人怜。
亥集,12380,32,母死之年，女之不幸。
亥集,12381,39,父死之年，女之不幸。
亥集,12382,,四娶辛未妻，先天注定。
亥集,12383,,了性无他意，常对一炉香。
亥集,12384,,母先父后亡，易数无差。
亥集,12385,,暗来暗去，有失君子雅。
亥集,12386,57，58,客相触命，已西游去。
亥集,12387,,理人曲直排，难解纷冠带临身。
亥集,12388,,克勤克俭能内助。
亥集,12389,,财源交接声名重，家业兴隆气象新。
亥集,12390,33,母死之年，女之不幸。
亥集,12391,40,父死之年，女之不幸。
亥集,12392,,四娶癸未妻，先天注定。
亥集,12393,,已脱浮尘生，是非哪里来。
亥集,12394,,财源金珠满案前，绿窗朱户稳神仙。
亥集,12395,,一生运限实亨通，卓荦才华气吐新。
亥集,12396,,为人广运，识见高明。
亥集,12397,,大运前来人易交，明伦堂上笑呵呵。
亥集,12398,20,云髻无心整，喜进不敌忧。
亥集,12399,,我生不幸，幼年丧父。
亥集,12400,34,母死之年，女之悲也。
亥集,12401,41,父死之年，女之不幸。
亥集,12402,,四娶甲申妻，先天注定。
亥集,12403,,弄月吟风，山高气爽。
亥集,12404,,丰姿飘逸，文武皆迪。
亥集,12405,,智多而优柔，果断失黄金。
亥集,12406,,良人有刑，再嫁甲子。
亥集,12407,,一贵当权群魔伏，马头带俞镇边疆。
亥集,12408,,莫谓平生未称情，遇犬骑龙始见亨。
亥集,12409,,为人忠厚满面春，胸如宝镜似花朝。
亥集,12410,35,母死之年，女之伤也。
亥集,12411,42,父死之年，女之不幸。
亥集,12412,,四娶丙申妻，先天注定。
亥集,12413,,已脱浮尘生，是非哪来。
亥集,12414,,父子同属鼠，先天注定。
亥集,12415,,禅室根基厚，衣钵助荣身。
亥集,12416,,良人有刑，再嫁丙子妻。
亥集,12417,,人愿如此如此，天理未然未然。
亥集,12418,,门纳天下士，春风满面生。
亥集,12419,,老而无子曰独君，命所当然。
亥集,12420,36,母死之年，女之不幸。
亥集,12421,43,父死之年，女之不幸。
亥集,12422,,四娶戊申妻，先天注定。
亥集,12423,,一窗明月供孤灯。
亥集,12424,,父子同属牛，先天注定。
亥集,12425,,学术儒宗，洪恩荣赐。
亥集,12426,,良人有刑，再嫁戊子。
亥集,12427,,善修齐做会，仁慈亦成佛。
亥集,12428,59,好把阴功祈善保，怨字无心一在头。
亥集,12429,71,数该生子，枯杨生芽。
亥集,12430,37,母死之年，女之悲也。
亥集,12431,44,父死之年，女之不幸。
亥集,12432,,四娶庚申妻，先天注定。
亥集,12433,,七星伴日，福祉锦延。
亥集,12434,,父子同属虎，先天注定。
亥集,12435,,好义轻财平生志，东西南北任徘徊。
亥集,12436,,良人有刑，再嫁庚子夫。
亥集,12437,,半文半俗土财主，或真或假半斯文。
亥集,12438,50,从前事业总徒劳，回首东风泣楚骚。
亥集,12439,,大征出旅威赫赫，清光入阵志扬扬。
亥集,12440,38,母死之年，女之不幸。
亥集,12441,45,父死之年，女之不幸。
亥集,12442,,四娶壬申妻，先天注定。
亥集,12443,,一路平坦骑骏马，清宁四海建勋业。
亥集,12444,,父子同属兔，先天注定。
亥集,12445,,博绿红为牟，钱财或有无。
亥集,12446,,良人有刑，再嫁壬子夫。
亥集,12447,,此刻生人，夫妻同白发。
亥集,12448,59，60,南柯梦入华胥国，人忆英雄笑语中。
亥集,12449,,度量宽宏，满腹兵甲。
亥集,12450,39,母死之年，女之不幸。
亥集,12451,46,父死之年，女之不幸。
亥集,12452,,四娶乙酉妻，先天注定。
亥集,12453,37，38,紫园春日暖，宝树发光辉。
亥集,12454,,父子同属，先天注定。
亥集,12455,,窗前竭力扬威武，峥嵘气象振开庭。
亥集,12456,,良人有刑，再嫁乙丑夫。
亥集,12457,27，28,花发上林，锦绣眩目。
亥集,12458,62,从前乐业总徒劳，回首西风泣书楚骚。
亥集,12459,,历尽江山千万转，兴家创业日兴隆。
亥集,12460,,母死之年，女之悲也。
亥集,12461,47,父死之年，女之不幸。
亥集,12462,,四娶丁酉妻，先天注定。
亥集,12463,,椿树谢时萱又萎，当年泣血父为先。
亥集,12464,,父子同属蛇，先天注定。
亥集,12465,,观花早去洛阳楼，刀笔前程遇沛公。
亥集,12466,,良人有刑，再嫁丁丑。
亥集,12467,,秋风桂子花开晚，海上蟠桃结子迟。
亥集,12468,63,俄然遂成梦，六亲牖增悲哀。
亥集,12469,,试问双亲辞世日，先天注定父行期。
亥集,12470,41,母死之年，女之不幸。
亥集,12471,48,父死之年，女之不幸。
亥集,12472,,四娶己酉妻，先天注定。
亥集,12473,,处事临机应变才，交友有周急济贫。
亥集,12474,,父子同属马，先天定数。
亥集,12475,,芹宫读罢鸡鸣月，还要秋闱占桂香。
亥集,12476,,良人有刑，再嫁已丑夫。
亥集,12477,,财源来万里，富厚胜为宫。
亥集,12478,65，66,大数已定，一杯鲁酒送行程。
亥集,12479,,结发未从谐老愿，夫妻三配得齐眉。
亥集,12480,42,母死之年，女之不幸。
亥集,12481,49,父死之年，女之不幸。
亥集,12482,,四娶辛酉妻，先天注定。
亥集,12483,,专在赌博场中，阴阳颠倒如何。
亥集,12484,,父子同属羊，先天注定。
亥集,12485,,龙韬何必陈三略，虎帐升来振万方。
亥集,12486,,良人有刑，再嫁辛丑夫。
亥集,12487,,双喜临门，虎门生威。
亥集,12488,67，68,洞里无人春寂寞，幽冥有路去茫茫。
亥集,12489,,善枝超绝人称羡。
亥集,12490,43,母死之年，女之悲也。
亥集,12491,50,父死之年，女之不幸。
亥集,12492,,四娶癸酉妻，先天注定。
亥集,12493,,五谷生财源，纵非巨富也无忧。
亥集,12494,,父子同属猴，先天注定。
亥集,12495,26,人逢好运精神爽，花遇风和瑞气香。
亥集,12496,,良人有刑，再嫁癸丑夫。
亥集,12497,,食素看经虽美意，不如心善更为高。
亥集,12498,69，70,年至古稀，一梦归西。
亥集,12499,,他人扫娥眉，何顾自家缘。
亥集,12500,,母死之年，女之不幸。
亥集,12501,51，52,父死之年，女之不幸。
亥集,12502,,玉人屡刑，四娶甲戌妻。
亥集,12503,,时来兴发至，运到财源似水流。
亥集,12504,,父子同属鸡，先天注定。
亥集,12505,21，22,添丁未久又逢凶。
亥集,12506,,良人有刑，再嫁甲寅夫。
亥集,12507,,只身无系累，快活在优游。
亥集,12508,71,水尽山穷处，茫茫别一天。
亥集,12509,,臂健尚嫌弓力软，眼明犹识阵云高。
亥集,12510,45,母死之年，女之悲也。
亥集,12511,52,父死之年，女之不幸。
亥集,12512,,玉人多刑，四娶丙午妻。
亥集,12513,,逍遥无疑，万法皈依。
亥集,12514,,父子同属狗，先天注定。
亥集,12515,23，24,添丁未久又逢凶。
亥集,12516,,良人有刑，再嫁丙寅夫，
亥集,12517,53,习文习武皆精通，数定标名耀祖宗。
亥集,12518,73,驾鹤乘云去，飘然竟不回。
亥集,12519,,父命土年生方合。
亥集,12520,46,母死之年，女之不幸。
亥集,12521,53,父死之年，女之不幸。
亥集,12522,,玉人多刑，四娶戊戌妻。
亥集,12523,,休说六韬三略，只图异路扬名。
亥集,12524,,父子同属猪，先天注定。
亥集,12525,25，26,添丁未久又逢凶。
亥集,12526,,良人有刑，再嫁戊寅夫。
亥集,12527,,此刻生人，手脚不周全。
亥集,12528,75,一春鱼雁无消息，万里关山梦断魂。
亥集,12529,,娴韬武略游圣泮，将来将相可兼全。
亥集,12530,47,母死之年，女之不幸。
亥集,12531,54,父死之年，女之悲伤。
亥集,12532,,玉人屡刑，四娶庚戌妻。
亥集,12533,40,雌先其雄，数注妻亡。
亥集,12534,,兄弟同属鼠方合。
亥集,12535,27，28,添丁未久又逢凶。
亥集,12536,,良人有刑，再嫁庚寅夫。
亥集,12537,77，78,绿水青山随笑傲，玉泉金井任涵融。
亥集,12538,87，88,驾鹤乘云去，飘然竟不归。
亥集,12539,,姐妹数人，一入空门。
亥集,12540,48,母死之年，女之不幸。
亥集,12541,55,父死之年，女之不幸。
亥集,12542,,玉人屡刑，四娶壬戌妻。
亥集,12543,,能甘淡薄闲中乐，不向繁华分外求。
亥集,12544,,兄弟同属牛方合。
亥集,12545,29，30,添丁未久又逢凶。
亥集,12546,,良人有刑，再嫁壬寅夫。
亥集,12547,,五行秉得刚柔性，仁心仁慈。
亥集,12548,79，80,寿元止于此，一去竟不回。
亥集,12549,,九姐妹数人，二入空门。
亥集,12550,49,此年失母，女之不幸。
亥集,12551,56,父死之年，女之不幸。
亥集,12552,,玉人有刑，四娶乙亥妻。
亥集,12553,29,休羡春光美，风雨又相摧。
亥集,12554,,兄弟同属虎方合。
亥集,12555,31，32,添丁未久又逢凶。
亥集,12556,,良人有刑，再嫁乙卯妻。
亥集,12557,,娴韬武略游圣泮，翱翔万里上青云。
亥集,12558,81，82,驾鹤乘云去，天上多一仙。
亥集,12559,39,秋风声到，宝镜尘深。
亥集,12560,50,母死之年，女之不幸。
亥集,12561,57,此年父死，女之不幸。
亥集,12562,,四娶丁亥，得免其刑。
亥集,12563,,百般皆可做，劝君莫做屠。
亥集,12564,,兄弟同属兔方合。
亥集,12565,33，34,添丁未久又逢凶。
亥集,12566,,良人有刑，再嫁丁卯夫。
亥集,12567,,为人拔萃超群黄，卷精通青云得路。
亥集,12568,83，84,天上玉书召，地下失英雄。
亥集,12569,32,流年胸滞，闺中凄凉。
亥集,12570,51,母死之年，女之不幸。
亥集,12571,58,是年父死，女之不幸。
亥集,12572,,玉人有刑，四娶己亥妻。
亥集,12573,,前妻生一子，后妻生二儿。
亥集,12574,,兄弟同属龙方合。
亥集,12575,35，36,添丁未久又逢凶。
亥集,12576,,良人有刑，再嫁己卯夫。
亥集,12577,71,妻赴幽冥地，夫当在阳台。
亥集,12578,85，86,八旬加五六，一去莫哭之。
亥集,12579,81,欲想八十二，谁知欠一春。
亥集,12580,52,母死之年，女之不幸。
亥集,12581,59,父死之年，女之不幸。
亥集,12582,,四娶辛亥，免刑主人。
亥集,12583,,一胎生二子又逢凶。
亥集,12584,,兄弟同属蛇方合。
亥集,12585,37，38,生子逢凶。一喜一忧。
亥集,12586,,良人有刑，再嫁辛卯夫。
亥集,12587,,他年气运摩星斗，饱食孙吴要性宁。
亥集,12588,87，88,天地常存，年华始尽。
亥集,12589,,汝熟孙吴秘，必作青云客。
亥集,12590,53,母死之年，女之不幸。
亥集,12591,60,父死之年，女之不幸。
亥集,12592,,玉人多刑，再娶癸亥妻。
亥集,12593,51，52,禅林寂静时，时明月清风。
亥集,12594,,兄弟同属马方合。
亥集,12595,39，40,添丁未久逢凶。
亥集,12596,,良人有刑，再嫁癸卯夫。
亥集,12597,,夫妻应谐老，齐眉到白头。
亥集,12598,89，90,虽然阳台路不通，好从阴路觅行踪。
亥集,12599,,妻宜硬命，方得皆老。
亥集,12600,54,母死之年，女之不幸。
亥集,12601,61,父死之年，女之不幸。
亥集,12602,,卜君阳寿，许得古稀。
亥集,12603,,子貌相父，儒风可佳。
亥集,12604,,兄弟同属羊方合。
亥集,12605,41，42,添丁未久又逢凶。
亥集,12606,,良人有刑，再嫁甲辰夫。
亥集,12607,,偏房虽多不结子，娶得鼠命许生儿。
亥集,12608,15，16,其年生子，又入泮林。
亥集,12609,13,未嫁夫先死，命带刑伤。
亥集,12610,55,母死之年，女之不幸。
亥集,12611,62,父死之年，女之悲伤。
亥集,12612,,卜君阳寿，许于七九。
亥集,12613,,子貌相母，性慈心善。
亥集,12614,,兄弟同属猴方合。
亥集,12615,43，44,添丁未久又逢凶。
亥集,12616,,良人有刑，再嫁丙辰夫。
亥集,12617,,偏房虽多不结子，娶得牛命许生儿
亥集,12618,17，18,其年生子，又唱采芹歌。
亥集,12619,14,幼年刑夫，女之不幸。
亥集,12620,56,母死之年，女子悲伤。
亥集,12621,63,父死之年，女之不幸。
亥集,12622,,花甲还可，难望古稀。
亥集,12623,25,咏关雎诗，乐君子逑。
亥集,12624,,兄弟同属鸡方合。
亥集,12625,45，46,添丁未久又逢凶。
亥集,12626,,良人有刑，再嫁戊辰夫。
亥集,12627,,偏房虽多，虎命生子。
亥集,12628,19，20,其年生子，正喜入泮。
亥集,12629,15,幼年克夫，女子不幸。
亥集,12630,57,母死之年，女之悲也。
亥集,12631,64,父死之年，女之不幸。
亥集,12632,,命中注定八女。
亥集,12633,,女貌相父，英雄大度。
亥集,12634,,兄弟同属狗方合。
亥集,12635,47，48,添丁未久又逢凶。
亥集,12636,,良人有刑，再嫁庚辰夫。
亥集,12637,,偏房虽多不结子，娶得兔命许生儿。
亥集,12638,21，22,采芹生子，同在此年。
亥集,12639,16,幼年克夫，女之不幸。
亥集,12640,58,母死之年，女之悲伤。
亥集,12641,65,父死之年，女之不幸。
亥集,12642,,命中注定生九女。
亥集,12643,,女貌相母，秀气可佳。
亥集,12644,,兄弟同属猪方合。
亥集,12645,49，50,添丁未久又逢凶。
亥集,12646,,良人有刑，再嫁壬辰夫。
亥集,12647,,偏房虽多不结子，娶得龙命许生儿。
亥集,12648,23，24,采芹生子，同在此刻。
亥集,12649,17,夫死之年，女之不幸。
亥集,12650,59,母死之年，女之不幸。
亥集,12651,,父死之年，女之不幸。
亥集,12652,,命中注定生十女。
亥集,12653,,兄弟二人，一模一样。
亥集,12654,,姊妹同属鼠方合。
亥集,12655,51，52,添丁未久又逢凶。
亥集,12656,,良人有刑，再嫁乙巳夫。
亥集,12657,,侧室虽多，蛇命生儿。
亥集,12658,,是年生子，又当入泮。
亥集,12659,18,克夫之年，刑伤莫重。
亥集,12660,60,此年伤母，女之不幸。
亥集,12661,67,父死之年，女之不幸。
亥集,12662,,命中注定生十一女。
亥集,12663,61,天上为仙，地下为鬼。
亥集,12664,,姊妹同属牛方合。
亥集,12665,53，54,添丁未久又逢凶。
亥集,12666,,良人有刑，再嫁丁巳夫。
亥集,12667,,偏房虽多不结子，娶得马命许生儿。
亥集,12668,27，28,目前生子，又入泮林。
亥集,12669,19,此年克夫，女之不幸。
亥集,12670,22,卜商之叹，是年难免。
亥集,12671,68,父死之年，女之不幸。
亥集,12672,,命中注定生十二女。
亥集,12673,,姐妹二人，一人空门。
亥集,12674,,姊妹同属虎方合。
亥集,12675,55，56,添丁未久又逢凶。
亥集,12676,,良人有刑，再嫁己巳夫。
亥集,12677,,偏房虽多不结子，娶得羊命许生儿。
亥集,12678,29，30,双喜临门，生女采芹。
亥集,12679,20,夫死之年，女之不幸。
亥集,12680,23，24,卜商之叹，斯年难免。
亥集,12681,69,父虽有寿而归，女亦伤悲。
亥集,12682,,母女同属鼠方合。
亥集,12683,,姐妹二人，同入空门。
亥集,12684,,姊妹同属兔方合。
亥集,12685,57，58,生子未久又逢凶。
亥集,12686,,良人有刑，再嫁辛巳夫。
亥集,12687,,偏房虽多不结子，娶得猴命许生儿。
亥集,12688,31，32,双喜临门，生子入泮。
亥集,12689,22,夫死之年，坤入之悲。
亥集,12690,25，26,卜商之叹，是年难免。
亥集,12691,70,父亲有寿亡，女亦当悲。
亥集,12692,,母女同属牛方合。
亥集,12693,,为人小心慎重，终无阻逆之虞。
亥集,12694,,姊妹同属龙方合。
亥集,12695,59，60,添丁未久又逢凶。
亥集,12696,,良人有刑，再嫁癸巳夫。
亥集,12697,,偏房虽多不结子，娶得鸡命许生儿。
亥集,12698,33，34,生子入泮，二喜临门。
亥集,12699,22,克夫之年，悲莫大焉。
亥集,12700,27，28,卜商之叹，见于此年。
亥集,12701,17,琴瑟正调顺，岂料一弦断。
亥集,12702,,母女同属虎方合。
亥集,12703,,衣体传来空寂寞，生涯到处是良缘。
亥集,12704,,姊妹同属蛇方合。
亥集,12705,21，22,岁科之年，名定高列。
亥集,12706,,良人有刑，再嫁甲午夫。
亥集,12707,,侧室虽多不结子，娶得犬命许生儿。
亥集,12708,35，36,二喜临门，生子采芹。
亥集,12709,23,父死之年，悲莫大焉。
亥集,12710,29，30,卜商之叹，定在此年。
亥集,12711,18,少年失婚，莫大悲焉。
亥集,12712,,母女同属兔方合。
亥集,12713,,静坐有经消白书，闲来无事出红尘。
亥集,12714,,姊妹同属马方合。
亥集,12715,23，24,科考岁考，定列前茅。
亥集,12716,,良人有刑，再嫁丙午夫。
亥集,12717,,偏房虽多不结子，娶得猪命许生儿。
亥集,12718,37，38,双喜临门，生于入泮。
亥集,12719,24,丧失之年，悲伤莫言。
亥集,12720,31，32,卜商之叹，是年难免。
亥集,12721,19,断弦之悲，定见于年。
亥集,12722,,母女同属龙方合。
亥集,12723,,姐妹三人，一入空门。
亥集,12724,,姊妹同属羊方合。
亥集,12725,35，36,科岁之年，定当得意。
亥集,12726,,良人有刑，再嫁戊午夫。
亥集,12727,28,红鸾相照。
亥集,12728,39，40,其年生子，又入泮官。
亥集,12729,25,夫死之年，女之不幸。
亥集,12730,33，34,卜商之叹，此年必见。
亥集,12731,20,断弦之悲，其谁料乎。
亥集,12732,,母女同属蛇方合。
亥集,12733,21,白虎照闺门，妻命定然刑。
亥集,12734,,姊妹同属猴方合。
亥集,12735,37，38,岁考之年，定当高列。
亥集,12736,,良人有刑，再嫁庚午夫。
亥集,12737,27,红鸾相照。
亥集,12738,41，42,可喜生子，又入泮宫。
亥集,12739,26,夫死之年，妇之不幸。
亥集,12740,35，36,卜商之叹，是年必见。
亥集,12741,21,困于蒺藜，不见其妻。
亥集,12742,,母女同属马方合。
亥集,12743,23,此年断弦之悲。
亥集,12744,,姊妹同属鸡方合。
亥集,12745,29，30,科考之年，正当高列。
亥集,12746,,良人有刑，再嫁壬午夫。
亥集,12747,28,红鸾相照，配夫之年。
亥集,12748,43，44,生子采芹，其乐融融。
亥集,12749,27,夫死之年，妇之不幸。
亥集,12750,37，38,卜商之叹，是年难免。
亥集,12751,22,克妻之年，实可悲也。
亥集,12752,,母女同属羊方合。
亥集,12753,,姐妹四人，一入空门。
亥集,12754,,姊妹同属狗方合。
亥集,12755,31，32,岁考之年，名列前茅。
亥集,12756,,良人有刑，再嫁乙未夫。
亥集,12757,,此刻生人，身材肥胖。
亥集,12758,45，46,喜也生子，庆也入泮。
亥集,12759,28,夫死之年，妇之悲也。
亥集,12760,39，40,卜商之叹，定见于此。
亥集,12761,23,鼓盆之歌，见于此年。
亥集,12762,,母女同属猴方合。
亥集,12763,28,不料此年命归西。
亥集,12764,,姊妹同属猪方合。
亥集,12765,33，34,科考之年，名必高列。
亥集,12766,,良人有刑，再嫁丁未夫。
亥集,12767,,头角峥嵘有气度。
亥集,12768,47，48,双喜临门，夫当入泮。
亥集,12769,29,妇命有刑，夫当受克。
亥集,12770,41，42,卜商之叹，见于此年。
亥集,12771,24,琴瑟相和，岂期弦断。
亥集,12772,,母女同属鸡方合。
亥集,12773,,姐妹五人，一入空门。
亥集,12774,21,物华天宝日，人杰地灵时。
亥集,12775,35，36,岁科之年，名必高列。
亥集,12776,,良人有刑，再嫁己未夫。
亥集,12777,,不肥不瘦，苗条淑女。
亥集,12778,49，50,生子采芹，二喜同至。
亥集,12779,30,父死之年，妇之不幸。
亥集,12780,43，44,卜商之叹，见于此年。
亥集,12781,25,困于蒺藜，难免刑妻。
亥集,12782,,母女同属狗方合。
亥集,12783,,姐妹六人，一入空门。
亥集,12784,,性悟不知身外事，不期恩命自天来。
亥集,12785,37，38,科考岁考，名定高标。
亥集,12786,,良人有刑，再嫁辛未夫。
亥集,12787,,肥如玉环，待人大度。
亥集,12788,31,其年有纳宠之喜。
亥集,12789,31,夫死之年，悲莫大焉。
亥集,12790,45，46,卜商之叹，见于此年。
亥集,12791,26,困于蒺藜，不见其妻。
亥集,12792,,母女同属猪方合。
亥集,12793,25,宜家贞言，闺门顺遂。
亥集,12794,,姐妹七人，一入空门。
亥集,12795,39，40,科岁之年，名当高列。
亥集,12796,,良人有刑，再嫁癸未夫。
亥集,12797,,身材英俊，如花似玉。
亥集,12798,33，34,其年有纳宠之喜。
亥集,12799,32,夫死之年，女之不幸。
亥集,12800,47，48,卜商之叹，定见此年。
亥集,12801,27,断弦之悲，定见此年。
亥集,12802,31,斯时无所求，闲中自优游。
亥集,12803,,乐鼓琴瑟，和乐而欢。
亥集,12804,,姐妹八人，一入空门。
亥集,12805,41，42,科岁之年，考必高列。
亥集,12806,,良人有刑，再嫁甲申夫。
亥集,12807,,不肥不瘦，风韵迷人。
亥集,12808,,良人好文学，笔墨作生涯。
亥集,12809,33,夫死之年，妇之不幸。
亥集,12810,49，50,卜商之叹，定见此年。
亥集,12811,28,困于蒺藜，难免刑妻。
亥集,12812,23,相安相乐庆流年，闺中人事幸无牵。
亥集,12813,,壬癸无情，闺中被溺。
亥集,12814,,数有三子，命中注定。
亥集,12815,43，44,科考之年，名列超等。
亥集,12816,,良人有刑，再嫁丙申夫。
亥集,12817,,柴米油盐醋，一生衣禄足。
亥集,12818,,良人经营湖海，衣食无忧无虑。
亥集,12819,34,丧门相照，夫君难留。
亥集,12820,51，52,卜商之叹，其年定见。
亥集,12821,29,刑妻之年，家室不宁。
亥集,12822,24,斯时无所求，终日得优游。
亥集,12823,,亲疏不分，姊妹为妇。
亥集,12824,,数有四子，命中注定。
亥集,12825,45，46,科岁之年，名必高列。
亥集,12826,,良人有刑，再嫁戊申夫。
亥集,12827,,辔与驰驱，千里生财。
亥集,12828,,良人又仕又商，福禄优然。
亥集,12829,35,夫死之年.真正不幸。
亥集,12830,53，54,卜商之叹，定见于此年。
亥集,12831,30,其人难共老，琵琶拨出断肠声。
亥集,12832,27,闺中和顺，快乐优游。
亥集,12833,24,春色惨淡，栏杆黯然。
亥集,12834,52,中馈人亡，未免寂寞。
亥集,12835,47，48,科岁之年，考必高列。
亥集,12836,,良人有刑，再嫁庚申夫。
亥集,12837,29，30,清风为友，明月相知。
亥集,12838,,良人日日作，欢乐怡怡。
亥集,12839,36,夫死之年，大不幸也。
亥集,12840,55，56,卜商之叹，君今亦然。
亥集,12841,31,得无断弦之悲乎。
亥集,12842,26,辐财来，安居顺利。
亥集,12843,26,霏霏细雨，桃面无颜。
亥集,12844,,数有五子，命中注定。
亥集,12845,49，50,科考之年，名必高列。
亥集,12846,,良人有刑，再嫁壬申夫。
亥集,12847,66,女规啼落楼台月，一枕鸳鸯梦不成。
亥集,12848,,良人优艺佳，名扬于世界。
亥集,12849,37,夫死之年，妇之不幸。
亥集,12850,57，58,丧明之悲，君亦如之。
亥集,12851,31,白虎相照，难免鼓盆。
亥集,12852,29,无是无非，一团和气。
亥集,12853,52,断弦之悲，是年之咎。
亥集,12854,62,老年夫妻，何必悲乎。
亥集,12855,51，52,科岁两考，必然高列。
亥集,12856,,良人有刑，再嫁乙酉夫。
亥集,12857,56,佳人难共老，琶拨断肠声。
亥集,12858,,良人悬台为生，仁德可封。
亥集,12859,28,夫死之年，妇之不幸。
亥集,12860,59，60,丧明之悲，卜君定矣。
亥集,12861,33,数当刑妻，男女有咎。
亥集,12862,32,乐意悠悠，闺中无求。
亥集,12863,47,凿井无泉，枉费工力。
亥集,12864,,与儿有染，数有前定。
亥集,12865,53，54,考试之年，名必高列。
亥集,12866,59,良人有刑，再嫁丁酉夫。
亥集,12867,,数注佳人难共老，琵琶拨出断肠声。
亥集,12868,39,何以解忧，唯有杜康。
亥集,12869,31,夫死之年，妇之不幸。
亥集,12870,61，62,丧明之悲，君亦如之。
亥集,12871,34,困于蒺藜，不见其妻。
亥集,12872,45,闺中纳福，事事呈祥。
亥集,12873,29，30,一束诗囊一束经，随处可安身。
亥集,12874,37，38,有进徒之喜。
亥集,12875,55，56,科考之年，名列前茅。
亥集,12876,,良人有刑，再嫁己酉夫。
亥集,12877,69,雌鸟别却雄鸟去，今朝料想再会难。
亥集,12878,33,高科有望，踌躇满志。
亥集,12879,40,夫死之年，妇之不幸。
亥集,12880,63，64,丧明之悲，君今见之。
亥集,12881,35,不免鼓盆之悲伤。
亥集,12882,47,无是无非，闺中叶吉。
亥集,12883,39,府县扬名，泽民相庆。
亥集,12884,29，30,有进徒之喜。
亥集,12885,57，58,科岁之年，名必高列。
亥集,12886,,良人有刑，再嫁辛酉夫。
亥集,12887,70,古稀之岁，乃失其妻。
亥集,12888,67,逢花甲之年，还欠三秋。
亥集,12889,41,命犯白虎，是年夫死。
亥集,12890,65，66,卜商之叹，注前所生。
亥集,12891,36,数注鼓盆之悲伤。
亥集,12892,46,闺中快乐，福享安然。
亥集,12893,29，30,门外事如海，吾师心若灰。
亥集,12894,31，32,进徒之喜。
亥集,12895,59，60,考试之年，名必高列。
亥集,12896,,再嫁癸酉夫。
亥集,12897,72,老年丧妻，何用悲出。
亥集,12898,26,运行而婵娟。
亥集,12899,41,丧门相照，必死其夫。
亥集,12900,67，68,卜商之叹，是年难免。
亥集,12901,37,鼓盆之歌，是年难免。
亥集,12902,31,闺中顺遂，龙凤呈祥。
亥集,12903,54,雌雄失恨凄妻。
亥集,12904,33，34,进徒之喜。
亥集,12905,61，62,科考岁考，定著姓名。
亥集,12906,,再嫁甲戌之夫，方免再刑。
亥集,12907,72,古稀加二载，妻死可悲。
亥集,12908,42,君臣仁义，财源茂盛。
亥集,12909,43,夫死之年，妇之不幸。
亥集,12910,69，70,卜商之叹，君亦如之。
亥集,12911,38,困于蒺藜，不见其妻。
亥集,12912,32,闺中有安然之乐，门外无大小之忧。
亥集,12913,,姐转九人，一入空门。
亥集,12914,35，36,进徒之喜。
亥集,12915,64，65,科考之年，名必高列。
亥集,12916,,再嫁丙戌之夫，方免再刑。
亥集,12917,73,老年妻故，何用悲乎。
亥集,12918,,数中不幸，父死非命。
亥集,12919,44,夫死之年，妇之不幸。
亥集,12920,71，72,老年丧子，哭声不及。
亥集,12921,39,得无断弦之悲乎。
亥集,12922,49,白天佑之，吉无不利。
亥集,12923,58,琴失其音，皆因弦断。
亥集,12924,37，38,进徒之喜。
亥集,12925,65，66,科岁之年，名必高列。
亥集,12926,,再嫁戊戌夫，命中注定。
亥集,12927,74,老年妻故，亦足悲也。
亥集,12928,45，46,朝说法来晚谈经，红尘物色不关心。
亥集,12929,45,命犯白虎，难免刑夫。
亥集,12930,,一女嫁三夫，数中注定。
亥集,12931,40,流年不利，未免刑妻。
亥集,12932,51,大小吉庆，福自天来。
亥集,12933,64,老年妻故，何用悲乎。
亥集,12934,39，40,进徒之喜。
亥集,12935,67，68,遇考之年，必获其意。
亥集,12936,,再嫁庚戌夫：方免再刑。
亥集,12937,75,老来丧妻之年。
亥集,12938,,五服不分，帏绣有染。
亥集,12939,46,夫死之年，妇之不幸。
亥集,12940,,东坡向禅寺，云龙山上色。
亥集,12941,41,妻死之年，人生不幸。
亥集,12942,52,夜月移花影，春风报佳音。
亥集,12943,29，30,华林日月长，伏虎尽焚香。
亥集,12944,41，42,进徒之喜。
亥集,12945,69，70,遇考之年，名必高列。
亥集,12946,,再嫁壬戌夫，数中注定。
亥集,12947,76,老年妻故，悲也何如。
亥集,12948,60,耳顺之年，妻死泪涟涟。
亥集,12949,47,命带伤刑，必克其夫。
亥集,12950,,夫死再嫁，人之常情。
亥集,12951,42,夫妻有离别之忧。
亥集,12952,37,一堤杨柳摇新绿，几处桃花映日红。
亥集,12953,,名标榜首，天生娇子。
亥集,12954,43，44,进徒之喜。
亥集,12955,71，72,遇考之年，名必高列。
亥集,12956,,再嫁乙亥夫，数中注定。
亥集,12957,77,老年丧妻之悲。
亥集,12958,65,鸳失其鸯，悲也孔伤。
亥集,12959,48,夫死之年，女子不幸。
亥集,12960,38,三旬加入载，竟然西归也。
亥集,12961,42,妻死之年，不幸之悲伤。
亥集,12962,38,平安叶吉，一生太平。
亥集,12963,39,摆脱牢狱，获得自由。
亥集,12964,45，46,进徒之喜。
亥集,12965,73，74,遇考之年，定必标名。
亥集,12966,,再嫁丁亥夫，数中注定。
亥集,12967,,卜卦之时，未有儿女。
亥集,12968,,贵人相扶，化险为夷。
亥集,12969,49,夫死之年，大不幸也。
亥集,12970,,此刻生人，一生孤寡。
亥集,12971,43，44,困于蒺藜，不见其妻。
亥集,12972,39,行藏集福，坤入之幸。
亥集,12973,,亲疏不分，痛苦乱伦。
亥集,12974,47，48,进徒之喜。
亥集,12975,,与弟有染，数中注定。
亥集,12976,,重嫁己亥夫，方免刑夫。
亥集,12977,69，70,老景得安康，不料中馈亡。
亥集,12978,1,童运未坚，寒热多沾。
亥集,12979,50,夫死之年，老来之悲。
亥集,12980,,命中无儿，不必强求子。
亥集,12981,45,妻死之年，人生不幸。
亥集,12982,40,家室安泰，其乐融融。
亥集,12983,23，24,独木桥头休跨马，千层浪里莫行舟。
亥集,12984,49，50,进徒之喜。
亥集,12985,3，4,舟中重重险，扬子江头苦叫天。
亥集,12986,,再配辛亥夫，数中注定。
亥集,12987,69，70,信是栽培阴骘好，雨滋花萼得荣华。
亥集,12988,83，84,苏小妹前休纵酒，谢公城内莫内游。
亥集,12989,51,夫死之年，人生不幸。
亥集,12990,,命中无女，数中注定。
亥集,12991,46,妻死之年，人生不幸。
亥集,12992,41,享平安福，乐大有年。
亥集,12993,1,一周二岁生荆棘，西风吹动子猷舟。
亥集,12994,51，52,进徒之喜。
亥集,12995,65，66,花开正苑香犹扑，笋长名园苗更长。
亥集,12996,,再嫁癸亥夫，姻缘注定。
亥集,12997,65，66,克己从人防得失，安心谨慎获行藏。
亥集,12998,63，64,运交胜从前，积玉堆金广置田。
亥集,12999,52,夫死之年，人生不幸。
亥集,13000,,万象更新，周而复始。
